id,item_group_id,title,description,link,image_link,price,availability,condition,google_product_category,product_type,additional_image_link,sale_price,brand,gender,age_group,size,size_type,shipping,custom_label_0,adwords_redirect
"6a8ffc51833fc026d41e2f66","6a8ffc51833fc026d41e2f66","I Will Always Love You Dolly Parton Love You Tribute for Concert Nights, Country Music Fans, T-Shirt","2D Unisex Dolly Parton tribute featuring the heartfelt “I Will Always Love You” message, her recognizable portrait, and romantic country-inspired accents. A memorable choice for concert nights, music collections, birthdays, and fans of classic Nashville style. Bold lettering and vivid color make the tribute easy to appreciate. One shirt, three ways to wear it. Choose the classic unisex crew, a semi-fitted women's cut, or garment-dyed Comfort Colors fabric — same custom print, three distinct fits and color stories. Product Details: • Classic Unisex (Gildan 5000): 5.3 oz/yd² cotton/poly blend, crew neckline, taped neck and shoulders, double-needle sleeves. Sizes S-5XL. • Women's Fit (Gildan 5000L): 5.3 oz/yd² cotton/poly blend, semi-fitted side-seamed body with cap sleeves, taped neck and shoulder. Sizes S-3XL. • Comfort Colors (1717): 6.1 oz/yd² 100% Ring Spun US cotton, relaxed fit, topstitched rib collar, signature twill label. Sizes S-4XL. • Printing technology: DTF/DTG Printing. Available Colors: • Classic Unisex: Black, White, Sport Grey, Dark Heather, Navy, Military Green. • Women's Fit: Black, White, Sport Grey, Light Pink, Heliconia, Light Blue. • Comfort Colors: Pepper, Ivory, Sandstone, Blue Jean, Sage, Chambray. Washing Instructions: • Turn garment inside out before washing • Hand wash in cold water (preferred) • Machine wash cold, gentle cycle if needed • Use mild detergent, avoid bleach and harsh chemicals • Wash dark and light colors separately Drying Instructions: • Hang to air dry, away from direct sunlight • Tumble dry low or use delicate cycle if using a dryer Ironing Instructions: • Turn inside out before ironing • Use low heat setting • Do not iron directly on the printed area Why You'll Love It: • Three fits and fabrics in one listing — pick what suits the wearer best. • Soft, breathable cotton across every style for all-day comfort. • Vivid, fade-resistant DTF/DTG prints that stay sharp wash after wash. • Curated color palette matched to each style's own fabric and dye process. • Reinforced seams and taped necklines for lasting durability.","https://hellaprints.com/i-will-always-love-you-dolly-parton-love-you-tribute-for-concert-nights-country-music-fans-t-shirt","https://d2dytk4tvgwhb4.cloudfront.net/duiyfppz/products/6a8ffc51833fc026d41e2f66/comfort-colors/pepper/geQBg4hwXa/regular.jpg","15.95 USD","in stock","new","Apparel & Accessories > Clothing > Shirts & Tops","Shirts & Tops","https://d2dytk4tvgwhb4.cloudfront.net/duiyfppz/products/6a8ffc51833fc026d41e2f66/comfort-colors/pepper/hXvLfVlkLp/regular.jpg,https://d2dytk4tvgwhb4.cloudfront.net/duiyfppz/products/6a8ffc51833fc026d41e2f66/comfort-colors/pepper/4fzrJrqwCf/regular.jpg,https://d2dytk4tvgwhb4.cloudfront.net/duiyfppz/products/6a8ffc51833fc026d41e2f66/comfort-colors/pepper/8qE-ofv3Jt/regular.jpg,https://d2dytk4tvgwhb4.cloudfront.net/duiyfppz/products/6a8ffc51833fc026d41e2f66/comfort-colors/pepper/pzWFi23BMX/regular.jpg,https://d2dytk4tvgwhb4.cloudfront.net/duiyfppz/products/6a8ffc51833fc026d41e2f66/comfort-colors/pepper/46tb5RLX1-/regular.jpg,https://d2dytk4tvgwhb4.cloudfront.net/duiyfppz/products/6a8ffc51833fc026d41e2f66/comfort-colors/pepper/uxQ8IABskF/regular.jpg","","HellaPrints","","","","","","harvester","https://hellaprints.com/i-will-always-love-you-dolly-parton-love-you-tribute-for-concert-nights-country-music-fans-t-shirt?utm_source=pinterest&utm_medium=cpc&utm_campaign=pinterest_shopping"
"6a8e905f62d92c50f7c90917","6a8e905f62d92c50f7c90917","Handcrafted Snowman Stained Glass Window Decor for Christmas Home and Holiday Displays Stained Glass Suncatcher","Suncatcher features a cheerful snowman in vibrant leaded stained glass, framed by icy snowflakes and gem-like winter accents. Bold black came lines and luminous opal, aqua, cobalt, teal, amber, ruby, and violet tones create a radiant Tiffany-style glow. Its square, edge-to-edge mosaic brings festive charm to a bright holiday window display. Bring vibrant color and dazzling light into your home with our beautifully crafted Stained Glass Suncatcher. Designed to captivate and built to last, this eye-catching, elegant piece will elevate any room and add a unique focal point to any interior. • Material: High-grade 0.5-cm thick glass with a unique texture for clarity and long-lasting durability. • Design: Combination of textured and smooth surfaces on both sides creates a mesmerizing interplay of light and color. • Prints: Vibrant, long-lasting prints protected by a special matte coating to resist fading from sunlight. • Durability: Reinforced zinc strips around the glass for extra strength and protection against impact. • Installation: Includes integrated hooks, a sleek black metal chain, and a suction cup for easy placement. • Sizes: Available in 3.5 inches, 4 inches, 6 inches, 7.8 inches, 9.8 inches, and 11.8 inches to suit any space. • Care: Easy-to-clean surface that stays looking fresh over time. • Packaging: Safe and secure foam packaging to ensure it arrives in pristine condition. Why You'll Love It: • Radiant color and light: lets sunlight pass through to create vivid, captivating color effects in any room. • Premium glass construction: made from high-grade 0.5-cm textured glass for clarity, strength, and a refined appearance. • Long-lasting prints: vibrant, fade-resistant prints protected by a matte coating to maintain their beauty over time. • Reinforced durability: zinc-edged framing adds extra protection against impact and improves overall longevity. • Easy installation: includes integrated hooks, a sleek black metal chain, and a suction cup for quick, flexible placement. • Thoughtful gift option: an elegant and artistic present suitable for birthdays, holidays, and special occasions. • Low-maintenance care: smooth, easy-to-clean surface that stays looking fresh with minimal effort. Care Instructions: • Avoid prolonged exposure to water and high temperatures.","https://hellaprints.com/handcrafted-snowman-stained-glass-window-decor-for-christmas-home-and-holiday-displays-stained-glass-suncatcher-9","https://d2dytk4tvgwhb4.cloudfront.net/duiyfppz/products/6a8e905f62d92c50f7c90917/gallery/ecAKO64lrj/regular.jpg","24.95 USD","in stock","new","Home & Garden > Decor > Home Decor Accents > Suncatchers","Suncatchers","https://d2dytk4tvgwhb4.cloudfront.net/duiyfppz/products/6a8e905f62d92c50f7c90917/gallery/5sLQG2hAui/regular.jpg,https://d2dytk4tvgwhb4.cloudfront.net/duiyfppz/products/6a8e905f62d92c50f7c90917/gallery/hcvhJqWK0d/regular.jpg,https://d2dytk4tvgwhb4.cloudfront.net/duiyfppz/products/6a8e905f62d92c50f7c90917/gallery/Tv_kHKXV-Y/regular.jpg,https://d2dytk4tvgwhb4.cloudfront.net/duiyfppz/products/6a8e905f62d92c50f7c90917/gallery/ZEiqUgivaz/regular.jpg","","HellaPrints","","","","","","harvester","https://hellaprints.com/handcrafted-snowman-stained-glass-window-decor-for-christmas-home-and-holiday-displays-stained-glass-suncatcher-9?utm_source=pinterest&utm_medium=cpc&utm_campaign=pinterest_shopping"
"6a8e72fd21aaad7dd9a5f419","6a8e72fd21aaad7dd9a5f419","Forget Me Not Sympathy Memorial Hanging Gift for Loss Comfort and Home Decor Keepsake Stained Glass Suncatcher","Suncatcher features a leaded stained-glass cascade of forget-me-not blossoms in rich blue jewel tones with warm golden centers. Dense floral strands flow from the top edge over a soft opalescent pearl field, while an irregular mosaic border fills every corner for a full-bleed look. The serene, hopeful mood makes it a thoughtful memorial gift for loss, miscarriage, or sympathy remembrance. Bring vibrant color and dazzling light into your home with our beautifully crafted Stained Glass Suncatcher. Designed to captivate and built to last, this eye-catching, elegant piece will elevate any room and add a unique focal point to any interior. • Material: High-grade 0.5-cm thick glass with a unique texture for clarity and long-lasting durability. • Design: Combination of textured and smooth surfaces on both sides creates a mesmerizing interplay of light and color. • Prints: Vibrant, long-lasting prints protected by a special matte coating to resist fading from sunlight. • Durability: Reinforced zinc strips around the glass for extra strength and protection against impact. • Installation: Includes integrated hooks, a sleek black metal chain, and a suction cup for easy placement. • Sizes: Available in 3.5 inches, 4 inches, 6 inches, 7.8 inches, 9.8 inches, and 11.8 inches to suit any space. • Care: Easy-to-clean surface that stays looking fresh over time. • Packaging: Safe and secure foam packaging to ensure it arrives in pristine condition. Why You'll Love It: • Radiant color and light: lets sunlight pass through to create vivid, captivating color effects in any room. • Premium glass construction: made from high-grade 0.5-cm textured glass for clarity, strength, and a refined appearance. • Long-lasting prints: vibrant, fade-resistant prints protected by a matte coating to maintain their beauty over time. • Reinforced durability: zinc-edged framing adds extra protection against impact and improves overall longevity. • Easy installation: includes integrated hooks, a sleek black metal chain, and a suction cup for quick, flexible placement. • Thoughtful gift option: an elegant and artistic present suitable for birthdays, holidays, and special occasions. • Low-maintenance care: smooth, easy-to-clean surface that stays looking fresh with minimal effort. Care Instructions: • Avoid prolonged exposure to water and high temperatures.","https://hellaprints.com/forget-me-not-sympathy-memorial-hanging-gift-for-loss-comfort-and-home-decor-keepsake-stained-glass-suncatcher-7","https://d2dytk4tvgwhb4.cloudfront.net/duiyfppz/products/6a8e72fd21aaad7dd9a5f419/gallery/BTE3j3ondZ/regular.jpg","24.95 USD","in stock","new","Home & Garden > Decor > Home Decor Accents > Suncatchers","Suncatchers","https://d2dytk4tvgwhb4.cloudfront.net/duiyfppz/products/6a8e72fd21aaad7dd9a5f419/gallery/wDehbkNj3-/regular.jpg,https://d2dytk4tvgwhb4.cloudfront.net/duiyfppz/products/6a8e72fd21aaad7dd9a5f419/gallery/iQC_Q_CoDS/regular.jpg,https://d2dytk4tvgwhb4.cloudfront.net/duiyfppz/products/6a8e72fd21aaad7dd9a5f419/gallery/IiF40bKjks/regular.jpg,https://d2dytk4tvgwhb4.cloudfront.net/duiyfppz/products/6a8e72fd21aaad7dd9a5f419/gallery/0Z3qjgjOCI/regular.jpg","","HellaPrints","","","","","","harvester","https://hellaprints.com/forget-me-not-sympathy-memorial-hanging-gift-for-loss-comfort-and-home-decor-keepsake-stained-glass-suncatcher-7?utm_source=pinterest&utm_medium=cpc&utm_campaign=pinterest_shopping"
"6a8e4bc362d92c5386c43d97","6a8e4bc362d92c5386c43d97","Vintage Hot Air Balloons And Clouds For Spring Travel Lovers And Relaxed Weekend Lounging Satin Pajamas Set","Pajamas featuring vintage hot-air balloons in coral, powder blue, lavender, and buttery gold drifting among soft watercolor clouds. Delicate birds, tiny pennants, and hand-drawn details create a calm springtime mood. A charming choice for cozy mornings, restful evenings, and travel-inspired gifting. Indulge in comfort and effortless elegance for the whole family with our All-Over Print Satin Pajamas Collection. Crafted for silky softness and a sleek, modern look, these sets are perfect for peaceful nights and relaxed mornings. Available Styles: • Satin Pajamas Set: Classic long-sleeve button-up shirt and full-length pants for ultimate comfort. • Satin Short-Sleeve Pajamas Set: Perfect for warmer nights with a short-sleeve button-up and matching shorts. • Kid Satin Pajamas Set: Soft and cozy long-sleeve sets specially designed for the little ones. Product Details: • 100% polyester satin for a smooth, lightweight, and breathable feel • Classic button-up shirt silhouette with polished finish • Elastic waistband with adjustable drawstring for a flexible, comfortable fit • Delicate piping along the collar, cuffs, and hems for an elevated, refined finish • No chest pockets for a clean, streamlined look Why You'll Love It: • 🎄 Silky-smooth satin feels soft and gentle on your skin • 🎄 Custom all-over print to showcase your unique style • 🎄 Relaxed, comfortable fit designed for all-night wear • 🎄 Elegant piping details for a refined, premium look • 🎄 A perfect gift for birthdays, holidays, or special occasions for the whole family Care Instructions: • Wash inside out • Machine wash cold with like colors using gentle cycle • Use only non-chlorine bleach when needed • Tumble dry low • Cool iron if needed","https://hellaprints.com/vintage-hot-air-balloons-and-clouds-for-spring-travel-lovers-and-relaxed-weekend-lounging-satin-pajamas-set","https://d2dytk4tvgwhb4.cloudfront.net/duiyfppz/products/6a8e4bc362d92c5386c43d97/long-set/BRIeIs_0ob/regular.jpg","30.95 USD","in stock","new","","","https://d2dytk4tvgwhb4.cloudfront.net/duiyfppz/products/6a8e4bc362d92c5386c43d97/long-set/lpWqyKdKl_/regular.jpg,https://d2dytk4tvgwhb4.cloudfront.net/duiyfppz/products/6a8e4bc362d92c5386c43d97/long-set/kCGJ31ZiKv/regular.jpg,https://d2dytk4tvgwhb4.cloudfront.net/duiyfppz/products/6a8e4bc362d92c5386c43d97/long-set/XmXC-RAXDX/regular.jpg,https://d2dytk4tvgwhb4.cloudfront.net/duiyfppz/products/6a8e4bc362d92c5386c43d97/long-set/SNAIYaUVPf/regular.jpg","","HellaPrints","","","","","","harvester","https://hellaprints.com/vintage-hot-air-balloons-and-clouds-for-spring-travel-lovers-and-relaxed-weekend-lounging-satin-pajamas-set?utm_source=pinterest&utm_medium=cpc&utm_campaign=pinterest_shopping"
"6a86df0ce9fdf7329001b6ee","6a86df0ce9fdf7329001b6ee","Autumn Harvest Pumpkin Stained Glass Window Accent For Fall Kitchen And Home Decor Stained Glass Suncatcher","Suncatcher captures an autumn harvest scene with ivory pumpkins, cobalt vines, orange chrysanthemums, and amber leaves in luminous stained glass. Bold lead came lines and Tiffany-style segments create a balanced square composition with rich color and seedy textures. HAPPY FALL is integrated along the lower center for a warm seasonal display. Bring vibrant color and dazzling light into your home with our beautifully crafted Stained Glass Suncatcher. Designed to captivate and built to last, this eye-catching, elegant piece will elevate any room and add a unique focal point to any interior. • Material: High-grade 0.5-cm thick glass with a unique texture for clarity and long-lasting durability. • Design: Combination of textured and smooth surfaces on both sides creates a mesmerizing interplay of light and color. • Prints: Vibrant, long-lasting prints protected by a special matte coating to resist fading from sunlight. • Durability: Reinforced zinc strips around the glass for extra strength and protection against impact. • Installation: Includes integrated hooks, a sleek black metal chain, and a suction cup for easy placement. • Sizes: Available in 3.5 inches, 4 inches, 6 inches, 7.8 inches, 9.8 inches, and 11.8 inches to suit any space. • Care: Easy-to-clean surface that stays looking fresh over time. • Packaging: Safe and secure foam packaging to ensure it arrives in pristine condition. Why You'll Love It: • Radiant color and light: lets sunlight pass through to create vivid, captivating color effects in any room. • Premium glass construction: made from high-grade 0.5-cm textured glass for clarity, strength, and a refined appearance. • Long-lasting prints: vibrant, fade-resistant prints protected by a matte coating to maintain their beauty over time. • Reinforced durability: zinc-edged framing adds extra protection against impact and improves overall longevity. • Easy installation: includes integrated hooks, a sleek black metal chain, and a suction cup for quick, flexible placement. • Thoughtful gift option: an elegant and artistic present suitable for birthdays, holidays, and special occasions. • Low-maintenance care: smooth, easy-to-clean surface that stays looking fresh with minimal effort. Care Instructions: • Avoid prolonged exposure to water and high temperatures.","https://hellaprints.com/autumn-harvest-pumpkin-stained-glass-window-accent-for-fall-kitchen-and-home-decor-stained-glass-suncatcher","https://d2dytk4tvgwhb4.cloudfront.net/duiyfppz/products/6a86df0ce9fdf7329001b6ee/gallery/bUhCBRHii9/regular.jpg","24.95 USD","in stock","new","Home & Garden > Decor > Home Decor Accents > Suncatchers","Suncatchers","https://d2dytk4tvgwhb4.cloudfront.net/duiyfppz/products/6a86df0ce9fdf7329001b6ee/gallery/oDc8aM4N8A/regular.jpg,https://d2dytk4tvgwhb4.cloudfront.net/duiyfppz/products/6a86df0ce9fdf7329001b6ee/gallery/EkaVyi9xE7/regular.jpg,https://d2dytk4tvgwhb4.cloudfront.net/duiyfppz/products/6a86df0ce9fdf7329001b6ee/gallery/-Axk00Xb8h/regular.jpg,https://d2dytk4tvgwhb4.cloudfront.net/duiyfppz/products/6a86df0ce9fdf7329001b6ee/gallery/0EE8usNSqN/regular.jpg","","HellaPrints","","","","","","harvester","https://hellaprints.com/autumn-harvest-pumpkin-stained-glass-window-accent-for-fall-kitchen-and-home-decor-stained-glass-suncatcher?utm_source=pinterest&utm_medium=cpc&utm_campaign=pinterest_shopping"
"6a86c239e9fdf7850900da1d","6a86c239e9fdf7850900da1d","Highland Cow And Cactus Western Night Lounge Set For Cozy Evenings Gift For Women Satin Pajamas Set","Pajamas feature shaggy Highland cattle, desert cacti, crescent moons, and stars on a deep charcoal ground. Warm cinnamon cows and muted green cactus motifs create a cozy Southwestern nighttime feel. A relaxed choice for lounging, bedtime, travel, or gifting to Western-style lovers. Indulge in comfort and effortless elegance for the whole family with our All-Over Print Satin Pajamas Collection. Crafted for silky softness and a sleek, modern look, these sets are perfect for peaceful nights and relaxed mornings. Available Styles: • Satin Pajamas Set: Classic long-sleeve button-up shirt and full-length pants for ultimate comfort. • Satin Short-Sleeve Pajamas Set: Perfect for warmer nights with a short-sleeve button-up and matching shorts. • Kid Satin Pajamas Set: Soft and cozy long-sleeve sets specially designed for the little ones. Product Details: • 100% polyester satin for a smooth, lightweight, and breathable feel • Classic button-up shirt silhouette with polished finish • Elastic waistband with adjustable drawstring for a flexible, comfortable fit • Delicate piping along the collar, cuffs, and hems for an elevated, refined finish • No chest pockets for a clean, streamlined look Why You'll Love It: • 🎄 Silky-smooth satin feels soft and gentle on your skin • 🎄 Custom all-over print to showcase your unique style • 🎄 Relaxed, comfortable fit designed for all-night wear • 🎄 Elegant piping details for a refined, premium look • 🎄 A perfect gift for birthdays, holidays, or special occasions for the whole family Care Instructions: • Wash inside out • Machine wash cold with like colors using gentle cycle • Use only non-chlorine bleach when needed • Tumble dry low • Cool iron if needed","https://hellaprints.com/highland-cow-and-cactus-western-night-lounge-set-for-cozy-evenings-gift-for-women-satin-pajamas-set","https://d2dytk4tvgwhb4.cloudfront.net/duiyfppz/products/6a86c239e9fdf7850900da1d/long-set/4HoI6qe-7W/regular.jpg","30.95 USD","in stock","new","","","https://d2dytk4tvgwhb4.cloudfront.net/duiyfppz/products/6a86c239e9fdf7850900da1d/long-set/Ih4DLGMmJP/regular.jpg,https://d2dytk4tvgwhb4.cloudfront.net/duiyfppz/products/6a86c239e9fdf7850900da1d/long-set/8IU83rToQi/regular.jpg,https://d2dytk4tvgwhb4.cloudfront.net/duiyfppz/products/6a86c239e9fdf7850900da1d/long-set/LtPZy258Pg/regular.jpg,https://d2dytk4tvgwhb4.cloudfront.net/duiyfppz/products/6a86c239e9fdf7850900da1d/long-set/m8Iizv53sq/regular.jpg","","HellaPrints","","","","","","harvester","https://hellaprints.com/highland-cow-and-cactus-western-night-lounge-set-for-cozy-evenings-gift-for-women-satin-pajamas-set?utm_source=pinterest&utm_medium=cpc&utm_campaign=pinterest_shopping"
"6a866d76611cd23bec3a96d9","6a866d76611cd23bec3a96d9","Black Cat Peeking Through Pumpkins for Autumn Porch Harvest Welcome Home Decor Charm Garden Flag","Garden Flag features a dense autumn harvest scene with a black cat peeking from behind layered pumpkins. The warm rustic palette, hand-drawn contour lines, and subtle distressed texture create a cozy folk-art feel. A burlap-textured lower band frames the centered welcome message for an inviting seasonal display. This garden flag can be a beautiful addition to your front yard, patios, and garden area. Product Details: • Material: 100% Polyester fabric – Durable, weather-resistant & UV/fade-resistant fabric that is suitable to use outdoors. • Double-side printing, suitable to display in an open space. • Durable and sturdy construction with two layers of fabric. • Easy installation with open-ended pole sleeve. • Size: 12x18 inches (30.48 cm x 45.72 cm), 28x40 inches (71.1x101.6 cm). • Pole Sleeve Width: Approx 3.75 cm (1.5 inches). It can fit a flag pole with a maximum diameter of 2.4 cm (approx. 0.9 inch). Why You'll Love It: • Personalized double-side printing – your design looks great from every angle. • UV & fade-resistant fabric keeps colors vibrant through sun, rain, and wind. • Two-layer construction for extra durability and a premium feel. • Easy to install – just slide onto any standard garden flag pole. • A thoughtful, one-of-a-kind gift for gardening lovers, homeowners, and anyone who takes pride in their outdoor space. Care Instructions: • Better wash by hand with cold water.","https://hellaprints.com/black-cat-peeking-through-pumpkins-for-autumn-porch-harvest-welcome-home-decor-charm-garden-flag","https://d2dytk4tvgwhb4.cloudfront.net/duiyfppz/products/6a866d76611cd23bec3a96d9/gallery/W-sVR0MJHH/regular.jpg","27.95 USD","in stock","new","Home & Garden > Lawn & Garden > Outdoor Living > Garden Flags","Garden Flags","https://d2dytk4tvgwhb4.cloudfront.net/duiyfppz/products/6a866d76611cd23bec3a96d9/gallery/Jgjw3PXVt2/regular.jpg,https://d2dytk4tvgwhb4.cloudfront.net/duiyfppz/products/6a866d76611cd23bec3a96d9/gallery/Ed-URzTPJz/regular.jpg,https://d2dytk4tvgwhb4.cloudfront.net/duiyfppz/products/6a866d76611cd23bec3a96d9/gallery/fyY6bVVirT/regular.jpg,https://d2dytk4tvgwhb4.cloudfront.net/duiyfppz/products/6a866d76611cd23bec3a96d9/gallery/ihQWmw3VcM/regular.jpg","","HellaPrints","","","","","","harvester","https://hellaprints.com/black-cat-peeking-through-pumpkins-for-autumn-porch-harvest-welcome-home-decor-charm-garden-flag?utm_source=pinterest&utm_medium=cpc&utm_campaign=pinterest_shopping"
"6a859bc36f56934709672a99","6a859bc36f56934709672a99","Moonlit Owl And Serene Moon Face Twilight Yard Accent For Nature Lovers Garden Flag","Garden Flag features a serene moon face above a vivid owl for a calm twilight look. Soft teal, mint, rose, and lavender tones create a moody glow, while dark branches frame the scene with bold contrast. A striking accent for porches, paths, and nature-inspired homes. This garden flag can be a beautiful addition to your front yard, patios, and garden area. Product Details: • Material: 100% Polyester fabric – Durable, weather-resistant & UV/fade-resistant fabric that is suitable to use outdoors. • Double-side printing, suitable to display in an open space. • Durable and sturdy construction with two layers of fabric. • Easy installation with open-ended pole sleeve. • Size: 12x18 inches (30.48 cm x 45.72 cm), 28x40 inches (71.1x101.6 cm). • Pole Sleeve Width: Approx 3.75 cm (1.5 inches). It can fit a flag pole with a maximum diameter of 2.4 cm (approx. 0.9 inch). Why You'll Love It: • Personalized double-side printing – your design looks great from every angle. • UV & fade-resistant fabric keeps colors vibrant through sun, rain, and wind. • Two-layer construction for extra durability and a premium feel. • Easy to install – just slide onto any standard garden flag pole. • A thoughtful, one-of-a-kind gift for gardening lovers, homeowners, and anyone who takes pride in their outdoor space. Care Instructions: • Better wash by hand with cold water.","https://hellaprints.com/moonlit-owl-and-serene-moon-face-twilight-yard-accent-for-nature-lovers-garden-flag","https://d2dytk4tvgwhb4.cloudfront.net/duiyfppz/products/6a859bc36f56934709672a99/gallery/3SnOHWxzke/regular.jpg","27.95 USD","in stock","new","Home & Garden > Lawn & Garden > Outdoor Living > Garden Flags","Garden Flags","https://d2dytk4tvgwhb4.cloudfront.net/duiyfppz/products/6a859bc36f56934709672a99/gallery/FgzbsOCFiX/regular.jpg,https://d2dytk4tvgwhb4.cloudfront.net/duiyfppz/products/6a859bc36f56934709672a99/gallery/ETk0dUQr50/regular.jpg,https://d2dytk4tvgwhb4.cloudfront.net/duiyfppz/products/6a859bc36f56934709672a99/gallery/M42G9XS3xn/regular.jpg,https://d2dytk4tvgwhb4.cloudfront.net/duiyfppz/products/6a859bc36f56934709672a99/gallery/3SUwSs7S6J/regular.jpg","","HellaPrints","","","","","","harvester","https://hellaprints.com/moonlit-owl-and-serene-moon-face-twilight-yard-accent-for-nature-lovers-garden-flag?utm_source=pinterest&utm_medium=cpc&utm_campaign=pinterest_shopping"
"6a856c633ba59b24951d82c1","6a856c633ba59b24951d82c1","Autumn Lantern, Bird And Pumpkins For Fall Porch Decor And Cozy Farmhouse Home Accents Garden Flag","Garden Flag brings a warm antique autumn feel to porches and yards with a glowing lantern, songbird, pumpkins, and rich foliage. The centered ""Welcome Fall"" message reads clearly in cream script for a timeless seasonal look. Deep mossy tones and golden highlights create a cozy accent for farmhouse spaces and front-door styling. This garden flag can be a beautiful addition to your front yard, patios, and garden area. Product Details: • Material: 100% Polyester fabric – Durable, weather-resistant & UV/fade-resistant fabric that is suitable to use outdoors. • Double-side printing, suitable to display in an open space. • Durable and sturdy construction with two layers of fabric. • Easy installation with open-ended pole sleeve. • Size: 12x18 inches (30.48 cm x 45.72 cm), 28x40 inches (71.1x101.6 cm). • Pole Sleeve Width: Approx 3.75 cm (1.5 inches). It can fit a flag pole with a maximum diameter of 2.4 cm (approx. 0.9 inch). Why You'll Love It: • Personalized double-side printing – your design looks great from every angle. • UV & fade-resistant fabric keeps colors vibrant through sun, rain, and wind. • Two-layer construction for extra durability and a premium feel. • Easy to install – just slide onto any standard garden flag pole. • A thoughtful, one-of-a-kind gift for gardening lovers, homeowners, and anyone who takes pride in their outdoor space. Care Instructions: • Better wash by hand with cold water.","https://hellaprints.com/autumn-lantern-bird-and-pumpkins-for-fall-porch-decor-and-cozy-farmhouse-home-accents-garden-flag","https://d2dytk4tvgwhb4.cloudfront.net/duiyfppz/products/6a856c633ba59b24951d82c1/gallery/TkiGgPL5Tv/regular.jpg","27.95 USD","in stock","new","Home & Garden > Lawn & Garden > Outdoor Living > Garden Flags","Garden Flags","https://d2dytk4tvgwhb4.cloudfront.net/duiyfppz/products/6a856c633ba59b24951d82c1/gallery/oDxKlfcXRt/regular.jpg,https://d2dytk4tvgwhb4.cloudfront.net/duiyfppz/products/6a856c633ba59b24951d82c1/gallery/p3gACyshFi/regular.jpg,https://d2dytk4tvgwhb4.cloudfront.net/duiyfppz/products/6a856c633ba59b24951d82c1/gallery/BL_mLkFJIG/regular.jpg,https://d2dytk4tvgwhb4.cloudfront.net/duiyfppz/products/6a856c633ba59b24951d82c1/gallery/VxrwEf3GT7/regular.jpg","","HellaPrints","","","","","","harvester","https://hellaprints.com/autumn-lantern-bird-and-pumpkins-for-fall-porch-decor-and-cozy-farmhouse-home-accents-garden-flag?utm_source=pinterest&utm_medium=cpc&utm_campaign=pinterest_shopping"
"6a7aacd465fe88f64d2b9ff8","6a7aacd465fe88f64d2b9ff8","Warp Speed Star Streaks For Sci-Fi Festivals, Gaming Nights And Space Enthusiasts Men's Polo Shirt","Polo Shirt featuring high-contrast star streaks racing from a central vanishing point across deep black space. Crisp ivory, icy blue, and cyan lines create a retro-futurist light-speed look. A bold choice for sci-fi festivals, gaming nights, conventions, and everyday cosmic style. Classy yet very comfortable to wear – That's what Polo Shirt can bring to you. Made from Bird-eye pique fabric, this polo shirt is perfect to keep you cool and dry all day. Product Details: • Material: Bird-eye pique fabric with 3-5% Spandex – Lightweight, breathable, moisture-wicking, stretchable quick-drying fabric that is comfortable to wear as a casual or activewear outfit. • Regular fit allows you to move freely and conveniently. • Pull-on closure with 3-button placket – Classic Polo style yet comfortable to put on and take off. • Double-stitch hems for durability. • Sublimation printing creates vibrant and clear prints on the fabric which won't come off. • Wide range of sizes: S to 5XL – Suitable for different body types. Why You'll Love It: • Versatile style – Works for both professional events and casual outings • All-day comfort – Breathable fabric keeps you cool and dry • Vibrant, lasting prints – Won't fade, crack, or peel after washing • Built to last – Double-stitch hems for durability • Perfect fit for everyone – Wide size range from S to 5XL Care Instructions: • Wash inside out. • Machine wash cold with like colors. • Gentle cycle. • Only non-chlorine bleach when needed. • Tumble dry low. • Cool iron if needed.","https://hellaprints.com/warp-speed-star-streaks-for-sci-fi-festivals-gaming-nights-and-space-enthusiasts-mens-polo-shirt","https://d2dytk4tvgwhb4.cloudfront.net/duiyfppz/products/6a7aacd465fe88f64d2b9ff8/gallery/rSFg1y5iBa/regular.jpg","29.95 USD","in stock","new","Apparel & Accessories > Clothing > Shirts & Tops","Shirts & Tops","https://d2dytk4tvgwhb4.cloudfront.net/duiyfppz/products/6a7aacd465fe88f64d2b9ff8/gallery/c6P8rx_NCs/regular.jpg,https://d2dytk4tvgwhb4.cloudfront.net/duiyfppz/products/6a7aacd465fe88f64d2b9ff8/gallery/XlkJPadbrz/regular.jpg,https://d2dytk4tvgwhb4.cloudfront.net/duiyfppz/products/6a7aacd465fe88f64d2b9ff8/gallery/b5FhVwcD3X/regular.jpg,https://d2dytk4tvgwhb4.cloudfront.net/duiyfppz/products/6a7aacd465fe88f64d2b9ff8/gallery/O0gORq8bvn/regular.jpg,https://d2dytk4tvgwhb4.cloudfront.net/duiyfppz/products/6a7aacd465fe88f64d2b9ff8/gallery/POZtgJkbGJ/regular.jpg","","HellaPrints","","","","","","harvester","https://hellaprints.com/warp-speed-star-streaks-for-sci-fi-festivals-gaming-nights-and-space-enthusiasts-mens-polo-shirt?utm_source=pinterest&utm_medium=cpc&utm_campaign=pinterest_shopping"
"6a7aa2b1478e09828ba4b466","6a7aa2b1478e09828ba4b466","Cosmic Rocket Planets And Stars For Casual Dates And Everyday Outfit Styling Men Men's Polo Shirt","Polo Shirt featuring a midnight navy cosmic scene with rockets, planets, stars, constellations, and orbital loops. Crisp ivory, cyan, amber, sage, and terracotta details create a playful retro space look. A versatile choice for casual dates, weekend outings, and everyday styling. Classy yet very comfortable to wear – That's what Polo Shirt can bring to you. Made from Bird-eye pique fabric, this polo shirt is perfect to keep you cool and dry all day. Product Details: • Material: Bird-eye pique fabric with 3-5% Spandex – Lightweight, breathable, moisture-wicking, stretchable quick-drying fabric that is comfortable to wear as a casual or activewear outfit. • Regular fit allows you to move freely and conveniently. • Pull-on closure with 3-button placket – Classic Polo style yet comfortable to put on and take off. • Double-stitch hems for durability. • Sublimation printing creates vibrant and clear prints on the fabric which won't come off. • Wide range of sizes: S to 5XL – Suitable for different body types. Why You'll Love It: • Versatile style – Works for both professional events and casual outings • All-day comfort – Breathable fabric keeps you cool and dry • Vibrant, lasting prints – Won't fade, crack, or peel after washing • Built to last – Double-stitch hems for durability • Perfect fit for everyone – Wide size range from S to 5XL Care Instructions: • Wash inside out. • Machine wash cold with like colors. • Gentle cycle. • Only non-chlorine bleach when needed. • Tumble dry low. • Cool iron if needed.","https://hellaprints.com/cosmic-rocket-planets-and-stars-for-casual-dates-and-everyday-outfit-styling-men-mens-polo-shirt","https://d2dytk4tvgwhb4.cloudfront.net/duiyfppz/products/6a7aa2b1478e09828ba4b466/gallery/5MEY55aeCA/regular.jpg","29.95 USD","in stock","new","Apparel & Accessories > Clothing > Shirts & Tops","Shirts & Tops","https://d2dytk4tvgwhb4.cloudfront.net/duiyfppz/products/6a7aa2b1478e09828ba4b466/gallery/XXfIE4gHdE/regular.jpg,https://d2dytk4tvgwhb4.cloudfront.net/duiyfppz/products/6a7aa2b1478e09828ba4b466/gallery/pXShMCb90j/regular.jpg,https://d2dytk4tvgwhb4.cloudfront.net/duiyfppz/products/6a7aa2b1478e09828ba4b466/gallery/q6Hmy0XYLM/regular.jpg,https://d2dytk4tvgwhb4.cloudfront.net/duiyfppz/products/6a7aa2b1478e09828ba4b466/gallery/kSkmKgHZ68/regular.jpg,https://d2dytk4tvgwhb4.cloudfront.net/duiyfppz/products/6a7aa2b1478e09828ba4b466/gallery/Ckoq-TD48Y/regular.jpg","","HellaPrints","","","","","","harvester","https://hellaprints.com/cosmic-rocket-planets-and-stars-for-casual-dates-and-everyday-outfit-styling-men-mens-polo-shirt?utm_source=pinterest&utm_medium=cpc&utm_campaign=pinterest_shopping"
"6a7a9b10dd1dc742676181cd","6a7a9b10dd1dc742676181cd","Celestial Luna Moth Eyespot Cosmic Style For Festivals, Night Events, And Star Gazers Men's Polo Shirt","Polo Shirt featuring an ornate cosmic luna moth with luminous jewel-toned eyespots and celestial accents. Symmetrical wing details, stars, and orbital motifs create a bold psychedelic look for festivals, concerts, and night outings. Crisp high-contrast colors bring mystical nature style to everyday wardrobes. Classy yet very comfortable to wear – That's what Polo Shirt can bring to you. Made from Bird-eye pique fabric, this polo shirt is perfect to keep you cool and dry all day. Product Details: • Material: Bird-eye pique fabric with 3-5% Spandex – Lightweight, breathable, moisture-wicking, stretchable quick-drying fabric that is comfortable to wear as a casual or activewear outfit. • Regular fit allows you to move freely and conveniently. • Pull-on closure with 3-button placket – Classic Polo style yet comfortable to put on and take off. • Double-stitch hems for durability. • Sublimation printing creates vibrant and clear prints on the fabric which won't come off. • Wide range of sizes: S to 5XL – Suitable for different body types. Why You'll Love It: • Versatile style – Works for both professional events and casual outings • All-day comfort – Breathable fabric keeps you cool and dry • Vibrant, lasting prints – Won't fade, crack, or peel after washing • Built to last – Double-stitch hems for durability • Perfect fit for everyone – Wide size range from S to 5XL Care Instructions: • Wash inside out. • Machine wash cold with like colors. • Gentle cycle. • Only non-chlorine bleach when needed. • Tumble dry low. • Cool iron if needed.","https://hellaprints.com/celestial-luna-moth-eyespot-cosmic-style-for-festivals-night-events-and-star-gazers-mens-polo-shirt","https://d2dytk4tvgwhb4.cloudfront.net/duiyfppz/products/6a7a9b10dd1dc742676181cd/gallery/0Cf2gKXlx7/regular.jpg","29.95 USD","in stock","new","Apparel & Accessories > Clothing > Shirts & Tops","Shirts & Tops","https://d2dytk4tvgwhb4.cloudfront.net/duiyfppz/products/6a7a9b10dd1dc742676181cd/gallery/xaU0YUceMe/regular.jpg,https://d2dytk4tvgwhb4.cloudfront.net/duiyfppz/products/6a7a9b10dd1dc742676181cd/gallery/FywNL2IEZT/regular.jpg,https://d2dytk4tvgwhb4.cloudfront.net/duiyfppz/products/6a7a9b10dd1dc742676181cd/gallery/gMW5v3qtG5/regular.jpg,https://d2dytk4tvgwhb4.cloudfront.net/duiyfppz/products/6a7a9b10dd1dc742676181cd/gallery/CuMsMm4Z_P/regular.jpg,https://d2dytk4tvgwhb4.cloudfront.net/duiyfppz/products/6a7a9b10dd1dc742676181cd/gallery/GcR0epPzw4/regular.jpg","","HellaPrints","","","","","","harvester","https://hellaprints.com/celestial-luna-moth-eyespot-cosmic-style-for-festivals-night-events-and-star-gazers-mens-polo-shirt?utm_source=pinterest&utm_medium=cpc&utm_campaign=pinterest_shopping"
"6a7a97c1478e09e452a4113c","6a7a97c1478e09e452a4113c","Organic Chemistry Molecule Diagrams for Lab Days, Science Events, and Chemistry Fans Men's Polo Shirt","Polo Shirt featuring bold organic chemistry molecule diagrams in silver-white, charcoal, steel blue, and scarlet red on deep black. The all-over scientific motif suits lab days, science events, campus wear, and casual outings. A striking gift choice for chemists, students, researchers, and molecular science enthusiasts. Classy yet very comfortable to wear – That's what Polo Shirt can bring to you. Made from Bird-eye pique fabric, this polo shirt is perfect to keep you cool and dry all day. Product Details: • Material: Bird-eye pique fabric with 3-5% Spandex – Lightweight, breathable, moisture-wicking, stretchable quick-drying fabric that is comfortable to wear as a casual or activewear outfit. • Regular fit allows you to move freely and conveniently. • Pull-on closure with 3-button placket – Classic Polo style yet comfortable to put on and take off. • Double-stitch hems for durability. • Sublimation printing creates vibrant and clear prints on the fabric which won't come off. • Wide range of sizes: S to 5XL – Suitable for different body types. Why You'll Love It: • Versatile style – Works for both professional events and casual outings • All-day comfort – Breathable fabric keeps you cool and dry • Vibrant, lasting prints – Won't fade, crack, or peel after washing • Built to last – Double-stitch hems for durability • Perfect fit for everyone – Wide size range from S to 5XL Care Instructions: • Wash inside out. • Machine wash cold with like colors. • Gentle cycle. • Only non-chlorine bleach when needed. • Tumble dry low. • Cool iron if needed.","https://hellaprints.com/organic-chemistry-molecule-diagrams-for-lab-days-science-events-and-chemistry-fans-mens-polo-shirt","https://d2dytk4tvgwhb4.cloudfront.net/duiyfppz/products/6a7a97c1478e09e452a4113c/gallery/DSjIbWuCKO/regular.jpg","29.95 USD","in stock","new","Apparel & Accessories > Clothing > Shirts & Tops","Shirts & Tops","https://d2dytk4tvgwhb4.cloudfront.net/duiyfppz/products/6a7a97c1478e09e452a4113c/gallery/ivb18lY0Rd/regular.jpg,https://d2dytk4tvgwhb4.cloudfront.net/duiyfppz/products/6a7a97c1478e09e452a4113c/gallery/xwgpXPqequ/regular.jpg,https://d2dytk4tvgwhb4.cloudfront.net/duiyfppz/products/6a7a97c1478e09e452a4113c/gallery/hhaDJKdCow/regular.jpg,https://d2dytk4tvgwhb4.cloudfront.net/duiyfppz/products/6a7a97c1478e09e452a4113c/gallery/eIrYFEvzYr/regular.jpg,https://d2dytk4tvgwhb4.cloudfront.net/duiyfppz/products/6a7a97c1478e09e452a4113c/gallery/fVOlKtJ5y4/regular.jpg","","HellaPrints","","","","","","harvester","https://hellaprints.com/organic-chemistry-molecule-diagrams-for-lab-days-science-events-and-chemistry-fans-mens-polo-shirt?utm_source=pinterest&utm_medium=cpc&utm_campaign=pinterest_shopping"
"6a74945f27b66cabc33126c4","6a74945f27b66cabc33126c4","God Bless This Home Stained Glass Dove Floral Window Decor for Christian Housewarming Gifts Stained Glass Suncatcher","Suncatcher brings a devotional touch to windows, porches, gardens, and prayerful living spaces. The richly colored stained-glass style features a white dove, blooming flowers, and the uplifting God Bless This Home message. A thoughtful Christian housewarming gift for families, hosts, and faith-filled homes. Bring vibrant color and dazzling light into your home with our beautifully crafted Stained Glass Suncatcher. Designed to captivate and built to last, this eye-catching, elegant piece will elevate any room and add a unique focal point to any interior. • Material: High-grade 0.5-cm thick glass with a unique texture for clarity and long-lasting durability. • Design: Combination of textured and smooth surfaces on both sides creates a mesmerizing interplay of light and color. • Prints: Vibrant, long-lasting prints protected by a special matte coating to resist fading from sunlight. • Durability: Reinforced zinc strips around the glass for extra strength and protection against impact. • Installation: Includes integrated hooks, a sleek black metal chain, and a suction cup for easy placement. • Sizes: Available in 3.5 inches, 4 inches, 6 inches, 7.8 inches, 9.8 inches, and 11.8 inches to suit any space. • Care: Easy-to-clean surface that stays looking fresh over time. • Packaging: Safe and secure foam packaging to ensure it arrives in pristine condition. Why You'll Love It: • Radiant color and light: lets sunlight pass through to create vivid, captivating color effects in any room. • Premium glass construction: made from high-grade 0.5-cm textured glass for clarity, strength, and a refined appearance. • Long-lasting prints: vibrant, fade-resistant prints protected by a matte coating to maintain their beauty over time. • Reinforced durability: zinc-edged framing adds extra protection against impact and improves overall longevity. • Easy installation: includes integrated hooks, a sleek black metal chain, and a suction cup for quick, flexible placement. • Thoughtful gift option: an elegant and artistic present suitable for birthdays, holidays, and special occasions. • Low-maintenance care: smooth, easy-to-clean surface that stays looking fresh with minimal effort. Care Instructions: • Avoid prolonged exposure to water and high temperatures.","https://hellaprints.com/god-bless-this-home-stained-glass-dove-floral-window-decor-for-christian-housewarming-gifts-stained-glass-suncatcher","https://d2dytk4tvgwhb4.cloudfront.net/duiyfppz/products/6a74945f27b66cabc33126c4/gallery/6rbkqRaPiK/regular.jpg","24.95 USD","in stock","new","Home & Garden > Decor > Home Decor Accents > Suncatchers","Suncatchers","https://d2dytk4tvgwhb4.cloudfront.net/duiyfppz/products/6a74945f27b66cabc33126c4/gallery/NzNT4eOTsX/regular.jpg,https://d2dytk4tvgwhb4.cloudfront.net/duiyfppz/products/6a74945f27b66cabc33126c4/gallery/FCBZaBmU3u/regular.jpg,https://d2dytk4tvgwhb4.cloudfront.net/duiyfppz/products/6a74945f27b66cabc33126c4/gallery/SQdCcLDqnX/regular.jpg,https://d2dytk4tvgwhb4.cloudfront.net/duiyfppz/products/6a74945f27b66cabc33126c4/gallery/l9pat3J5uw/regular.jpg","","HellaPrints","","","","","","harvester","https://hellaprints.com/god-bless-this-home-stained-glass-dove-floral-window-decor-for-christian-housewarming-gifts-stained-glass-suncatcher?utm_source=pinterest&utm_medium=cpc&utm_campaign=pinterest_shopping"
"6a7493bb27b66c8c7b31245b","6a7493bb27b66c8c7b31245b","Red Cardinal Stained Glass Garden Window Decor for Bird Lovers and Housewarming Gifts Stained Glass Suncatcher","Suncatcher featuring a proud red cardinal perched on a curved branch amid roses, berries, and leafy garden vines. Jewel-tone ruby, amber, emerald, cobalt, and ivory glass create a vintage Tiffany-style look with crisp leaded details. A radiant accent for windows, porches, garden rooms, and bird-lover gift giving. Bring vibrant color and dazzling light into your home with our beautifully crafted Stained Glass Suncatcher. Designed to captivate and built to last, this eye-catching, elegant piece will elevate any room and add a unique focal point to any interior. • Material: High-grade 0.5-cm thick glass with a unique texture for clarity and long-lasting durability. • Design: Combination of textured and smooth surfaces on both sides creates a mesmerizing interplay of light and color. • Prints: Vibrant, long-lasting prints protected by a special matte coating to resist fading from sunlight. • Durability: Reinforced zinc strips around the glass for extra strength and protection against impact. • Installation: Includes integrated hooks, a sleek black metal chain, and a suction cup for easy placement. • Sizes: Available in 3.5 inches, 4 inches, 6 inches, 7.8 inches, 9.8 inches, and 11.8 inches to suit any space. • Care: Easy-to-clean surface that stays looking fresh over time. • Packaging: Safe and secure foam packaging to ensure it arrives in pristine condition. Why You'll Love It: • Radiant color and light: lets sunlight pass through to create vivid, captivating color effects in any room. • Premium glass construction: made from high-grade 0.5-cm textured glass for clarity, strength, and a refined appearance. • Long-lasting prints: vibrant, fade-resistant prints protected by a matte coating to maintain their beauty over time. • Reinforced durability: zinc-edged framing adds extra protection against impact and improves overall longevity. • Easy installation: includes integrated hooks, a sleek black metal chain, and a suction cup for quick, flexible placement. • Thoughtful gift option: an elegant and artistic present suitable for birthdays, holidays, and special occasions. • Low-maintenance care: smooth, easy-to-clean surface that stays looking fresh with minimal effort. Care Instructions: • Avoid prolonged exposure to water and high temperatures.","https://hellaprints.com/red-cardinal-stained-glass-garden-window-decor-for-bird-lovers-and-housewarming-gifts-stained-glass-suncatcher","https://d2dytk4tvgwhb4.cloudfront.net/duiyfppz/products/6a7493bb27b66c8c7b31245b/gallery/DwPlwBjBeN/regular.jpg","24.95 USD","in stock","new","Home & Garden > Decor > Home Decor Accents > Suncatchers","Suncatchers","https://d2dytk4tvgwhb4.cloudfront.net/duiyfppz/products/6a7493bb27b66c8c7b31245b/gallery/N9o5Kno9qC/regular.jpg,https://d2dytk4tvgwhb4.cloudfront.net/duiyfppz/products/6a7493bb27b66c8c7b31245b/gallery/L0KRT5_hvy/regular.jpg,https://d2dytk4tvgwhb4.cloudfront.net/duiyfppz/products/6a7493bb27b66c8c7b31245b/gallery/A8hcCe0dTN/regular.jpg,https://d2dytk4tvgwhb4.cloudfront.net/duiyfppz/products/6a7493bb27b66c8c7b31245b/gallery/nUUKDqb1a7/regular.jpg","","HellaPrints","","","","","","harvester","https://hellaprints.com/red-cardinal-stained-glass-garden-window-decor-for-bird-lovers-and-housewarming-gifts-stained-glass-suncatcher?utm_source=pinterest&utm_medium=cpc&utm_campaign=pinterest_shopping"
"6a7409f965c44783d56e6117","6a7409f965c44783d56e6117","Colorful Calavera Skulls And Marigolds For Día De Muertos Festival Party Outfits Men's Polo Shirt","Polo Shirt featuring lively calavera skulls, marigold flowers, crossed bones, and papel picado-inspired panels on a midnight navy ground. Bold magenta, green, orange, yellow, and violet folk motifs bring festive Día de Muertos energy to celebrations, parties, and everyday statement looks. Crisp outlined details create a vibrant seasonal style for skull and floral art fans. Classy yet very comfortable to wear – That's what Polo Shirt can bring to you. Made from Bird-eye pique fabric, this polo shirt is perfect to keep you cool and dry all day. Product Details: • Material: Bird-eye pique fabric with 3-5% Spandex – Lightweight, breathable, moisture-wicking, stretchable quick-drying fabric that is comfortable to wear as a casual or activewear outfit. • Regular fit allows you to move freely and conveniently. • Pull-on closure with 3-button placket – Classic Polo style yet comfortable to put on and take off. • Double-stitch hems for durability. • Sublimation printing creates vibrant and clear prints on the fabric which won't come off. • Wide range of sizes: S to 5XL – Suitable for different body types. Why You'll Love It: • Versatile style – Works for both professional events and casual outings • All-day comfort – Breathable fabric keeps you cool and dry • Vibrant, lasting prints – Won't fade, crack, or peel after washing • Built to last – Double-stitch hems for durability • Perfect fit for everyone – Wide size range from S to 5XL Care Instructions: • Wash inside out. • Machine wash cold with like colors. • Gentle cycle. • Only non-chlorine bleach when needed. • Tumble dry low. • Cool iron if needed.","https://hellaprints.com/colorful-calavera-skulls-and-marigolds-for-dia-de-muertos-festival-party-outfits-mens-polo-shirt","https://d2dytk4tvgwhb4.cloudfront.net/duiyfppz/products/6a7409f965c44783d56e6117/gallery/VKT_THPN7n/regular.jpg","29.95 USD","in stock","new","Apparel & Accessories > Clothing > Shirts & Tops","Shirts & Tops","https://d2dytk4tvgwhb4.cloudfront.net/duiyfppz/products/6a7409f965c44783d56e6117/gallery/APLEM8RwwE/regular.jpg,https://d2dytk4tvgwhb4.cloudfront.net/duiyfppz/products/6a7409f965c44783d56e6117/gallery/bU_Le1JcGT/regular.jpg,https://d2dytk4tvgwhb4.cloudfront.net/duiyfppz/products/6a7409f965c44783d56e6117/gallery/cEqCLnBer7/regular.jpg,https://d2dytk4tvgwhb4.cloudfront.net/duiyfppz/products/6a7409f965c44783d56e6117/gallery/OfhCqOH8Xl/regular.jpg,https://d2dytk4tvgwhb4.cloudfront.net/duiyfppz/products/6a7409f965c44783d56e6117/gallery/1CyLnonBsb/regular.jpg","","HellaPrints","","","","","","harvester","https://hellaprints.com/colorful-calavera-skulls-and-marigolds-for-dia-de-muertos-festival-party-outfits-mens-polo-shirt?utm_source=pinterest&utm_medium=cpc&utm_campaign=pinterest_shopping"
"6a74013765c44731be6e4b40","6a74013765c44731be6e4b40","Whimsical Christmas Trees, Candy Canes And Pets For Holiday Parties, Travel And Gifting Men's Polo Shirt","Polo Shirt featuring cheerful Christmas trees, candy canes, stockings, presents, and festive pet motifs on a deep teal ground. A playful all-over holiday look suits seasonal gatherings, travel, and everyday winter wear. Warm coral, mustard, cream, and pastel accents create a lively festive feel. Classy yet very comfortable to wear – That's what Polo Shirt can bring to you. Made from Bird-eye pique fabric, this polo shirt is perfect to keep you cool and dry all day. Product Details: • Material: Bird-eye pique fabric with 3-5% Spandex – Lightweight, breathable, moisture-wicking, stretchable quick-drying fabric that is comfortable to wear as a casual or activewear outfit. • Regular fit allows you to move freely and conveniently. • Pull-on closure with 3-button placket – Classic Polo style yet comfortable to put on and take off. • Double-stitch hems for durability. • Sublimation printing creates vibrant and clear prints on the fabric which won't come off. • Wide range of sizes: S to 5XL – Suitable for different body types. Why You'll Love It: • Versatile style – Works for both professional events and casual outings • All-day comfort – Breathable fabric keeps you cool and dry • Vibrant, lasting prints – Won't fade, crack, or peel after washing • Built to last – Double-stitch hems for durability • Perfect fit for everyone – Wide size range from S to 5XL Care Instructions: • Wash inside out. • Machine wash cold with like colors. • Gentle cycle. • Only non-chlorine bleach when needed. • Tumble dry low. • Cool iron if needed.","https://hellaprints.com/whimsical-christmas-trees-candy-canes-and-pets-for-holiday-parties-travel-and-gifting-mens-polo-shirt","https://d2dytk4tvgwhb4.cloudfront.net/duiyfppz/products/6a74013765c44731be6e4b40/gallery/iibUtcjB6e/regular.jpg","29.95 USD","in stock","new","Apparel & Accessories > Clothing > Shirts & Tops","Shirts & Tops","https://d2dytk4tvgwhb4.cloudfront.net/duiyfppz/products/6a74013765c44731be6e4b40/gallery/qk2AJExrPa/regular.jpg,https://d2dytk4tvgwhb4.cloudfront.net/duiyfppz/products/6a74013765c44731be6e4b40/gallery/Or89MSceGH/regular.jpg,https://d2dytk4tvgwhb4.cloudfront.net/duiyfppz/products/6a74013765c44731be6e4b40/gallery/oEeRasDZ4v/regular.jpg,https://d2dytk4tvgwhb4.cloudfront.net/duiyfppz/products/6a74013765c44731be6e4b40/gallery/5yzSYHLlkT/regular.jpg,https://d2dytk4tvgwhb4.cloudfront.net/duiyfppz/products/6a74013765c44731be6e4b40/gallery/T6ggqNjeFZ/regular.jpg","","HellaPrints","","","","","","harvester","https://hellaprints.com/whimsical-christmas-trees-candy-canes-and-pets-for-holiday-parties-travel-and-gifting-mens-polo-shirt?utm_source=pinterest&utm_medium=cpc&utm_campaign=pinterest_shopping"
"6a73fdbadc67561be456a81f","6a73fdbadc67561be456a81f","Christmas Cats Watercolor Holiday Outfit For Cat Lovers Festive Winter Gatherings Men's Polo Shirt","Polo Shirt brings cheerful Christmas cat charm to holiday parties, seasonal outings, and cozy winter gatherings. Storybook-style felines, holly, gifts, bows, and ornaments create a nostalgic festive look. A thoughtful choice for cat lovers who enjoy playful seasonal fashion. Classy yet very comfortable to wear – That's what Polo Shirt can bring to you. Made from Bird-eye pique fabric, this polo shirt is perfect to keep you cool and dry all day. Product Details: • Material: Bird-eye pique fabric with 3-5% Spandex – Lightweight, breathable, moisture-wicking, stretchable quick-drying fabric that is comfortable to wear as a casual or activewear outfit. • Regular fit allows you to move freely and conveniently. • Pull-on closure with 3-button placket – Classic Polo style yet comfortable to put on and take off. • Double-stitch hems for durability. • Sublimation printing creates vibrant and clear prints on the fabric which won't come off. • Wide range of sizes: S to 5XL – Suitable for different body types. Why You'll Love It: • Versatile style – Works for both professional events and casual outings • All-day comfort – Breathable fabric keeps you cool and dry • Vibrant, lasting prints – Won't fade, crack, or peel after washing • Built to last – Double-stitch hems for durability • Perfect fit for everyone – Wide size range from S to 5XL Care Instructions: • Wash inside out. • Machine wash cold with like colors. • Gentle cycle. • Only non-chlorine bleach when needed. • Tumble dry low. • Cool iron if needed.","https://hellaprints.com/christmas-cats-watercolor-holiday-outfit-for-cat-lovers-festive-winter-gatherings-mens-polo-shirt","https://d2dytk4tvgwhb4.cloudfront.net/duiyfppz/products/6a73fdbadc67561be456a81f/gallery/jd0ZjmF2lp/regular.jpg","29.95 USD","in stock","new","Apparel & Accessories > Clothing > Shirts & Tops","Shirts & Tops","https://d2dytk4tvgwhb4.cloudfront.net/duiyfppz/products/6a73fdbadc67561be456a81f/gallery/nqwu6MVkij/regular.jpg,https://d2dytk4tvgwhb4.cloudfront.net/duiyfppz/products/6a73fdbadc67561be456a81f/gallery/1chSGdmKIc/regular.jpg,https://d2dytk4tvgwhb4.cloudfront.net/duiyfppz/products/6a73fdbadc67561be456a81f/gallery/g-91z75tMd/regular.jpg,https://d2dytk4tvgwhb4.cloudfront.net/duiyfppz/products/6a73fdbadc67561be456a81f/gallery/-q8HWzFoFU/regular.jpg,https://d2dytk4tvgwhb4.cloudfront.net/duiyfppz/products/6a73fdbadc67561be456a81f/gallery/ScXZH5zPnb/regular.jpg","","HellaPrints","","","","","","harvester","https://hellaprints.com/christmas-cats-watercolor-holiday-outfit-for-cat-lovers-festive-winter-gatherings-mens-polo-shirt?utm_source=pinterest&utm_medium=cpc&utm_campaign=pinterest_shopping"
"6a73fb9edc6756304856a15b","6a73fb9edc6756304856a15b","Red Christmas Snowmen Holly And Snowflakes For Holiday Parties And Seasonal Gifts Men's Polo Shirt","Polo Shirt featuring crisp ivory holiday icons on a rich crimson background. Evergreen trees, snowmen, geometric snowflakes, and holly create a cheerful yet refined seasonal look. A smart choice for Christmas parties, winter gatherings, festive office events, and gift giving. Classy yet very comfortable to wear – That's what Polo Shirt can bring to you. Made from Bird-eye pique fabric, this polo shirt is perfect to keep you cool and dry all day. Product Details: • Material: Bird-eye pique fabric with 3-5% Spandex – Lightweight, breathable, moisture-wicking, stretchable quick-drying fabric that is comfortable to wear as a casual or activewear outfit. • Regular fit allows you to move freely and conveniently. • Pull-on closure with 3-button placket – Classic Polo style yet comfortable to put on and take off. • Double-stitch hems for durability. • Sublimation printing creates vibrant and clear prints on the fabric which won't come off. • Wide range of sizes: S to 5XL – Suitable for different body types. Why You'll Love It: • Versatile style – Works for both professional events and casual outings • All-day comfort – Breathable fabric keeps you cool and dry • Vibrant, lasting prints – Won't fade, crack, or peel after washing • Built to last – Double-stitch hems for durability • Perfect fit for everyone – Wide size range from S to 5XL Care Instructions: • Wash inside out. • Machine wash cold with like colors. • Gentle cycle. • Only non-chlorine bleach when needed. • Tumble dry low. • Cool iron if needed.","https://hellaprints.com/red-christmas-snowmen-holly-and-snowflakes-for-holiday-parties-and-seasonal-gifts-mens-polo-shirt","https://d2dytk4tvgwhb4.cloudfront.net/duiyfppz/products/6a73fb9edc6756304856a15b/gallery/013b7zTirN/regular.jpg","29.95 USD","in stock","new","Apparel & Accessories > Clothing > Shirts & Tops","Shirts & Tops","https://d2dytk4tvgwhb4.cloudfront.net/duiyfppz/products/6a73fb9edc6756304856a15b/gallery/JT-ph0eKpv/regular.jpg,https://d2dytk4tvgwhb4.cloudfront.net/duiyfppz/products/6a73fb9edc6756304856a15b/gallery/UORg9gRoJp/regular.jpg,https://d2dytk4tvgwhb4.cloudfront.net/duiyfppz/products/6a73fb9edc6756304856a15b/gallery/xQN_ieB1SR/regular.jpg,https://d2dytk4tvgwhb4.cloudfront.net/duiyfppz/products/6a73fb9edc6756304856a15b/gallery/_QIX77dyxE/regular.jpg,https://d2dytk4tvgwhb4.cloudfront.net/duiyfppz/products/6a73fb9edc6756304856a15b/gallery/DekHV5sCEN/regular.jpg","","HellaPrints","","","","","","harvester","https://hellaprints.com/red-christmas-snowmen-holly-and-snowflakes-for-holiday-parties-and-seasonal-gifts-mens-polo-shirt?utm_source=pinterest&utm_medium=cpc&utm_campaign=pinterest_shopping"
"6a729f6cc3497516c4fd9af6","6a729f6cc3497516c4fd9af6","Neon Phoenix Firebird Wings For Festival Nights And Bold Streetwear Style Lovers Men's Polo Shirt","Polo Shirt brings a soaring neon phoenix with flame-bright feathers against deep black. Vivid cyan, violet, gold, and crimson wings energize festival nights, concerts, and bold everyday looks. A striking choice for color-loving streetwear fans. Classy yet very comfortable to wear – That's what Polo Shirt can bring to you. Made from Bird-eye pique fabric, this polo shirt is perfect to keep you cool and dry all day. Product Details: • Material: Bird-eye pique fabric with 3-5% Spandex – Lightweight, breathable, moisture-wicking, stretchable quick-drying fabric that is comfortable to wear as a casual or activewear outfit. • Regular fit allows you to move freely and conveniently. • Pull-on closure with 3-button placket – Classic Polo style yet comfortable to put on and take off. • Double-stitch hems for durability. • Sublimation printing creates vibrant and clear prints on the fabric which won't come off. • Wide range of sizes: S to 5XL – Suitable for different body types. Why You'll Love It: • Versatile style – Works for both professional events and casual outings • All-day comfort – Breathable fabric keeps you cool and dry • Vibrant, lasting prints – Won't fade, crack, or peel after washing • Built to last – Double-stitch hems for durability • Perfect fit for everyone – Wide size range from S to 5XL Care Instructions: • Wash inside out. • Machine wash cold with like colors. • Gentle cycle. • Only non-chlorine bleach when needed. • Tumble dry low. • Cool iron if needed.","https://hellaprints.com/neon-phoenix-firebird-wings-for-festival-nights-and-bold-streetwear-style-lovers-mens-polo-shirt","https://d2dytk4tvgwhb4.cloudfront.net/duiyfppz/products/6a729f6cc3497516c4fd9af6/gallery/2FdzP5e5pj/regular.jpg","29.95 USD","in stock","new","Apparel & Accessories > Clothing > Shirts & Tops","Shirts & Tops","https://d2dytk4tvgwhb4.cloudfront.net/duiyfppz/products/6a729f6cc3497516c4fd9af6/gallery/1qAKam-dqU/regular.jpg,https://d2dytk4tvgwhb4.cloudfront.net/duiyfppz/products/6a729f6cc3497516c4fd9af6/gallery/lWwZEOzPNu/regular.jpg,https://d2dytk4tvgwhb4.cloudfront.net/duiyfppz/products/6a729f6cc3497516c4fd9af6/gallery/UumaZsnRhJ/regular.jpg,https://d2dytk4tvgwhb4.cloudfront.net/duiyfppz/products/6a729f6cc3497516c4fd9af6/gallery/gBIdLj-uJm/regular.jpg,https://d2dytk4tvgwhb4.cloudfront.net/duiyfppz/products/6a729f6cc3497516c4fd9af6/gallery/rhc6u4nciT/regular.jpg","","HellaPrints","","","","","","harvester","https://hellaprints.com/neon-phoenix-firebird-wings-for-festival-nights-and-bold-streetwear-style-lovers-mens-polo-shirt?utm_source=pinterest&utm_medium=cpc&utm_campaign=pinterest_shopping"
"6a719e10cfb86a3debac220b","6a719e10cfb86a3debac220b","Custom Dog Portrait Stained Glass Suncatcher, Personalized Pet Memorial Cat Loss Keepsake, Pet Loss Gift","Bring vibrant color and dazzling light into your home with our beautifully crafted Stained Glass Suncatcher. Designed to captivate and built to last, this eye-catching, elegant piece will elevate any room and add a unique focal point to any interior. • Material: High-grade 0.5-cm thick glass with a unique texture for clarity and long-lasting durability. • Design: Combination of textured and smooth surfaces on both sides creates a mesmerizing interplay of light and color. • Prints: Vibrant, long-lasting prints protected by a special matte coating to resist fading from sunlight. • Durability: Reinforced zinc strips around the glass for extra strength and protection against impact. • Installation: Includes integrated hooks, a sleek black metal chain, and a suction cup for easy placement. • Sizes: Available in 3.5 inches, 4 inches, 6 inches, 7.8 inches, 9.8 inches, and 11.8 inches to suit any space. • Care: Easy-to-clean surface that stays looking fresh over time. • Packaging: Safe and secure foam packaging to ensure it arrives in pristine condition. Why You'll Love It: • Radiant color and light: lets sunlight pass through to create vivid, captivating color effects in any room. • Premium glass construction: made from high-grade 0.5-cm textured glass for clarity, strength, and a refined appearance. • Long-lasting prints: vibrant, fade-resistant prints protected by a matte coating to maintain their beauty over time. • Reinforced durability: zinc-edged framing adds extra protection against impact and improves overall longevity. • Easy installation: includes integrated hooks, a sleek black metal chain, and a suction cup for quick, flexible placement. • Thoughtful gift option: an elegant and artistic present suitable for birthdays, holidays, and special occasions. • Low-maintenance care: smooth, easy-to-clean surface that stays looking fresh with minimal effort. Care Instructions: • Avoid prolonged exposure to water and high temperatures.","https://hellaprints.com/custom-dog-portrait-stained-glass-suncatcher-personalized-pet-memorial-cat-loss-keepsake-pet-loss-gift-1","https://d2dytk4tvgwhb4.cloudfront.net/duiyfppz/products/6a719e10cfb86a3debac220b/RWLzgi23Oj/regular.jpg","24.95 USD","in stock","new","Home & Garden > Decor > Home Decor Accents > Suncatchers","Suncatchers","https://d2dytk4tvgwhb4.cloudfront.net/duiyfppz/products/6a719e10cfb86a3debac220b/gallery/FIwptiHre/regular.jpg,https://d2dytk4tvgwhb4.cloudfront.net/duiyfppz/products/6a719e10cfb86a3debac220b/gallery/8YNB9MI60/regular.jpg,https://d2dytk4tvgwhb4.cloudfront.net/duiyfppz/products/6a719e10cfb86a3debac220b/gallery/t0I29BDYH/regular.jpg,https://d2dytk4tvgwhb4.cloudfront.net/duiyfppz/products/6a719e10cfb86a3debac220b/gallery/uyix1TGKn/regular.jpg","","HellaPrints","","","","","","harvester","https://hellaprints.com/custom-dog-portrait-stained-glass-suncatcher-personalized-pet-memorial-cat-loss-keepsake-pet-loss-gift-1?utm_source=pinterest&utm_medium=cpc&utm_campaign=pinterest_shopping"
"6a7168ccf1f58e239cf02604","6a7168ccf1f58e239cf02604","Nautical Sailboats Hibiscus Flowers And Ocean Waves For Summer Beach Vacation Wear Men's Polo Shirt","Polo Shirt featuring graceful sailboats, ocean-blue wave bands, soft clouds, and coral hibiscus blooms. The airy coastal scene brings vintage resort style to beach vacations, cruises, poolside gatherings, and warm-weather outings. Ivory, navy, aqua, teal, and pink create a fresh nautical look. Classy yet very comfortable to wear – That's what Polo Shirt can bring to you. Made from Bird-eye pique fabric, this polo shirt is perfect to keep you cool and dry all day. Product Details: • Material: Bird-eye pique fabric with 3-5% Spandex – Lightweight, breathable, moisture-wicking, stretchable quick-drying fabric that is comfortable to wear as a casual or activewear outfit. • Regular fit allows you to move freely and conveniently. • Pull-on closure with 3-button placket – Classic Polo style yet comfortable to put on and take off. • Double-stitch hems for durability. • Sublimation printing creates vibrant and clear prints on the fabric which won't come off. • Wide range of sizes: S to 5XL – Suitable for different body types. Why You'll Love It: • Versatile style – Works for both professional events and casual outings • All-day comfort – Breathable fabric keeps you cool and dry • Vibrant, lasting prints – Won't fade, crack, or peel after washing • Built to last – Double-stitch hems for durability • Perfect fit for everyone – Wide size range from S to 5XL Care Instructions: • Wash inside out. • Machine wash cold with like colors. • Gentle cycle. • Only non-chlorine bleach when needed. • Tumble dry low. • Cool iron if needed.","https://hellaprints.com/nautical-sailboats-hibiscus-flowers-and-ocean-waves-for-summer-beach-vacation-wear-mens-polo-shirt","https://d2dytk4tvgwhb4.cloudfront.net/duiyfppz/products/6a7168ccf1f58e239cf02604/gallery/i2OUIS9tqi/regular.jpg","29.95 USD","in stock","new","Apparel & Accessories > Clothing > Shirts & Tops","Shirts & Tops","https://d2dytk4tvgwhb4.cloudfront.net/duiyfppz/products/6a7168ccf1f58e239cf02604/gallery/hwAf5MvpsU/regular.jpg,https://d2dytk4tvgwhb4.cloudfront.net/duiyfppz/products/6a7168ccf1f58e239cf02604/gallery/515JsM3a3d/regular.jpg,https://d2dytk4tvgwhb4.cloudfront.net/duiyfppz/products/6a7168ccf1f58e239cf02604/gallery/jFdKcfdN9i/regular.jpg,https://d2dytk4tvgwhb4.cloudfront.net/duiyfppz/products/6a7168ccf1f58e239cf02604/gallery/GnhrghMG6t/regular.jpg,https://d2dytk4tvgwhb4.cloudfront.net/duiyfppz/products/6a7168ccf1f58e239cf02604/gallery/uLI9CiR2DH/regular.jpg","","HellaPrints","","","","","","harvester","https://hellaprints.com/nautical-sailboats-hibiscus-flowers-and-ocean-waves-for-summer-beach-vacation-wear-mens-polo-shirt?utm_source=pinterest&utm_medium=cpc&utm_campaign=pinterest_shopping"
"6a716501e5d3634ad334464d","6a716501e5d3634ad334464d","Day Of The Dead Panther Sugar Skull Neon Floral Festival Party Gift For Cat Lovers Men's Polo Shirt","Polo Shirt featuring a bold black panther sugar skull face with cyan, coral, pink, orange, and golden folk-art details. Playful calavera skulls, bright flowers, leafy flourishes, and dotted accents create a vivid Día de los Muertos nocturnal look. Ideal for festival outfits, parties, vacations, and cat lover celebrations. Classy yet very comfortable to wear – That's what Polo Shirt can bring to you. Made from Bird-eye pique fabric, this polo shirt is perfect to keep you cool and dry all day. Product Details: • Material: Bird-eye pique fabric with 3-5% Spandex – Lightweight, breathable, moisture-wicking, stretchable quick-drying fabric that is comfortable to wear as a casual or activewear outfit. • Regular fit allows you to move freely and conveniently. • Pull-on closure with 3-button placket – Classic Polo style yet comfortable to put on and take off. • Double-stitch hems for durability. • Sublimation printing creates vibrant and clear prints on the fabric which won't come off. • Wide range of sizes: S to 5XL – Suitable for different body types. Why You'll Love It: • Versatile style – Works for both professional events and casual outings • All-day comfort – Breathable fabric keeps you cool and dry • Vibrant, lasting prints – Won't fade, crack, or peel after washing • Built to last – Double-stitch hems for durability • Perfect fit for everyone – Wide size range from S to 5XL Care Instructions: • Wash inside out. • Machine wash cold with like colors. • Gentle cycle. • Only non-chlorine bleach when needed. • Tumble dry low. • Cool iron if needed.","https://hellaprints.com/day-of-the-dead-panther-sugar-skull-neon-floral-festival-party-gift-for-cat-lovers-mens-polo-shirt","https://d2dytk4tvgwhb4.cloudfront.net/duiyfppz/products/6a716501e5d3634ad334464d/gallery/gtSHG60XlZ/regular.jpg","29.95 USD","in stock","new","Apparel & Accessories > Clothing > Shirts & Tops","Shirts & Tops","https://d2dytk4tvgwhb4.cloudfront.net/duiyfppz/products/6a716501e5d3634ad334464d/gallery/URWX4Hcs3g/regular.jpg,https://d2dytk4tvgwhb4.cloudfront.net/duiyfppz/products/6a716501e5d3634ad334464d/gallery/vkeXe_52AJ/regular.jpg,https://d2dytk4tvgwhb4.cloudfront.net/duiyfppz/products/6a716501e5d3634ad334464d/gallery/RRkXrZXf1p/regular.jpg,https://d2dytk4tvgwhb4.cloudfront.net/duiyfppz/products/6a716501e5d3634ad334464d/gallery/OXaMTDwED7/regular.jpg,https://d2dytk4tvgwhb4.cloudfront.net/duiyfppz/products/6a716501e5d3634ad334464d/gallery/tJ5hxe_vsS/regular.jpg","","HellaPrints","","","","","","harvester","https://hellaprints.com/day-of-the-dead-panther-sugar-skull-neon-floral-festival-party-gift-for-cat-lovers-mens-polo-shirt?utm_source=pinterest&utm_medium=cpc&utm_campaign=pinterest_shopping"
"6a70390f04717d4a67a82444","6a70390f04717d4a67a82444","Colorful Jigsaw Puzzle Pieces for Everyday Casual Outings, Pride Events, and Creative-Minded Adults Men's Polo Shirt","Polo Shirt features a vibrant all-over jigsaw puzzle motif in cobalt blue, scarlet, yellow, green, cyan, orange, and navy. Bold charcoal outlines define each interlocking piece for a crisp, high-contrast look. A lively choice for casual outings, creative gatherings, festivals, and inclusive everyday style. Classy yet very comfortable to wear – That's what Polo Shirt can bring to you. Made from Bird-eye pique fabric, this polo shirt is perfect to keep you cool and dry all day. Product Details: • Material: Bird-eye pique fabric with 3-5% Spandex – Lightweight, breathable, moisture-wicking, stretchable quick-drying fabric that is comfortable to wear as a casual or activewear outfit. • Regular fit allows you to move freely and conveniently. • Pull-on closure with 3-button placket – Classic Polo style yet comfortable to put on and take off. • Double-stitch hems for durability. • Sublimation printing creates vibrant and clear prints on the fabric which won't come off. • Wide range of sizes: S to 5XL – Suitable for different body types. Why You'll Love It: • Versatile style – Works for both professional events and casual outings • All-day comfort – Breathable fabric keeps you cool and dry • Vibrant, lasting prints – Won't fade, crack, or peel after washing • Built to last – Double-stitch hems for durability • Perfect fit for everyone – Wide size range from S to 5XL Care Instructions: • Wash inside out. • Machine wash cold with like colors. • Gentle cycle. • Only non-chlorine bleach when needed. • Tumble dry low. • Cool iron if needed.","https://hellaprints.com/colorful-jigsaw-puzzle-pieces-for-everyday-casual-outings-pride-events-and-creative-minded-adults-mens-polo-shirt","https://d2dytk4tvgwhb4.cloudfront.net/duiyfppz/products/6a70390f04717d4a67a82444/gallery/zyeww7UINK/regular.jpg","29.95 USD","in stock","new","Apparel & Accessories > Clothing > Shirts & Tops","Shirts & Tops","https://d2dytk4tvgwhb4.cloudfront.net/duiyfppz/products/6a70390f04717d4a67a82444/gallery/GmHtp_zOLS/regular.jpg,https://d2dytk4tvgwhb4.cloudfront.net/duiyfppz/products/6a70390f04717d4a67a82444/gallery/XUl3MFsdGl/regular.jpg,https://d2dytk4tvgwhb4.cloudfront.net/duiyfppz/products/6a70390f04717d4a67a82444/gallery/wFN119dllI/regular.jpg,https://d2dytk4tvgwhb4.cloudfront.net/duiyfppz/products/6a70390f04717d4a67a82444/gallery/p6r5Zssmnu/regular.jpg,https://d2dytk4tvgwhb4.cloudfront.net/duiyfppz/products/6a70390f04717d4a67a82444/gallery/Br81NNoBJo/regular.jpg","","HellaPrints","","","","","","harvester","https://hellaprints.com/colorful-jigsaw-puzzle-pieces-for-everyday-casual-outings-pride-events-and-creative-minded-adults-mens-polo-shirt?utm_source=pinterest&utm_medium=cpc&utm_campaign=pinterest_shopping"
"6a7031c26a9ad5e032fe2015","6a7031c26a9ad5e032fe2015","Wine Glass And Bottle Line Art For Date Nights, Vineyard Trips, And Wine Lover Gifts Men's Polo Shirt","Polo Shirt featuring ivory wine glasses and corked bottles on a deep charcoal taupe ground. The airy linework suits date nights, tastings, vacations, and relaxed weekend plans. A refined gift choice for wine lovers who favor understated style. Classy yet very comfortable to wear – That's what Polo Shirt can bring to you. Made from Bird-eye pique fabric, this polo shirt is perfect to keep you cool and dry all day. Product Details: • Material: Bird-eye pique fabric with 3-5% Spandex – Lightweight, breathable, moisture-wicking, stretchable quick-drying fabric that is comfortable to wear as a casual or activewear outfit. • Regular fit allows you to move freely and conveniently. • Pull-on closure with 3-button placket – Classic Polo style yet comfortable to put on and take off. • Double-stitch hems for durability. • Sublimation printing creates vibrant and clear prints on the fabric which won't come off. • Wide range of sizes: S to 5XL – Suitable for different body types. Why You'll Love It: • Versatile style – Works for both professional events and casual outings • All-day comfort – Breathable fabric keeps you cool and dry • Vibrant, lasting prints – Won't fade, crack, or peel after washing • Built to last – Double-stitch hems for durability • Perfect fit for everyone – Wide size range from S to 5XL Care Instructions: • Wash inside out. • Machine wash cold with like colors. • Gentle cycle. • Only non-chlorine bleach when needed. • Tumble dry low. • Cool iron if needed.","https://hellaprints.com/wine-glass-and-bottle-line-art-for-date-nights-vineyard-trips-and-wine-lover-gifts-mens-polo-shirt","https://d2dytk4tvgwhb4.cloudfront.net/duiyfppz/products/6a7031c26a9ad5e032fe2015/gallery/J4I72xbMDc/regular.jpg","29.95 USD","in stock","new","Apparel & Accessories > Clothing > Shirts & Tops","Shirts & Tops","https://d2dytk4tvgwhb4.cloudfront.net/duiyfppz/products/6a7031c26a9ad5e032fe2015/gallery/cV5dA9NUoe/regular.jpg,https://d2dytk4tvgwhb4.cloudfront.net/duiyfppz/products/6a7031c26a9ad5e032fe2015/gallery/q5GRx1wMh4/regular.jpg,https://d2dytk4tvgwhb4.cloudfront.net/duiyfppz/products/6a7031c26a9ad5e032fe2015/gallery/sGRYynKpLq/regular.jpg,https://d2dytk4tvgwhb4.cloudfront.net/duiyfppz/products/6a7031c26a9ad5e032fe2015/gallery/Abh9lfCqw8/regular.jpg,https://d2dytk4tvgwhb4.cloudfront.net/duiyfppz/products/6a7031c26a9ad5e032fe2015/gallery/SukFSXWwFT/regular.jpg","","HellaPrints","","","","","","harvester","https://hellaprints.com/wine-glass-and-bottle-line-art-for-date-nights-vineyard-trips-and-wine-lover-gifts-mens-polo-shirt?utm_source=pinterest&utm_medium=cpc&utm_campaign=pinterest_shopping"
"6a702538bd9a98f8e48d1ce5","6a702538bd9a98f8e48d1ce5","Orange Carrot Garden Motif for Easter Brunches and Farmers Market Style Fans Everyday Men's Polo Shirt","Polo Shirt featuring cheerful orange carrots with deep green leafy tops on a warm ivory background. The clean botanical repeat brings fresh garden charm to Easter brunches, farmers market visits, and casual spring outfits. Bold flat colors and scattered carrots create an easygoing look for vegetable lovers. Classy yet very comfortable to wear – That's what Polo Shirt can bring to you. Made from Bird-eye pique fabric, this polo shirt is perfect to keep you cool and dry all day. Product Details: • Material: Bird-eye pique fabric with 3-5% Spandex – Lightweight, breathable, moisture-wicking, stretchable quick-drying fabric that is comfortable to wear as a casual or activewear outfit. • Regular fit allows you to move freely and conveniently. • Pull-on closure with 3-button placket – Classic Polo style yet comfortable to put on and take off. • Double-stitch hems for durability. • Sublimation printing creates vibrant and clear prints on the fabric which won't come off. • Wide range of sizes: S to 5XL – Suitable for different body types. Why You'll Love It: • Versatile style – Works for both professional events and casual outings • All-day comfort – Breathable fabric keeps you cool and dry • Vibrant, lasting prints – Won't fade, crack, or peel after washing • Built to last – Double-stitch hems for durability • Perfect fit for everyone – Wide size range from S to 5XL Care Instructions: • Wash inside out. • Machine wash cold with like colors. • Gentle cycle. • Only non-chlorine bleach when needed. • Tumble dry low. • Cool iron if needed.","https://hellaprints.com/orange-carrot-garden-motif-for-easter-brunches-and-farmers-market-style-fans-everyday-mens-polo-shirt","https://d2dytk4tvgwhb4.cloudfront.net/duiyfppz/products/6a702538bd9a98f8e48d1ce5/gallery/eifwtlIOYl/regular.jpg","29.95 USD","in stock","new","Apparel & Accessories > Clothing > Shirts & Tops","Shirts & Tops","https://d2dytk4tvgwhb4.cloudfront.net/duiyfppz/products/6a702538bd9a98f8e48d1ce5/gallery/JFRY-E7vCK/regular.jpg,https://d2dytk4tvgwhb4.cloudfront.net/duiyfppz/products/6a702538bd9a98f8e48d1ce5/gallery/XC_wx01pmj/regular.jpg,https://d2dytk4tvgwhb4.cloudfront.net/duiyfppz/products/6a702538bd9a98f8e48d1ce5/gallery/iJ8FxcSqcb/regular.jpg,https://d2dytk4tvgwhb4.cloudfront.net/duiyfppz/products/6a702538bd9a98f8e48d1ce5/gallery/2uJ4KmhHaf/regular.jpg,https://d2dytk4tvgwhb4.cloudfront.net/duiyfppz/products/6a702538bd9a98f8e48d1ce5/gallery/V1ie089xdE/regular.jpg","","HellaPrints","","","","","","harvester","https://hellaprints.com/orange-carrot-garden-motif-for-easter-brunches-and-farmers-market-style-fans-everyday-mens-polo-shirt?utm_source=pinterest&utm_medium=cpc&utm_campaign=pinterest_shopping"
"6a701d39e212b1ea44e818c0","6a701d39e212b1ea44e818c0","Black Peeled Banana Motif For Tropical Beach Vacations And Casual Summer Wear For Men Men's Polo Shirt","Polo Shirt featuring peeled bananas in warm yellow and cream tones across a deep black ground. The playful tropical look suits beach vacations, resort days, summer parties, and relaxed weekend outings. Crisp outlined fruit details create a bold, polished statement for casual warm-weather styling. Classy yet very comfortable to wear – That's what Polo Shirt can bring to you. Made from Bird-eye pique fabric, this polo shirt is perfect to keep you cool and dry all day. Product Details: • Material: Bird-eye pique fabric with 3-5% Spandex – Lightweight, breathable, moisture-wicking, stretchable quick-drying fabric that is comfortable to wear as a casual or activewear outfit. • Regular fit allows you to move freely and conveniently. • Pull-on closure with 3-button placket – Classic Polo style yet comfortable to put on and take off. • Double-stitch hems for durability. • Sublimation printing creates vibrant and clear prints on the fabric which won't come off. • Wide range of sizes: S to 5XL – Suitable for different body types. Why You'll Love It: • Versatile style – Works for both professional events and casual outings • All-day comfort – Breathable fabric keeps you cool and dry • Vibrant, lasting prints – Won't fade, crack, or peel after washing • Built to last – Double-stitch hems for durability • Perfect fit for everyone – Wide size range from S to 5XL Care Instructions: • Wash inside out. • Machine wash cold with like colors. • Gentle cycle. • Only non-chlorine bleach when needed. • Tumble dry low. • Cool iron if needed.","https://hellaprints.com/black-peeled-banana-motif-for-tropical-beach-vacations-and-casual-summer-wear-for-men-mens-polo-shirt","https://d2dytk4tvgwhb4.cloudfront.net/duiyfppz/products/6a701d39e212b1ea44e818c0/gallery/t6koe0wfqV/regular.jpg","29.95 USD","in stock","new","Apparel & Accessories > Clothing > Shirts & Tops","Shirts & Tops","https://d2dytk4tvgwhb4.cloudfront.net/duiyfppz/products/6a701d39e212b1ea44e818c0/gallery/Y_eNGnBSER/regular.jpg,https://d2dytk4tvgwhb4.cloudfront.net/duiyfppz/products/6a701d39e212b1ea44e818c0/gallery/U8z8zokDbl/regular.jpg,https://d2dytk4tvgwhb4.cloudfront.net/duiyfppz/products/6a701d39e212b1ea44e818c0/gallery/MImjZ8Bx-q/regular.jpg,https://d2dytk4tvgwhb4.cloudfront.net/duiyfppz/products/6a701d39e212b1ea44e818c0/gallery/LFwWJM5aej/regular.jpg,https://d2dytk4tvgwhb4.cloudfront.net/duiyfppz/products/6a701d39e212b1ea44e818c0/gallery/dgOdgIQrAG/regular.jpg","","HellaPrints","","","","","","harvester","https://hellaprints.com/black-peeled-banana-motif-for-tropical-beach-vacations-and-casual-summer-wear-for-men-mens-polo-shirt?utm_source=pinterest&utm_medium=cpc&utm_campaign=pinterest_shopping"
"6a700b206a9ad5aff3fdc22e","6a700b206a9ad5aff3fdc22e","Bald Eagle Neon Ocean Waves for Patriotic Beach Travel and Festival Weekend Wear Men's Polo Shirt","Polo Shirt showcases a powerful diving bald eagle surrounded by vivid neon ocean waves in magenta, teal, gold, and cobalt. The bold high-contrast colorwork creates an energetic coastal look for beach trips, vacations, festivals, and casual weekends. A standout gift choice for eagle lovers and patriotic style fans. Classy yet very comfortable to wear – That's what Polo Shirt can bring to you. Made from Bird-eye pique fabric, this polo shirt is perfect to keep you cool and dry all day. Product Details: • Material: Bird-eye pique fabric with 3-5% Spandex – Lightweight, breathable, moisture-wicking, stretchable quick-drying fabric that is comfortable to wear as a casual or activewear outfit. • Regular fit allows you to move freely and conveniently. • Pull-on closure with 3-button placket – Classic Polo style yet comfortable to put on and take off. • Double-stitch hems for durability. • Sublimation printing creates vibrant and clear prints on the fabric which won't come off. • Wide range of sizes: S to 5XL – Suitable for different body types. Why You'll Love It: • Versatile style – Works for both professional events and casual outings • All-day comfort – Breathable fabric keeps you cool and dry • Vibrant, lasting prints – Won't fade, crack, or peel after washing • Built to last – Double-stitch hems for durability • Perfect fit for everyone – Wide size range from S to 5XL Care Instructions: • Wash inside out. • Machine wash cold with like colors. • Gentle cycle. • Only non-chlorine bleach when needed. • Tumble dry low. • Cool iron if needed.","https://hellaprints.com/bald-eagle-neon-ocean-waves-for-patriotic-beach-travel-and-festival-weekend-wear-mens-polo-shirt","https://d2dytk4tvgwhb4.cloudfront.net/duiyfppz/products/6a700b206a9ad5aff3fdc22e/gallery/E3kMQdW4sL/regular.jpg","29.95 USD","in stock","new","Apparel & Accessories > Clothing > Shirts & Tops","Shirts & Tops","https://d2dytk4tvgwhb4.cloudfront.net/duiyfppz/products/6a700b206a9ad5aff3fdc22e/gallery/g5mn-spUKf/regular.jpg,https://d2dytk4tvgwhb4.cloudfront.net/duiyfppz/products/6a700b206a9ad5aff3fdc22e/gallery/b9u9xznW9g/regular.jpg,https://d2dytk4tvgwhb4.cloudfront.net/duiyfppz/products/6a700b206a9ad5aff3fdc22e/gallery/WIf5BBbf21/regular.jpg,https://d2dytk4tvgwhb4.cloudfront.net/duiyfppz/products/6a700b206a9ad5aff3fdc22e/gallery/bneoXGpHPO/regular.jpg,https://d2dytk4tvgwhb4.cloudfront.net/duiyfppz/products/6a700b206a9ad5aff3fdc22e/gallery/wnkbA2MId5/regular.jpg","","HellaPrints","","","","","","harvester","https://hellaprints.com/bald-eagle-neon-ocean-waves-for-patriotic-beach-travel-and-festival-weekend-wear-mens-polo-shirt?utm_source=pinterest&utm_medium=cpc&utm_campaign=pinterest_shopping"
"6a7009bfbef49a37f5e72b4d","6a7009bfbef49a37f5e72b4d","Colorful Camel And Cactus Desert Caravan For Travel, Resort Wear And Casual Outings Men's Polo Shirt","Polo Shirt brings a lively desert caravan look to warm-weather wardrobes. Cinnamon and ochre camels with woven saddle details mingle with cacti, agave, shrubs, and golden sand accents. Ideal for travel, resort days, casual outings, and relaxed date-night style. Classy yet very comfortable to wear – That's what Polo Shirt can bring to you. Made from Bird-eye pique fabric, this polo shirt is perfect to keep you cool and dry all day. Product Details: • Material: Bird-eye pique fabric with 3-5% Spandex – Lightweight, breathable, moisture-wicking, stretchable quick-drying fabric that is comfortable to wear as a casual or activewear outfit. • Regular fit allows you to move freely and conveniently. • Pull-on closure with 3-button placket – Classic Polo style yet comfortable to put on and take off. • Double-stitch hems for durability. • Sublimation printing creates vibrant and clear prints on the fabric which won't come off. • Wide range of sizes: S to 5XL – Suitable for different body types. Why You'll Love It: • Versatile style – Works for both professional events and casual outings • All-day comfort – Breathable fabric keeps you cool and dry • Vibrant, lasting prints – Won't fade, crack, or peel after washing • Built to last – Double-stitch hems for durability • Perfect fit for everyone – Wide size range from S to 5XL Care Instructions: • Wash inside out. • Machine wash cold with like colors. • Gentle cycle. • Only non-chlorine bleach when needed. • Tumble dry low. • Cool iron if needed.","https://hellaprints.com/colorful-camel-and-cactus-desert-caravan-for-travel-resort-wear-and-casual-outings-mens-polo-shirt","https://d2dytk4tvgwhb4.cloudfront.net/duiyfppz/products/6a7009bfbef49a37f5e72b4d/gallery/kQcj0z6ppp/regular.jpg","29.95 USD","in stock","new","Apparel & Accessories > Clothing > Shirts & Tops","Shirts & Tops","https://d2dytk4tvgwhb4.cloudfront.net/duiyfppz/products/6a7009bfbef49a37f5e72b4d/gallery/nhjTh5Mvjc/regular.jpg,https://d2dytk4tvgwhb4.cloudfront.net/duiyfppz/products/6a7009bfbef49a37f5e72b4d/gallery/xc5dZ7-IPk/regular.jpg,https://d2dytk4tvgwhb4.cloudfront.net/duiyfppz/products/6a7009bfbef49a37f5e72b4d/gallery/RtCI8YmyIn/regular.jpg,https://d2dytk4tvgwhb4.cloudfront.net/duiyfppz/products/6a7009bfbef49a37f5e72b4d/gallery/wOeQIAJvoK/regular.jpg,https://d2dytk4tvgwhb4.cloudfront.net/duiyfppz/products/6a7009bfbef49a37f5e72b4d/gallery/tLdUhg7s7J/regular.jpg","","HellaPrints","","","","","","harvester","https://hellaprints.com/colorful-camel-and-cactus-desert-caravan-for-travel-resort-wear-and-casual-outings-mens-polo-shirt?utm_source=pinterest&utm_medium=cpc&utm_campaign=pinterest_shopping"
"6a70058725ad9f0f3f8df476","6a70058725ad9f0f3f8df476","Neon Marbled Paint Drips For Creative Festival Streetwear And Bold Everyday Outfits Men's Polo Shirt","Polo Shirt featuring neon marbled color blooms and cascading paint drips on a deep black ground. Cyan, electric blue, magenta, red, orange, yellow, and lime create a vivid fluid-art look. A bold choice for festival outfits, streetwear styling, parties, and creative everyday wear. Classy yet very comfortable to wear – That's what Polo Shirt can bring to you. Made from Bird-eye pique fabric, this polo shirt is perfect to keep you cool and dry all day. Product Details: • Material: Bird-eye pique fabric with 3-5% Spandex – Lightweight, breathable, moisture-wicking, stretchable quick-drying fabric that is comfortable to wear as a casual or activewear outfit. • Regular fit allows you to move freely and conveniently. • Pull-on closure with 3-button placket – Classic Polo style yet comfortable to put on and take off. • Double-stitch hems for durability. • Sublimation printing creates vibrant and clear prints on the fabric which won't come off. • Wide range of sizes: S to 5XL – Suitable for different body types. Why You'll Love It: • Versatile style – Works for both professional events and casual outings • All-day comfort – Breathable fabric keeps you cool and dry • Vibrant, lasting prints – Won't fade, crack, or peel after washing • Built to last – Double-stitch hems for durability • Perfect fit for everyone – Wide size range from S to 5XL Care Instructions: • Wash inside out. • Machine wash cold with like colors. • Gentle cycle. • Only non-chlorine bleach when needed. • Tumble dry low. • Cool iron if needed.","https://hellaprints.com/neon-marbled-paint-drips-for-creative-festival-streetwear-and-bold-everyday-outfits-mens-polo-shirt","https://d2dytk4tvgwhb4.cloudfront.net/duiyfppz/products/6a70058725ad9f0f3f8df476/gallery/iVQtgFuBGO/regular.jpg","29.95 USD","in stock","new","Apparel & Accessories > Clothing > Shirts & Tops","Shirts & Tops","https://d2dytk4tvgwhb4.cloudfront.net/duiyfppz/products/6a70058725ad9f0f3f8df476/gallery/_sNvZ0pqF7/regular.jpg,https://d2dytk4tvgwhb4.cloudfront.net/duiyfppz/products/6a70058725ad9f0f3f8df476/gallery/1e87ES3Jqt/regular.jpg,https://d2dytk4tvgwhb4.cloudfront.net/duiyfppz/products/6a70058725ad9f0f3f8df476/gallery/M7mY_nNC2x/regular.jpg,https://d2dytk4tvgwhb4.cloudfront.net/duiyfppz/products/6a70058725ad9f0f3f8df476/gallery/JCQ6_irRMh/regular.jpg,https://d2dytk4tvgwhb4.cloudfront.net/duiyfppz/products/6a70058725ad9f0f3f8df476/gallery/iFNlS9FSXd/regular.jpg","","HellaPrints","","","","","","harvester","https://hellaprints.com/neon-marbled-paint-drips-for-creative-festival-streetwear-and-bold-everyday-outfits-mens-polo-shirt?utm_source=pinterest&utm_medium=cpc&utm_campaign=pinterest_shopping"
"6a69e33fcb8d9a21a17b6573","6a69e33fcb8d9a21a17b6573","Sunflower American Flag Vintage Patriotic Outdoor Style For RV SUV Truck Campers Travel Spare Tire Cover","Spare Tire Cover featuring a bold sunflower over a weathered American flag backdrop in vintage screen-print style. Golden petals, olive leaves, navy stars, and distressed red stripes create a rugged patriotic look for RVs, SUVs, trucks, trailers, and campers. The high-contrast charcoal background adds standout outdoor travel style. Add colors and some special twists to your car's rear end with our custom Spare Tire Cover. Other than a decoration accessory for your car, this Spare Tire Cover is also handy to protect your spare tire in ready-to-use condition. Product Details: • Multi-Function: Decorate the car's exterior and protect your car's spare tire against sunlight, rain, mud, and other harsh weather conditions. • Material: Waterproofing UV-Resistant fabric (118gr/m2). The material is light, soft, water and dust-proof, durable, and easy to clean. The material is tested to meet the color fastness standard TCVN 5823:1994. • Drawcord closure: Strong and durable 100% polypropylene drawcord keeps the cover firmly in place and ensures a snug fit. • Easy installation: Spare Tire Cover is easy to install and remove. Wrap the cover over the tire and then secure it with a cord lock. • Various sizes: Fits different car tires (27, 28, 29, 30, 32, and 34 inches in diameter). Why You'll Love It: • Protects your spare tire from harsh weather. • Adds a custom look to your car quickly. • Lightweight, durable, and easy to install. Care Instructions: • Wipe clean with a soft damp cloth. • Do not bleach.","https://hellaprints.com/sunflower-american-flag-vintage-patriotic-outdoor-style-for-rv-suv-truck-campers-travel-spare-tire-cover","https://d2dytk4tvgwhb4.cloudfront.net/duiyfppz/products/6a69e33fcb8d9a21a17b6573/no-hole/tH4wzRwd6m/regular.jpg","34.95 USD","in stock","new","Home & Garden > Lawn & Garden > Outdoor Living > Garden Flags","Garden Flags","https://d2dytk4tvgwhb4.cloudfront.net/duiyfppz/products/6a69e33fcb8d9a21a17b6573/no-hole/X44tLEUeE_/regular.jpg,https://d2dytk4tvgwhb4.cloudfront.net/duiyfppz/products/6a69e33fcb8d9a21a17b6573/no-hole/BI6mCqmOAu/regular.jpg,https://d2dytk4tvgwhb4.cloudfront.net/duiyfppz/products/6a69e33fcb8d9a21a17b6573/no-hole/qjxJICqAjS/regular.jpg","","HellaPrints","","","","","","harvester","https://hellaprints.com/sunflower-american-flag-vintage-patriotic-outdoor-style-for-rv-suv-truck-campers-travel-spare-tire-cover?utm_source=pinterest&utm_medium=cpc&utm_campaign=pinterest_shopping"
"6a69e158cb8d9a37f07b5e7b","6a69e158cb8d9a37f07b5e7b","Bugling Bull Elk In Misty Dawn Forest For RV Camping, Trailers And Outdoor Travel Spare Tire Cover","Spare Tire Cover features a mature bull elk bugling through a misty dawn woodland. Deep brown fur, golden meadow grass, smoky fog, and branching antlers create a rugged wildlife scene. The atmospheric forest palette complements RV trips, trailer travel, camping, and mountain adventures. Add colors and some special twists to your car's rear end with our custom Spare Tire Cover. Other than a decoration accessory for your car, this Spare Tire Cover is also handy to protect your spare tire in ready-to-use condition. Product Details: • Multi-Function: Decorate the car's exterior and protect your car's spare tire against sunlight, rain, mud, and other harsh weather conditions. • Material: Waterproofing UV-Resistant fabric (118gr/m2). The material is light, soft, water and dust-proof, durable, and easy to clean. The material is tested to meet the color fastness standard TCVN 5823:1994. • Drawcord closure: Strong and durable 100% polypropylene drawcord keeps the cover firmly in place and ensures a snug fit. • Easy installation: Spare Tire Cover is easy to install and remove. Wrap the cover over the tire and then secure it with a cord lock. • Various sizes: Fits different car tires (27, 28, 29, 30, 32, and 34 inches in diameter). Why You'll Love It: • Protects your spare tire from harsh weather. • Adds a custom look to your car quickly. • Lightweight, durable, and easy to install. Care Instructions: • Wipe clean with a soft damp cloth. • Do not bleach.","https://hellaprints.com/bugling-bull-elk-in-misty-dawn-forest-for-rv-camping-trailers-and-outdoor-travel-spare-tire-cover","https://d2dytk4tvgwhb4.cloudfront.net/duiyfppz/products/6a69e158cb8d9a37f07b5e7b/no-hole/9zSa2G5eKh/regular.jpg","34.95 USD","in stock","new","Vehicles & Parts > Vehicle Parts & Accessories > Vehicle Covers > Spare Tire Covers","Spare Tire Covers","https://d2dytk4tvgwhb4.cloudfront.net/duiyfppz/products/6a69e158cb8d9a37f07b5e7b/no-hole/G24P9NuYgi/regular.jpg,https://d2dytk4tvgwhb4.cloudfront.net/duiyfppz/products/6a69e158cb8d9a37f07b5e7b/no-hole/zJWkP_uvtk/regular.jpg,https://d2dytk4tvgwhb4.cloudfront.net/duiyfppz/products/6a69e158cb8d9a37f07b5e7b/no-hole/UIGHFpxh4c/regular.jpg","","HellaPrints","","","","","","harvester","https://hellaprints.com/bugling-bull-elk-in-misty-dawn-forest-for-rv-camping-trailers-and-outdoor-travel-spare-tire-cover?utm_source=pinterest&utm_medium=cpc&utm_campaign=pinterest_shopping"
"6a6405ce7256f68d1d3a2b5d","6a6405ce7256f68d1d3a2b5d","Turquoise Ocean Waves for Coastal Road Trips and Beach Loving RV Adventure Travelers Spare Tire Cover","Spare Tire Cover features richly painted turquoise swells, deep petrol troughs, and crisp white sea foam on a misty ice-blue seascape. The centered wave scene adds coastal character to RV, camper, trailer, SUV, and truck travel. Weatherproof, dustproof coverage helps keep your mounted wheel protected on every beach-bound adventure. Add colors and some special twists to your car's rear end with our custom Spare Tire Cover. Other than a decoration accessory for your car, this Spare Tire Cover is also handy to protect your spare tire in ready-to-use condition. Product Details: • Multi-Function: Decorate the car's exterior and protect your car's spare tire against sunlight, rain, mud, and other harsh weather conditions. • Material: Waterproofing UV-Resistant fabric (118gr/m2). The material is light, soft, water and dust-proof, durable, and easy to clean. The material is tested to meet the color fastness standard TCVN 5823:1994. • Drawcord closure: Strong and durable 100% polypropylene drawcord keeps the cover firmly in place and ensures a snug fit. • Easy installation: Spare Tire Cover is easy to install and remove. Wrap the cover over the tire and then secure it with a cord lock. • Various sizes: Fits different car tires (27, 28, 29, 30, 32, and 34 inches in diameter). Why You'll Love It: • Protects your spare tire from harsh weather. • Adds a custom look to your car quickly. • Lightweight, durable, and easy to install. Care Instructions: • Wipe clean with a soft damp cloth. • Do not bleach.","https://hellaprints.com/turquoise-ocean-waves-for-coastal-road-trips-and-beach-loving-rv-adventure-travelers-spare-tire-cover","https://d2dytk4tvgwhb4.cloudfront.net/duiyfppz/products/6a6405ce7256f68d1d3a2b5d/no-hole/_jJSsTaFfC/regular.jpg","34.95 USD","in stock","new","Vehicles & Parts > Vehicle Parts & Accessories > Vehicle Covers > Spare Tire Covers","Spare Tire Covers","https://d2dytk4tvgwhb4.cloudfront.net/duiyfppz/products/6a6405ce7256f68d1d3a2b5d/no-hole/Sfq5LQhAGB/regular.jpg,https://d2dytk4tvgwhb4.cloudfront.net/duiyfppz/products/6a6405ce7256f68d1d3a2b5d/no-hole/fltg9UCpop/regular.jpg,https://d2dytk4tvgwhb4.cloudfront.net/duiyfppz/products/6a6405ce7256f68d1d3a2b5d/no-hole/7TnmZhbv5r/regular.jpg","","HellaPrints","","","","","","harvester","https://hellaprints.com/turquoise-ocean-waves-for-coastal-road-trips-and-beach-loving-rv-adventure-travelers-spare-tire-cover?utm_source=pinterest&utm_medium=cpc&utm_campaign=pinterest_shopping"
"6a6353d3218edaf1341b11f5","6a6353d3218edaf1341b11f5","Retro 1970s Wildflowers For Boho Jeep SUV RV Road Trip Style Spare Tire Cover","Spare Tire Cover featuring cheerful retro wildflowers in golden yellow, burnt orange, coral, turquoise, lavender, and sage on a deep petrol-teal ground. The dense all-over botanical look brings colorful 1970s boho character to Jeep, SUV, RV, and truck adventures. Bright flat florals stay bold and easy to spot from a distance. Add colors and some special twists to your car's rear end with our custom Spare Tire Cover. Other than a decoration accessory for your car, this Spare Tire Cover is also handy to protect your spare tire in ready-to-use condition. Product Details: • Multi-Function: Decorate the car's exterior and protect your car's spare tire against sunlight, rain, mud, and other harsh weather conditions. • Material: Waterproofing UV-Resistant fabric (118gr/m2). The material is light, soft, water and dust-proof, durable, and easy to clean. The material is tested to meet the color fastness standard TCVN 5823:1994. • Drawcord closure: Strong and durable 100% polypropylene drawcord keeps the cover firmly in place and ensures a snug fit. • Easy installation: Spare Tire Cover is easy to install and remove. Wrap the cover over the tire and then secure it with a cord lock. • Various sizes: Fits different car tires (27, 28, 29, 30, 32, and 34 inches in diameter). Why You'll Love It: • Protects your spare tire from harsh weather. • Adds a custom look to your car quickly. • Lightweight, durable, and easy to install. Care Instructions: • Wipe clean with a soft damp cloth. • Do not bleach.","https://hellaprints.com/retro-1970s-wildflowers-for-boho-jeep-suv-rv-road-trip-style-spare-tire-cover","https://d2dytk4tvgwhb4.cloudfront.net/duiyfppz/products/6a6353d3218edaf1341b11f5/no-hole/9YbDY8lDfL/regular.jpg","34.95 USD","in stock","new","Vehicles & Parts > Vehicle Parts & Accessories > Vehicle Covers > Spare Tire Covers","Spare Tire Covers","https://d2dytk4tvgwhb4.cloudfront.net/duiyfppz/products/6a6353d3218edaf1341b11f5/no-hole/t64wy8erY_/regular.jpg,https://d2dytk4tvgwhb4.cloudfront.net/duiyfppz/products/6a6353d3218edaf1341b11f5/no-hole/YvR9c0oGB_/regular.jpg,https://d2dytk4tvgwhb4.cloudfront.net/duiyfppz/products/6a6353d3218edaf1341b11f5/no-hole/a11x3BSai7/regular.jpg","","HellaPrints","","","","","","harvester","https://hellaprints.com/retro-1970s-wildflowers-for-boho-jeep-suv-rv-road-trip-style-spare-tire-cover?utm_source=pinterest&utm_medium=cpc&utm_campaign=pinterest_shopping"
"6a63329b218eda51011adf7a","6a63329b218eda51011adf7a","Tropical Sunset Palm Silhouette For Beach Vacations, Luau Parties And Coastal Getaways Hawaiian Shirt","Hawaiian tropical dusk styling brings warm apricot skies, golden ocean reflections, and dramatic coconut palm silhouettes to beach-ready looks. Tiny seabirds, a distant fishing boat, and shoreline figures add relaxed island character. Ideal for vacations, luaus, cruises, resort wear, and sunset gatherings. A Hawaiian shirt is a breezy, summer essential – Perfect for trips to wear on vacation to tropical destinations. Product Details: • 100% woven polyester fabric offers outstanding durability, insulation, and wrinkle resistance. This lightweight, breathable, moisture-wicking fabric is perfect to keep you cool during the summer. • Simple and comfortable button closure makes it easy to style and layer with other trendy items. • Signature open Cuban collar with short sleeve and relaxed fit looks casual and fashionable. • The color of our custom aloha shirts could be slightly different on the screen than in real life. Why You'll Love It: • Lightweight, breathable fabric keeps you cool all day long. • Relaxed fit for maximum comfort in any setting. • Vibrant prints that let you stand out effortlessly. Care Instructions: • Wash inside out. • Machine wash cold with like colors. • Gentle cycle. • Only non-chlorine bleach when needed. • Tumble dry low. • Cool iron if needed.","https://hellaprints.com/tropical-sunset-palm-silhouette-for-beach-vacations-luau-parties-and-coastal-getaways-hawaiian-shirt","https://d2dytk4tvgwhb4.cloudfront.net/duiyfppz/products/6a63329b218eda51011adf7a/gallery/9rgUbH9WQv/regular.jpg","29.95 USD","in stock","new","Apparel & Accessories > Clothing > Shirts & Tops","Shirts & Tops","https://d2dytk4tvgwhb4.cloudfront.net/duiyfppz/products/6a63329b218eda51011adf7a/gallery/BZweUr6nhX/regular.jpg,https://d2dytk4tvgwhb4.cloudfront.net/duiyfppz/products/6a63329b218eda51011adf7a/gallery/PWu0461cnm/regular.jpg,https://d2dytk4tvgwhb4.cloudfront.net/duiyfppz/products/6a63329b218eda51011adf7a/gallery/eja25nlV6Y/regular.jpg,https://d2dytk4tvgwhb4.cloudfront.net/duiyfppz/products/6a63329b218eda51011adf7a/gallery/Tn0xSNgeyf/regular.jpg,https://d2dytk4tvgwhb4.cloudfront.net/duiyfppz/products/6a63329b218eda51011adf7a/gallery/ThPi18FYrp/regular.jpg,https://d2dytk4tvgwhb4.cloudfront.net/duiyfppz/products/6a63329b218eda51011adf7a/gallery/AaVySKB9H4/regular.jpg","","HellaPrints","","","","","","harvester","https://hellaprints.com/tropical-sunset-palm-silhouette-for-beach-vacations-luau-parties-and-coastal-getaways-hawaiian-shirt?utm_source=pinterest&utm_medium=cpc&utm_campaign=pinterest_shopping"
"6a63321d4141905b1a038f6f","6a63321d4141905b1a038f6f","Black Cats With Tropical Leaves For Halloween Beach Parties, Resort Nights And Cat Lovers Hawaiian Shirt","Hawaiian black cats gather beside a golden ochre moonbeam amid sparse palms, monstera leaves, plumeria, and tiny stars. The vintage screen-print look pairs charcoal shadows with cream eyes for a mysterious island Halloween mood. A playful choice for resort evenings, spooky season parties, and cat-loving travelers. A Hawaiian shirt is a breezy, summer essential – Perfect for trips to wear on vacation to tropical destinations. Product Details: • 100% woven polyester fabric offers outstanding durability, insulation, and wrinkle resistance. This lightweight, breathable, moisture-wicking fabric is perfect to keep you cool during the summer. • Simple and comfortable button closure makes it easy to style and layer with other trendy items. • Signature open Cuban collar with short sleeve and relaxed fit looks casual and fashionable. • The color of our custom aloha shirts could be slightly different on the screen than in real life. Why You'll Love It: • Lightweight, breathable fabric keeps you cool all day long. • Relaxed fit for maximum comfort in any setting. • Vibrant prints that let you stand out effortlessly. Care Instructions: • Wash inside out. • Machine wash cold with like colors. • Gentle cycle. • Only non-chlorine bleach when needed. • Tumble dry low. • Cool iron if needed.","https://hellaprints.com/black-cats-with-tropical-leaves-for-halloween-beach-parties-resort-nights-and-cat-lovers-hawaiian-shirt","https://d2dytk4tvgwhb4.cloudfront.net/duiyfppz/products/6a63321d4141905b1a038f6f/gallery/BcgZluMSRt/regular.jpg","29.95 USD","in stock","new","Apparel & Accessories > Clothing > Shirts & Tops","Shirts & Tops","https://d2dytk4tvgwhb4.cloudfront.net/duiyfppz/products/6a63321d4141905b1a038f6f/gallery/tXKYP854ov/regular.jpg,https://d2dytk4tvgwhb4.cloudfront.net/duiyfppz/products/6a63321d4141905b1a038f6f/gallery/ZSKmRiloVX/regular.jpg,https://d2dytk4tvgwhb4.cloudfront.net/duiyfppz/products/6a63321d4141905b1a038f6f/gallery/lDqfg5eTfO/regular.jpg,https://d2dytk4tvgwhb4.cloudfront.net/duiyfppz/products/6a63321d4141905b1a038f6f/gallery/xohi6xo7by/regular.jpg,https://d2dytk4tvgwhb4.cloudfront.net/duiyfppz/products/6a63321d4141905b1a038f6f/gallery/aVAjGS0Ugt/regular.jpg,https://d2dytk4tvgwhb4.cloudfront.net/duiyfppz/products/6a63321d4141905b1a038f6f/gallery/ybJvfmNP9u/regular.jpg","","HellaPrints","","","","","","harvester","https://hellaprints.com/black-cats-with-tropical-leaves-for-halloween-beach-parties-resort-nights-and-cat-lovers-hawaiian-shirt?utm_source=pinterest&utm_medium=cpc&utm_campaign=pinterest_shopping"
"6a62ca02cb99147990da7b6c","6a62ca02cb99147990da7b6c","Blue Peacock And Iris Florals For Elegant Getaways, Overnight Travel And Gift Giving Quilted Weekend Bag","Weekend Bag showcases a regal blue peacock with jewel-toned feathers, blue irises, ivory blossoms, and antique-gold botanical scrollwork. The warm ivory floral background creates a sophisticated heritage look for travel and daily carry. Add the centered “Your Name” text for a refined personal touch. All-over Print Quilted Weekender Bag combines functionality with a cozy handcrafted aesthetic, making it the perfect companion for travel, gym sessions, weekend getaways, or everyday lifestyle use. Material: • 100% polyester outer fabric with soft cotton padding, crafted for a lightweight yet structured feel. • The padded construction adds extra comfort while helping protect your belongings during daily use or travel. • Elegant quilted stitching creates a stylish, premium texture while improving durability and shape retention. • The soft padded surface gives the bag a cozy, fashionable look that stands out effortlessly. • Black inner lining, black piping, and a gray zipper create a clean, modern appearance while helping maintain the bag's structure and durability. The neutral color combination also makes the bag easy to pair with various fashion styles. • Soft padded handles provide a more comfortable carrying experience, helping reduce pressure on the hands and shoulders. Reinforced construction ensures reliable support even when the bag is fully packed. Size Options: • Available in two practical sizes (M and L) to suit different carrying needs, whether for short trips, gym essentials, carry-on luggage, or everyday storage. • Spacious enough to hold clothing, accessories, cosmetics, and other travel necessities. Why You'll Love It: • Its cozy, handcrafted quilted texture gives it a stylish, premium look that stands out from plain travel bags. • Soft cotton padding keeps your belongings protected while keeping the bag lightweight and comfortable to carry. • Padded handles ease pressure on your hands and shoulders, even when the bag is fully packed. • Two practical sizes (M & L) let you pick the right fit, from gym essentials to weekend getaways. • Vibrant, edge-to-edge full-print customization makes every bag unique for personalized or branded designs. Care Instructions: • Wash inside out. • Machine wash cold with like colors. • Gentle cycle. • Only non-chlorine bleach when needed. • Tumble dry low. • Cool iron if needed.","https://hellaprints.com/blue-peacock-and-iris-florals-for-elegant-getaways-overnight-travel-and-gift-giving-quilted-weekend-bag-1","https://d2dytk4tvgwhb4.cloudfront.net/duiyfppz/products/6a62ca02cb99147990da7b6c/gallery/0ua0roFos/regular.jpg","39.95 USD","in stock","new","","","https://d2dytk4tvgwhb4.cloudfront.net/duiyfppz/products/6a62ca02cb99147990da7b6c/gallery/1KPegU4aZ/regular.jpg,https://d2dytk4tvgwhb4.cloudfront.net/duiyfppz/products/6a62ca02cb99147990da7b6c/gallery/uSPUY9xrM/regular.jpg,https://d2dytk4tvgwhb4.cloudfront.net/duiyfppz/products/6a62ca02cb99147990da7b6c/gallery/efSxTHDjq/regular.jpg,https://d2dytk4tvgwhb4.cloudfront.net/duiyfppz/products/6a62ca02cb99147990da7b6c/gallery/nZueZQHCl/regular.jpg,https://d2dytk4tvgwhb4.cloudfront.net/duiyfppz/products/6a62ca02cb99147990da7b6c/gallery/24iMVVMPT/regular.jpg","","HellaPrints","","","","","","harvester","https://hellaprints.com/blue-peacock-and-iris-florals-for-elegant-getaways-overnight-travel-and-gift-giving-quilted-weekend-bag-1?utm_source=pinterest&utm_medium=cpc&utm_campaign=pinterest_shopping"
"6a617feddd4fbbd292706b3a","6a617feddd4fbbd292706b3a","Jeweled Dragonfly Stained Glass Fantasy Night Adventure Decor For Nature Lovers Spare Tire Cover","Spare Tire Cover features a symmetrical jeweled dragonfly with turquoise eyes, stained-glass jade wings, antique-gold filigree, and dangling gemstone charms. Deep blue-black teal haze, tiny gold stars, and shadowy botanical details create an elegant mystical night look. A striking choice for fantasy fans, nature lovers, campers, and road-trip adventurers. Add colors and some special twists to your car's rear end with our custom Spare Tire Cover. Other than a decoration accessory for your car, this Spare Tire Cover is also handy to protect your spare tire in ready-to-use condition. Product Details: • Multi-Function: Decorate the car's exterior and protect your car's spare tire against sunlight, rain, mud, and other harsh weather conditions. • Material: Waterproofing UV-Resistant fabric (118gr/m2). The material is light, soft, water and dust-proof, durable, and easy to clean. The material is tested to meet the color fastness standard TCVN 5823:1994. • Drawcord closure: Strong and durable 100% polypropylene drawcord keeps the cover firmly in place and ensures a snug fit. • Easy installation: Spare Tire Cover is easy to install and remove. Wrap the cover over the tire and then secure it with a cord lock. • Various sizes: Fits different car tires (27, 28, 29, 30, 32, and 34 inches in diameter). Why You'll Love It: • Protects your spare tire from harsh weather. • Adds a custom look to your car quickly. • Lightweight, durable, and easy to install. Care Instructions: • Wipe clean with a soft damp cloth. • Do not bleach.","https://hellaprints.com/jeweled-dragonfly-stained-glass-fantasy-night-adventure-decor-for-nature-lovers-spare-tire-cover","https://d2dytk4tvgwhb4.cloudfront.net/duiyfppz/products/6a617feddd4fbbd292706b3a/no-hole/n32Dqmk8jn/regular.jpg","34.95 USD","in stock","new","Vehicles & Parts > Vehicle Parts & Accessories > Vehicle Covers > Spare Tire Covers","Spare Tire Covers","https://d2dytk4tvgwhb4.cloudfront.net/duiyfppz/products/6a617feddd4fbbd292706b3a/no-hole/5tHfVEGfkd/regular.jpg,https://d2dytk4tvgwhb4.cloudfront.net/duiyfppz/products/6a617feddd4fbbd292706b3a/no-hole/kmNAQeHLUs/regular.jpg,https://d2dytk4tvgwhb4.cloudfront.net/duiyfppz/products/6a617feddd4fbbd292706b3a/no-hole/UEqjAaS-jo/regular.jpg","","HellaPrints","","","","","","harvester","https://hellaprints.com/jeweled-dragonfly-stained-glass-fantasy-night-adventure-decor-for-nature-lovers-spare-tire-cover?utm_source=pinterest&utm_medium=cpc&utm_campaign=pinterest_shopping"
"6a612a26f1673f55dd306e94","6a612a26f1673f55dd306e94","Christmas Evergreen Trees And Snowflakes For Holiday RV Travel And Winter Camping Spare Tire Cover","Spare Tire Cover showcases festive evergreen trees, snowflakes, berries, ribbon accents, and stars on a warm ivory ground. Rich forest green, brick red, mustard gold, and gray-blue tones add seasonal charm to RVs, trailers, SUVs, trucks, and campers. A cheerful choice for holiday road trips and winter camping. Add colors and some special twists to your car's rear end with our custom Spare Tire Cover. Other than a decoration accessory for your car, this Spare Tire Cover is also handy to protect your spare tire in ready-to-use condition. Product Details: • Multi-Function: Decorate the car's exterior and protect your car's spare tire against sunlight, rain, mud, and other harsh weather conditions. • Material: Waterproofing UV-Resistant fabric (118gr/m2). The material is light, soft, water and dust-proof, durable, and easy to clean. The material is tested to meet the color fastness standard TCVN 5823:1994. • Drawcord closure: Strong and durable 100% polypropylene drawcord keeps the cover firmly in place and ensures a snug fit. • Easy installation: Spare Tire Cover is easy to install and remove. Wrap the cover over the tire and then secure it with a cord lock. • Various sizes: Fits different car tires (27, 28, 29, 30, 32, and 34 inches in diameter). Why You'll Love It: • Protects your spare tire from harsh weather. • Adds a custom look to your car quickly. • Lightweight, durable, and easy to install. Care Instructions: • Wipe clean with a soft damp cloth. • Do not bleach.","https://hellaprints.com/christmas-evergreen-trees-and-snowflakes-for-holiday-rv-travel-and-winter-camping-spare-tire-cover","https://d2dytk4tvgwhb4.cloudfront.net/duiyfppz/products/6a612a26f1673f55dd306e94/no-hole/ShrvBjvf4v/regular.jpg","34.95 USD","in stock","new","Vehicles & Parts > Vehicle Parts & Accessories > Vehicle Covers > Spare Tire Covers","Spare Tire Covers","https://d2dytk4tvgwhb4.cloudfront.net/duiyfppz/products/6a612a26f1673f55dd306e94/no-hole/1BSpAPb1Ob/regular.jpg,https://d2dytk4tvgwhb4.cloudfront.net/duiyfppz/products/6a612a26f1673f55dd306e94/no-hole/nkixX-pGwQ/regular.jpg,https://d2dytk4tvgwhb4.cloudfront.net/duiyfppz/products/6a612a26f1673f55dd306e94/no-hole/KOY36qRLZR/regular.jpg","","HellaPrints","","","","","","harvester","https://hellaprints.com/christmas-evergreen-trees-and-snowflakes-for-holiday-rv-travel-and-winter-camping-spare-tire-cover?utm_source=pinterest&utm_medium=cpc&utm_campaign=pinterest_shopping"
"6a610d06da9a1f64015dc52c","6a610d06da9a1f64015dc52c","Realistic Three Skull Gothic Fantasy For Halloween Jeep And Off Road Adventure Drivers Spare Tire Cover","Spare Tire Cover featuring three realistic skulls in a dramatic S-shaped arrangement with metallic silver shading, violet smoke, and moss-green vapor. The jet-black background creates bold gothic contrast for Jeeps, SUVs, RVs, and trucks. A striking choice for Halloween, dark fantasy fans, and off-road enthusiasts. Add colors and some special twists to your car's rear end with our custom Spare Tire Cover. Other than a decoration accessory for your car, this Spare Tire Cover is also handy to protect your spare tire in ready-to-use condition. Product Details: • Multi-Function: Decorate the car's exterior and protect your car's spare tire against sunlight, rain, mud, and other harsh weather conditions. • Material: Waterproofing UV-Resistant fabric (118gr/m2). The material is light, soft, water and dust-proof, durable, and easy to clean. The material is tested to meet the color fastness standard TCVN 5823:1994. • Drawcord closure: Strong and durable 100% polypropylene drawcord keeps the cover firmly in place and ensures a snug fit. • Easy installation: Spare Tire Cover is easy to install and remove. Wrap the cover over the tire and then secure it with a cord lock. • Various sizes: Fits different car tires (27, 28, 29, 30, 32, and 34 inches in diameter). Why You'll Love It: • Protects your spare tire from harsh weather. • Adds a custom look to your car quickly. • Lightweight, durable, and easy to install. Care Instructions: • Wipe clean with a soft damp cloth. • Do not bleach.","https://hellaprints.com/realistic-three-skull-gothic-fantasy-for-halloween-jeep-and-off-road-adventure-drivers-spare-tire-cover","https://d2dytk4tvgwhb4.cloudfront.net/duiyfppz/products/6a610d06da9a1f64015dc52c/no-hole/jR-kWMc6_F/regular.jpg","34.95 USD","in stock","new","Vehicles & Parts > Vehicle Parts & Accessories > Vehicle Covers > Spare Tire Covers","Spare Tire Covers","https://d2dytk4tvgwhb4.cloudfront.net/duiyfppz/products/6a610d06da9a1f64015dc52c/no-hole/DRCLnsv_js/regular.jpg,https://d2dytk4tvgwhb4.cloudfront.net/duiyfppz/products/6a610d06da9a1f64015dc52c/no-hole/xs6xIcp2JB/regular.jpg,https://d2dytk4tvgwhb4.cloudfront.net/duiyfppz/products/6a610d06da9a1f64015dc52c/no-hole/fOXeSMzSJg/regular.jpg","","HellaPrints","","","","","","harvester","https://hellaprints.com/realistic-three-skull-gothic-fantasy-for-halloween-jeep-and-off-road-adventure-drivers-spare-tire-cover?utm_source=pinterest&utm_medium=cpc&utm_campaign=pinterest_shopping"
"6a6107cbf1673f788b3046ee","6a6107cbf1673f788b3046ee","Weathered Ivory Cross for Faith Driven Road Trips and Christian Outdoor Travelers Spare Tire Cover","Spare Tire Cover featuring a bold weathered ivory cross on a deep charcoal-black background. Raw dry-brush strokes, fractured edges, and subtle gray shadow marks create a rugged minimalist faith look. A strong choice for Christian travelers, RV adventures, trailers, SUVs, and outdoor road trips. Add colors and some special twists to your car's rear end with our custom Spare Tire Cover. Other than a decoration accessory for your car, this Spare Tire Cover is also handy to protect your spare tire in ready-to-use condition. Product Details: • Multi-Function: Decorate the car's exterior and protect your car's spare tire against sunlight, rain, mud, and other harsh weather conditions. • Material: Waterproofing UV-Resistant fabric (118gr/m2). The material is light, soft, water and dust-proof, durable, and easy to clean. The material is tested to meet the color fastness standard TCVN 5823:1994. • Drawcord closure: Strong and durable 100% polypropylene drawcord keeps the cover firmly in place and ensures a snug fit. • Easy installation: Spare Tire Cover is easy to install and remove. Wrap the cover over the tire and then secure it with a cord lock. • Various sizes: Fits different car tires (27, 28, 29, 30, 32, and 34 inches in diameter). Why You'll Love It: • Protects your spare tire from harsh weather. • Adds a custom look to your car quickly. • Lightweight, durable, and easy to install. Care Instructions: • Wipe clean with a soft damp cloth. • Do not bleach.","https://hellaprints.com/weathered-ivory-cross-for-faith-driven-road-trips-and-christian-outdoor-travelers-spare-tire-cover","https://d2dytk4tvgwhb4.cloudfront.net/duiyfppz/products/6a6107cbf1673f788b3046ee/no-hole/gVoEtYgZn5/regular.jpg","34.95 USD","in stock","new","Vehicles & Parts > Vehicle Parts & Accessories > Vehicle Covers > Spare Tire Covers","Spare Tire Covers","https://d2dytk4tvgwhb4.cloudfront.net/duiyfppz/products/6a6107cbf1673f788b3046ee/no-hole/lGjo65nNZ4/regular.jpg,https://d2dytk4tvgwhb4.cloudfront.net/duiyfppz/products/6a6107cbf1673f788b3046ee/no-hole/VI-4of1A-e/regular.jpg,https://d2dytk4tvgwhb4.cloudfront.net/duiyfppz/products/6a6107cbf1673f788b3046ee/no-hole/A3uOTXTL57/regular.jpg","","HellaPrints","","","","","","harvester","https://hellaprints.com/weathered-ivory-cross-for-faith-driven-road-trips-and-christian-outdoor-travelers-spare-tire-cover?utm_source=pinterest&utm_medium=cpc&utm_campaign=pinterest_shopping"
"6a60f4c1b684d32f57a6ccd5","6a60f4c1b684d32f57a6ccd5","Kraken Ghost Ship Cosmic Ocean Scene For Gothic Nautical Road Trip Adventure Fans Spare Tire Cover","Spare Tire Cover featuring a ghost ship sailing through a cosmic ocean beneath a towering indigo kraken. Stormy teal waves, ivory sails, violet nebula clouds, and an amber kraken eye create a bold dark fantasy look. A striking choice for RV, trailer, SUV, truck, and camper travel adventures. Add colors and some special twists to your car's rear end with our custom Spare Tire Cover. Other than a decoration accessory for your car, this Spare Tire Cover is also handy to protect your spare tire in ready-to-use condition. Product Details: • Multi-Function: Decorate the car's exterior and protect your car's spare tire against sunlight, rain, mud, and other harsh weather conditions. • Material: Waterproofing UV-Resistant fabric (118gr/m2). The material is light, soft, water and dust-proof, durable, and easy to clean. The material is tested to meet the color fastness standard TCVN 5823:1994. • Drawcord closure: Strong and durable 100% polypropylene drawcord keeps the cover firmly in place and ensures a snug fit. • Easy installation: Spare Tire Cover is easy to install and remove. Wrap the cover over the tire and then secure it with a cord lock. • Various sizes: Fits different car tires (27, 28, 29, 30, 32, and 34 inches in diameter). Why You'll Love It: • Protects your spare tire from harsh weather. • Adds a custom look to your car quickly. • Lightweight, durable, and easy to install. Care Instructions: • Wipe clean with a soft damp cloth. • Do not bleach.","https://hellaprints.com/kraken-ghost-ship-cosmic-ocean-scene-for-gothic-nautical-road-trip-adventure-fans-spare-tire-cover","https://d2dytk4tvgwhb4.cloudfront.net/duiyfppz/products/6a60f4c1b684d32f57a6ccd5/no-hole/CwIUuLmXSR/regular.jpg","34.95 USD","in stock","new","Vehicles & Parts > Vehicle Parts & Accessories > Vehicle Covers > Spare Tire Covers","Spare Tire Covers","https://d2dytk4tvgwhb4.cloudfront.net/duiyfppz/products/6a60f4c1b684d32f57a6ccd5/no-hole/19TCHNC_ON/regular.jpg,https://d2dytk4tvgwhb4.cloudfront.net/duiyfppz/products/6a60f4c1b684d32f57a6ccd5/no-hole/8VFV0gHwZ1/regular.jpg,https://d2dytk4tvgwhb4.cloudfront.net/duiyfppz/products/6a60f4c1b684d32f57a6ccd5/no-hole/J4aPf3wsqN/regular.jpg","","HellaPrints","","","","","","harvester","https://hellaprints.com/kraken-ghost-ship-cosmic-ocean-scene-for-gothic-nautical-road-trip-adventure-fans-spare-tire-cover?utm_source=pinterest&utm_medium=cpc&utm_campaign=pinterest_shopping"
"6a60e915dd4fbb81136f4c1c","6a60e915dd4fbb81136f4c1c","Raven Mountain Forest Scene for Alpine Camping and Off Road Adventure Enthusiasts Spare Tire Cover","Spare Tire Cover brings a vintage alpine wilderness scene to your vehicle, with two black ravens, snow-capped peaks, evergreen silhouettes, and coral berries on a parchment-cream ground. Centered mountain mist keeps the landscape balanced for rear-wheel display. A bold choice for camping, trail travel, and off-road adventures. Add colors and some special twists to your car's rear end with our custom Spare Tire Cover. Other than a decoration accessory for your car, this Spare Tire Cover is also handy to protect your spare tire in ready-to-use condition. Product Details: • Multi-Function: Decorate the car's exterior and protect your car's spare tire against sunlight, rain, mud, and other harsh weather conditions. • Material: Waterproofing UV-Resistant fabric (118gr/m2). The material is light, soft, water and dust-proof, durable, and easy to clean. The material is tested to meet the color fastness standard TCVN 5823:1994. • Drawcord closure: Strong and durable 100% polypropylene drawcord keeps the cover firmly in place and ensures a snug fit. • Easy installation: Spare Tire Cover is easy to install and remove. Wrap the cover over the tire and then secure it with a cord lock. • Various sizes: Fits different car tires (27, 28, 29, 30, 32, and 34 inches in diameter). Why You'll Love It: • Protects your spare tire from harsh weather. • Adds a custom look to your car quickly. • Lightweight, durable, and easy to install. Care Instructions: • Wipe clean with a soft damp cloth. • Do not bleach.","https://hellaprints.com/raven-mountain-forest-scene-for-alpine-camping-and-off-road-adventure-enthusiasts-spare-tire-cover","https://d2dytk4tvgwhb4.cloudfront.net/duiyfppz/products/6a60e915dd4fbb81136f4c1c/no-hole/WKVKGrTDX6/regular.jpg","34.95 USD","in stock","new","Vehicles & Parts > Vehicle Parts & Accessories > Vehicle Covers > Spare Tire Covers","Spare Tire Covers","https://d2dytk4tvgwhb4.cloudfront.net/duiyfppz/products/6a60e915dd4fbb81136f4c1c/no-hole/Pl7rBHqPWi/regular.jpg,https://d2dytk4tvgwhb4.cloudfront.net/duiyfppz/products/6a60e915dd4fbb81136f4c1c/no-hole/Wvu9wPeqt3/regular.jpg,https://d2dytk4tvgwhb4.cloudfront.net/duiyfppz/products/6a60e915dd4fbb81136f4c1c/no-hole/qSJQ_wdAsR/regular.jpg","","HellaPrints","","","","","","harvester","https://hellaprints.com/raven-mountain-forest-scene-for-alpine-camping-and-off-road-adventure-enthusiasts-spare-tire-cover?utm_source=pinterest&utm_medium=cpc&utm_campaign=pinterest_shopping"
"6a60e24fd71f6198250d310a","6a60e24fd71f6198250d310a","Vintage Surfboards For Beach Vacations, Resort Getaways, And Coastal Weekend Adventures Hawaiian Shirt","Hawaiian style features vintage surfboards with turquoise waves, coral sunsets, palms, and navy ink details on a sun-bleached ivory ground. The relaxed coastal palette suits beach trips, resort escapes, cruises, and everyday warm-weather outfits. Mid-century surf-travel color and airy spacing create an easygoing retro look for ocean lovers. A Hawaiian shirt is a breezy, summer essential – Perfect for trips to wear on vacation to tropical destinations. Product Details: • 100% woven polyester fabric offers outstanding durability, insulation, and wrinkle resistance. This lightweight, breathable, moisture-wicking fabric is perfect to keep you cool during the summer. • Simple and comfortable button closure makes it easy to style and layer with other trendy items. • Signature open Cuban collar with short sleeve and relaxed fit looks casual and fashionable. • The color of our custom aloha shirts could be slightly different on the screen than in real life. Why You'll Love It: • Lightweight, breathable fabric keeps you cool all day long. • Relaxed fit for maximum comfort in any setting. • Vibrant prints that let you stand out effortlessly. Care Instructions: • Wash inside out. • Machine wash cold with like colors. • Gentle cycle. • Only non-chlorine bleach when needed. • Tumble dry low. • Cool iron if needed.","https://hellaprints.com/vintage-surfboards-for-beach-vacations-resort-getaways-and-coastal-weekend-adventures-hawaiian-shirt","https://d2dytk4tvgwhb4.cloudfront.net/duiyfppz/products/6a60e24fd71f6198250d310a/gallery/riWLjDDK-N/regular.jpg","29.95 USD","in stock","new","Apparel & Accessories > Clothing > Shirts & Tops","Shirts & Tops","https://d2dytk4tvgwhb4.cloudfront.net/duiyfppz/products/6a60e24fd71f6198250d310a/gallery/7ch9Boy4wW/regular.jpg,https://d2dytk4tvgwhb4.cloudfront.net/duiyfppz/products/6a60e24fd71f6198250d310a/gallery/jzwf___c44/regular.jpg,https://d2dytk4tvgwhb4.cloudfront.net/duiyfppz/products/6a60e24fd71f6198250d310a/gallery/uwToYgXOW_/regular.jpg,https://d2dytk4tvgwhb4.cloudfront.net/duiyfppz/products/6a60e24fd71f6198250d310a/gallery/xehc2Wltg_/regular.jpg,https://d2dytk4tvgwhb4.cloudfront.net/duiyfppz/products/6a60e24fd71f6198250d310a/gallery/lIHgc5oTP4/regular.jpg,https://d2dytk4tvgwhb4.cloudfront.net/duiyfppz/products/6a60e24fd71f6198250d310a/gallery/W3CEtk9zt5/regular.jpg","","HellaPrints","","","","","","harvester","https://hellaprints.com/vintage-surfboards-for-beach-vacations-resort-getaways-and-coastal-weekend-adventures-hawaiian-shirt?utm_source=pinterest&utm_medium=cpc&utm_campaign=pinterest_shopping"
"6a60e1ccd71f6101ca0d2f84","6a60e1ccd71f6101ca0d2f84","Tropical Ice Cream Cones And Fruit Pops Summer Beach Vacation Resort Wear For Men Hawaiian Shirt","Hawaiian style brings playful tropical dessert energy to beach vacations, resort trips, and summer gatherings. Bright ice cream cones, fruit pops, sundae bowls, plumeria accents, and Yummy lettering create a cheerful vacation-ready look. The airy pink color palette adds a fun gourmet feel for casual warm-weather outfits. A Hawaiian shirt is a breezy, summer essential – Perfect for trips to wear on vacation to tropical destinations. Product Details: • 100% woven polyester fabric offers outstanding durability, insulation, and wrinkle resistance. This lightweight, breathable, moisture-wicking fabric is perfect to keep you cool during the summer. • Simple and comfortable button closure makes it easy to style and layer with other trendy items. • Signature open Cuban collar with short sleeve and relaxed fit looks casual and fashionable. • The color of our custom aloha shirts could be slightly different on the screen than in real life. Why You'll Love It: • Lightweight, breathable fabric keeps you cool all day long. • Relaxed fit for maximum comfort in any setting. • Vibrant prints that let you stand out effortlessly. Care Instructions: • Wash inside out. • Machine wash cold with like colors. • Gentle cycle. • Only non-chlorine bleach when needed. • Tumble dry low. • Cool iron if needed.","https://hellaprints.com/tropical-ice-cream-cones-and-fruit-pops-summer-beach-vacation-resort-wear-for-men-hawaiian-shirt","https://d2dytk4tvgwhb4.cloudfront.net/duiyfppz/products/6a60e1ccd71f6101ca0d2f84/gallery/BwGzSQ6nLe/regular.jpg","29.95 USD","in stock","new","Apparel & Accessories > Clothing > Shirts & Tops","Shirts & Tops","https://d2dytk4tvgwhb4.cloudfront.net/duiyfppz/products/6a60e1ccd71f6101ca0d2f84/gallery/p1quIIt7fh/regular.jpg,https://d2dytk4tvgwhb4.cloudfront.net/duiyfppz/products/6a60e1ccd71f6101ca0d2f84/gallery/Mj7EStn5ft/regular.jpg,https://d2dytk4tvgwhb4.cloudfront.net/duiyfppz/products/6a60e1ccd71f6101ca0d2f84/gallery/JdNUeOWNoS/regular.jpg,https://d2dytk4tvgwhb4.cloudfront.net/duiyfppz/products/6a60e1ccd71f6101ca0d2f84/gallery/WRhF-uwQq4/regular.jpg,https://d2dytk4tvgwhb4.cloudfront.net/duiyfppz/products/6a60e1ccd71f6101ca0d2f84/gallery/o_rVcjEfQQ/regular.jpg,https://d2dytk4tvgwhb4.cloudfront.net/duiyfppz/products/6a60e1ccd71f6101ca0d2f84/gallery/Dxq-wk0jxl/regular.jpg","","HellaPrints","","","","","","harvester","https://hellaprints.com/tropical-ice-cream-cones-and-fruit-pops-summer-beach-vacation-resort-wear-for-men-hawaiian-shirt?utm_source=pinterest&utm_medium=cpc&utm_campaign=pinterest_shopping"
"6a60e05ccc9cf432b18bf0c4","6a60e05ccc9cf432b18bf0c4","Vintage Pirate Skull And Sailing Ship For Beach Parties, Cruises And Nautical Style Hawaiian Shirt","Hawaiian style brings a vintage pirate skull and towering sailing ship to life against midnight teal seas. A weathered tricorn hat, parchment sails, curling waves, rope, and compass motifs create a bold maritime look. Ideal for cruise trips, beach parties, pirate events, and relaxed coastal outings. A Hawaiian shirt is a breezy, summer essential – Perfect for trips to wear on vacation to tropical destinations. Product Details: • 100% woven polyester fabric offers outstanding durability, insulation, and wrinkle resistance. This lightweight, breathable, moisture-wicking fabric is perfect to keep you cool during the summer. • Simple and comfortable button closure makes it easy to style and layer with other trendy items. • Signature open Cuban collar with short sleeve and relaxed fit looks casual and fashionable. • The color of our custom aloha shirts could be slightly different on the screen than in real life. Why You'll Love It: • Lightweight, breathable fabric keeps you cool all day long. • Relaxed fit for maximum comfort in any setting. • Vibrant prints that let you stand out effortlessly. Care Instructions: • Wash inside out. • Machine wash cold with like colors. • Gentle cycle. • Only non-chlorine bleach when needed. • Tumble dry low. • Cool iron if needed.","https://hellaprints.com/vintage-pirate-skull-and-sailing-ship-for-beach-parties-cruises-and-nautical-style-hawaiian-shirt","https://d2dytk4tvgwhb4.cloudfront.net/duiyfppz/products/6a60e05ccc9cf432b18bf0c4/gallery/ZrQg08vsQG/regular.jpg","29.95 USD","in stock","new","Apparel & Accessories > Clothing > Shirts & Tops","Shirts & Tops","https://d2dytk4tvgwhb4.cloudfront.net/duiyfppz/products/6a60e05ccc9cf432b18bf0c4/gallery/OEzAHBlWJh/regular.jpg,https://d2dytk4tvgwhb4.cloudfront.net/duiyfppz/products/6a60e05ccc9cf432b18bf0c4/gallery/F1d9oUlZPK/regular.jpg,https://d2dytk4tvgwhb4.cloudfront.net/duiyfppz/products/6a60e05ccc9cf432b18bf0c4/gallery/EnV7h7KWTI/regular.jpg,https://d2dytk4tvgwhb4.cloudfront.net/duiyfppz/products/6a60e05ccc9cf432b18bf0c4/gallery/D2TCnd31QR/regular.jpg,https://d2dytk4tvgwhb4.cloudfront.net/duiyfppz/products/6a60e05ccc9cf432b18bf0c4/gallery/AS5A03AvXc/regular.jpg,https://d2dytk4tvgwhb4.cloudfront.net/duiyfppz/products/6a60e05ccc9cf432b18bf0c4/gallery/1NgIwNQGPv/regular.jpg","","HellaPrints","","","","","","harvester","https://hellaprints.com/vintage-pirate-skull-and-sailing-ship-for-beach-parties-cruises-and-nautical-style-hawaiian-shirt?utm_source=pinterest&utm_medium=cpc&utm_campaign=pinterest_shopping"
"6a60d657da9a1f4ba55d5b9e","6a60d657da9a1f4ba55d5b9e","Toucan Macaw Pineapple Botanical Resort Wear For Beach Vacations And Tropical Getaways Hawaiian Shirt","Hawaiian style brings an airy resort feel to warm-weather wardrobes. Watercolor toucans, blue-and-gold macaws, ripe pineapples, palm fronds, and delicate coral blossoms float across an ivory ground. Ideal for beach trips, cruises, poolside gatherings, and relaxed vacation days. A Hawaiian shirt is a breezy, summer essential – Perfect for trips to wear on vacation to tropical destinations. Product Details: • 100% woven polyester fabric offers outstanding durability, insulation, and wrinkle resistance. This lightweight, breathable, moisture-wicking fabric is perfect to keep you cool during the summer. • Simple and comfortable button closure makes it easy to style and layer with other trendy items. • Signature open Cuban collar with short sleeve and relaxed fit looks casual and fashionable. • The color of our custom aloha shirts could be slightly different on the screen than in real life. Why You'll Love It: • Lightweight, breathable fabric keeps you cool all day long. • Relaxed fit for maximum comfort in any setting. • Vibrant prints that let you stand out effortlessly. Care Instructions: • Wash inside out. • Machine wash cold with like colors. • Gentle cycle. • Only non-chlorine bleach when needed. • Tumble dry low. • Cool iron if needed.","https://hellaprints.com/toucan-macaw-pineapple-botanical-resort-wear-for-beach-vacations-and-tropical-getaways-hawaiian-shirt","https://d2dytk4tvgwhb4.cloudfront.net/duiyfppz/products/6a60d657da9a1f4ba55d5b9e/gallery/i19dxgvpEj/regular.jpg","29.95 USD","in stock","new","Apparel & Accessories > Clothing > Shirts & Tops","Shirts & Tops","https://d2dytk4tvgwhb4.cloudfront.net/duiyfppz/products/6a60d657da9a1f4ba55d5b9e/gallery/ucy0fONJSa/regular.jpg,https://d2dytk4tvgwhb4.cloudfront.net/duiyfppz/products/6a60d657da9a1f4ba55d5b9e/gallery/9xsNl00vme/regular.jpg,https://d2dytk4tvgwhb4.cloudfront.net/duiyfppz/products/6a60d657da9a1f4ba55d5b9e/gallery/8U0Ncw3nIQ/regular.jpg,https://d2dytk4tvgwhb4.cloudfront.net/duiyfppz/products/6a60d657da9a1f4ba55d5b9e/gallery/H8V7y-6fEN/regular.jpg,https://d2dytk4tvgwhb4.cloudfront.net/duiyfppz/products/6a60d657da9a1f4ba55d5b9e/gallery/Ft12BJnLtl/regular.jpg,https://d2dytk4tvgwhb4.cloudfront.net/duiyfppz/products/6a60d657da9a1f4ba55d5b9e/gallery/ho_-Qd4V1k/regular.jpg","","HellaPrints","","","","","","harvester","https://hellaprints.com/toucan-macaw-pineapple-botanical-resort-wear-for-beach-vacations-and-tropical-getaways-hawaiian-shirt?utm_source=pinterest&utm_medium=cpc&utm_campaign=pinterest_shopping"
"6a60b9e2d71f6133a10d082f","6a60b9e2d71f6133a10d082f","Great White Shark Deep Ocean Scene For Jeep SUV Beach Adventure Road Trip Drivers Spare Tire Cover","Spare Tire Cover features a realistic great white shark lunging through midnight teal water with glowing aqua light, bubbles, and bold ivory teeth. Durable polyester helps shield your rear-mounted spare from dust and rain. A striking choice for Jeep, SUV, and off-road beach adventure drivers. Add colors and some special twists to your car's rear end with our custom Spare Tire Cover. Other than a decoration accessory for your car, this Spare Tire Cover is also handy to protect your spare tire in ready-to-use condition. Product Details: • Multi-Function: Decorate the car's exterior and protect your car's spare tire against sunlight, rain, mud, and other harsh weather conditions. • Material: Waterproofing UV-Resistant fabric (118gr/m2). The material is light, soft, water and dust-proof, durable, and easy to clean. The material is tested to meet the color fastness standard TCVN 5823:1994. • Drawcord closure: Strong and durable 100% polypropylene drawcord keeps the cover firmly in place and ensures a snug fit. • Easy installation: Spare Tire Cover is easy to install and remove. Wrap the cover over the tire and then secure it with a cord lock. • Various sizes: Fits different car tires (27, 28, 29, 30, 32, and 34 inches in diameter). Why You'll Love It: • Protects your spare tire from harsh weather. • Adds a custom look to your car quickly. • Lightweight, durable, and easy to install. Care Instructions: • Wipe clean with a soft damp cloth. • Do not bleach.","https://hellaprints.com/great-white-shark-deep-ocean-scene-for-jeep-suv-beach-adventure-road-trip-drivers-spare-tire-cover","https://d2dytk4tvgwhb4.cloudfront.net/duiyfppz/products/6a60b9e2d71f6133a10d082f/no-hole/jSTxJTBGhb/regular.jpg","34.95 USD","in stock","new","Vehicles & Parts > Vehicle Parts & Accessories > Vehicle Covers > Spare Tire Covers","Spare Tire Covers","https://d2dytk4tvgwhb4.cloudfront.net/duiyfppz/products/6a60b9e2d71f6133a10d082f/no-hole/zgx71jmGZR/regular.jpg,https://d2dytk4tvgwhb4.cloudfront.net/duiyfppz/products/6a60b9e2d71f6133a10d082f/no-hole/nCZcoJCGHd/regular.jpg,https://d2dytk4tvgwhb4.cloudfront.net/duiyfppz/products/6a60b9e2d71f6133a10d082f/no-hole/cmQiPAZIm9/regular.jpg","","HellaPrints","","","","","","harvester","https://hellaprints.com/great-white-shark-deep-ocean-scene-for-jeep-suv-beach-adventure-road-trip-drivers-spare-tire-cover?utm_source=pinterest&utm_medium=cpc&utm_campaign=pinterest_shopping"
"6a60aa02d8af58b4022d89a4","6a60aa02d8af58b4022d89a4","Vintage Jack O Lantern Ghost And Bats For Fun Halloween Road Trips And SUV Owners Spare Tire Cover","Spare Tire Cover brings cheerful Halloween spirit to your vehicle with a plump orange jack o lantern, smiling ghost, flying bats, forest leaves, and rustic star accents. The warm parchment background and bold vintage autumn colors create high-contrast seasonal flair. Ideal for Halloween road trips, fall camping, and spooky SUV décor. Add colors and some special twists to your car's rear end with our custom Spare Tire Cover. Other than a decoration accessory for your car, this Spare Tire Cover is also handy to protect your spare tire in ready-to-use condition. Product Details: • Multi-Function: Decorate the car's exterior and protect your car's spare tire against sunlight, rain, mud, and other harsh weather conditions. • Material: Waterproofing UV-Resistant fabric (118gr/m2). The material is light, soft, water and dust-proof, durable, and easy to clean. The material is tested to meet the color fastness standard TCVN 5823:1994. • Drawcord closure: Strong and durable 100% polypropylene drawcord keeps the cover firmly in place and ensures a snug fit. • Easy installation: Spare Tire Cover is easy to install and remove. Wrap the cover over the tire and then secure it with a cord lock. • Various sizes: Fits different car tires (27, 28, 29, 30, 32, and 34 inches in diameter). Why You'll Love It: • Protects your spare tire from harsh weather. • Adds a custom look to your car quickly. • Lightweight, durable, and easy to install. Care Instructions: • Wipe clean with a soft damp cloth. • Do not bleach.","https://hellaprints.com/vintage-jack-o-lantern-ghost-and-bats-for-fun-halloween-road-trips-and-suv-owners-spare-tire-cover","https://d2dytk4tvgwhb4.cloudfront.net/duiyfppz/products/6a60aa02d8af58b4022d89a4/no-hole/Ukg5adMC1k/regular.jpg","34.95 USD","in stock","new","Vehicles & Parts > Vehicle Parts & Accessories > Vehicle Covers > Spare Tire Covers","Spare Tire Covers","https://d2dytk4tvgwhb4.cloudfront.net/duiyfppz/products/6a60aa02d8af58b4022d89a4/no-hole/XIvBtYpjIX/regular.jpg,https://d2dytk4tvgwhb4.cloudfront.net/duiyfppz/products/6a60aa02d8af58b4022d89a4/no-hole/s6uwuDL-c8/regular.jpg,https://d2dytk4tvgwhb4.cloudfront.net/duiyfppz/products/6a60aa02d8af58b4022d89a4/no-hole/75tEt1gyM6/regular.jpg","","HellaPrints","","","","","","harvester","https://hellaprints.com/vintage-jack-o-lantern-ghost-and-bats-for-fun-halloween-road-trips-and-suv-owners-spare-tire-cover?utm_source=pinterest&utm_medium=cpc&utm_campaign=pinterest_shopping"
"6a606d91120169c2cbe1f9d1","6a606d91120169c2cbe1f9d1","Wildflower Meadow Florals For Garden Lovers, Mother's Day And Summer Travel Gifts Quilted Tote Bag","Quilted Tote Bag showcases an airy wildflower meadow on warm ivory with blue bellflowers, pink foxgloves, yellow daisies, coral blooms, poppy accents, and sage leaves. A delicate name-script cartouche adds a personal garden-inspired touch. Ideal for spring outings, market trips, travel, and thoughtful gifts for flower lovers. Quilted Tote Bag creates a unique, handcrafted feel. Whether you are heading out for a casual day, running errands, or looking for a thoughtful gift, this tote adds a cozy, personalized touch to every moment. Product Details: • Material: 100% polyester outer fabric and soft cotton padded. • Lightweight yet durable, designed to be easy to carry without sacrificing strength, making it perfect for everyday use without feeling bulky or heavy. • Quilted fabric construction with a soft padded texture that adds a cozy premium feel while enhancing durability and structure. • Soft interior protection helps protect belongings like tablets, notebooks, and gifts. • Spacious main compartment offers generous capacity for daily essentials, shopping, books, and travel items. • Sturdy double handles with reinforced shoulder straps provide comfortable carrying and reliable support, even when fully loaded. • Versatile everyday use for shopping, work, school, travel, or casual outings. Why You'll Love It: • It delivers a handcrafted, personalized look that adds cozy character to your daily style. • You get a lightweight but durable tote that is comfortable to carry throughout the day. • The padded quilted build combines soft protection with practical storage for everyday essentials. • Its all-in-one versatility makes it a reliable companion for errands, school, work, and travel. • It is also a thoughtful gift choice thanks to its cozy feel and useful design. Care Instructions: • Wash inside out. • Machine wash cold with like colors. • Gentle cycle. • Only non-chlorine bleach when needed. • Tumble dry low. • Cool iron if needed.","https://hellaprints.com/wildflower-meadow-florals-for-garden-lovers-mothers-day-and-summer-travel-gifts-quilted-tote-bag","https://d2dytk4tvgwhb4.cloudfront.net/duiyfppz/products/6a606d91120169c2cbe1f9d1/13x16-1-inches/a3ZPfIj0GZ/regular.jpg","32.95 USD","in stock","new","Apparel & Accessories > Handbags, Wallets & Cases > Handbags","Handbags","https://d2dytk4tvgwhb4.cloudfront.net/duiyfppz/products/6a606d91120169c2cbe1f9d1/gallery/E5ACk9Lie/regular.jpg,https://d2dytk4tvgwhb4.cloudfront.net/duiyfppz/products/6a606d91120169c2cbe1f9d1/gallery/OiRqmaYyE/regular.jpg,https://d2dytk4tvgwhb4.cloudfront.net/duiyfppz/products/6a606d91120169c2cbe1f9d1/gallery/eEv8Y6QFG/regular.jpg,https://d2dytk4tvgwhb4.cloudfront.net/duiyfppz/products/6a606d91120169c2cbe1f9d1/gallery/Z2SteKgTH/regular.jpg","","HellaPrints","","","","","","harvester","https://hellaprints.com/wildflower-meadow-florals-for-garden-lovers-mothers-day-and-summer-travel-gifts-quilted-tote-bag?utm_source=pinterest&utm_medium=cpc&utm_campaign=pinterest_shopping"
"6a60630fd71f613de20c57e1","6a60630fd71f613de20c57e1","Christian Cross Dove Roses Scripture Gift for Faithful Women Everyday Inspiration Quilted Tote Bag","Quilted Tote Bag featuring a rustic wooden cross draped in ivory linen, white doves, and a graceful rose garden on muted sage green. The Proverbs 31:25 message adds an uplifting faith-filled touch for church, Bible study, errands, or daily carrying. A dark sage name-style cartouche and antique-gold accents complete the vintage devotional look. Quilted Tote Bag creates a unique, handcrafted feel. Whether you are heading out for a casual day, running errands, or looking for a thoughtful gift, this tote adds a cozy, personalized touch to every moment. Product Details: • Material: 100% polyester outer fabric and soft cotton padded. • Lightweight yet durable, designed to be easy to carry without sacrificing strength, making it perfect for everyday use without feeling bulky or heavy. • Quilted fabric construction with a soft padded texture that adds a cozy premium feel while enhancing durability and structure. • Soft interior protection helps protect belongings like tablets, notebooks, and gifts. • Spacious main compartment offers generous capacity for daily essentials, shopping, books, and travel items. • Sturdy double handles with reinforced shoulder straps provide comfortable carrying and reliable support, even when fully loaded. • Versatile everyday use for shopping, work, school, travel, or casual outings. Why You'll Love It: • It delivers a handcrafted, personalized look that adds cozy character to your daily style. • You get a lightweight but durable tote that is comfortable to carry throughout the day. • The padded quilted build combines soft protection with practical storage for everyday essentials. • Its all-in-one versatility makes it a reliable companion for errands, school, work, and travel. • It is also a thoughtful gift choice thanks to its cozy feel and useful design. Care Instructions: • Wash inside out. • Machine wash cold with like colors. • Gentle cycle. • Only non-chlorine bleach when needed. • Tumble dry low. • Cool iron if needed.","https://hellaprints.com/christian-cross-dove-roses-scripture-gift-for-faithful-women-everyday-inspiration-quilted-tote-bag","https://d2dytk4tvgwhb4.cloudfront.net/duiyfppz/products/6a60630fd71f613de20c57e1/13x16-1-inches/rySOFF5W0m/regular.jpg","32.95 USD","in stock","new","Apparel & Accessories > Handbags, Wallets & Cases > Handbags","Handbags","https://d2dytk4tvgwhb4.cloudfront.net/duiyfppz/products/6a60630fd71f613de20c57e1/gallery/uwt4IEPCc/regular.jpg,https://d2dytk4tvgwhb4.cloudfront.net/duiyfppz/products/6a60630fd71f613de20c57e1/gallery/yE9t6Muvm/regular.jpg,https://d2dytk4tvgwhb4.cloudfront.net/duiyfppz/products/6a60630fd71f613de20c57e1/gallery/Y-qPJZflX/regular.jpg,https://d2dytk4tvgwhb4.cloudfront.net/duiyfppz/products/6a60630fd71f613de20c57e1/gallery/drIMZahK7/regular.jpg","","HellaPrints","","","","","","harvester","https://hellaprints.com/christian-cross-dove-roses-scripture-gift-for-faithful-women-everyday-inspiration-quilted-tote-bag?utm_source=pinterest&utm_medium=cpc&utm_campaign=pinterest_shopping"
"6a6049163f33802203a938ae","6a6049163f33802203a938ae","Floral Basket Roses And Lavender For Garden Market Trips, Birthdays And Gift Giving Quilted Tote Bag","Quilted Tote Bag featuring a romantic woven basket overflowing with dusty pink roses, lavender, daisies, asters, and golden ranunculus. A soft ivory background and blush glow create a vintage garden mood. The centered “Your Name” script accent adds a thoughtful touch for everyday errands, market visits, and gift giving. Quilted Tote Bag creates a unique, handcrafted feel. Whether you are heading out for a casual day, running errands, or looking for a thoughtful gift, this tote adds a cozy, personalized touch to every moment. Product Details: • Material: 100% polyester outer fabric and soft cotton padded. • Lightweight yet durable, designed to be easy to carry without sacrificing strength, making it perfect for everyday use without feeling bulky or heavy. • Quilted fabric construction with a soft padded texture that adds a cozy premium feel while enhancing durability and structure. • Soft interior protection helps protect belongings like tablets, notebooks, and gifts. • Spacious main compartment offers generous capacity for daily essentials, shopping, books, and travel items. • Sturdy double handles with reinforced shoulder straps provide comfortable carrying and reliable support, even when fully loaded. • Versatile everyday use for shopping, work, school, travel, or casual outings. Why You'll Love It: • It delivers a handcrafted, personalized look that adds cozy character to your daily style. • You get a lightweight but durable tote that is comfortable to carry throughout the day. • The padded quilted build combines soft protection with practical storage for everyday essentials. • Its all-in-one versatility makes it a reliable companion for errands, school, work, and travel. • It is also a thoughtful gift choice thanks to its cozy feel and useful design. Care Instructions: • Wash inside out. • Machine wash cold with like colors. • Gentle cycle. • Only non-chlorine bleach when needed. • Tumble dry low. • Cool iron if needed.","https://hellaprints.com/floral-basket-roses-and-lavender-for-garden-market-trips-birthdays-and-gift-giving-quilted-tote-bag","https://d2dytk4tvgwhb4.cloudfront.net/duiyfppz/products/6a6049163f33802203a938ae/13x16-1-inches/zZj1b3gYfG/regular.jpg","32.95 USD","in stock","new","Apparel & Accessories > Handbags, Wallets & Cases > Handbags","Handbags","https://d2dytk4tvgwhb4.cloudfront.net/duiyfppz/products/6a6049163f33802203a938ae/gallery/zXnBhiG_3/regular.jpg,https://d2dytk4tvgwhb4.cloudfront.net/duiyfppz/products/6a6049163f33802203a938ae/gallery/JzFl6gkkB/regular.jpg,https://d2dytk4tvgwhb4.cloudfront.net/duiyfppz/products/6a6049163f33802203a938ae/gallery/i-NcG2isQ/regular.jpg,https://d2dytk4tvgwhb4.cloudfront.net/duiyfppz/products/6a6049163f33802203a938ae/gallery/1dvHEDHCk/regular.jpg","","HellaPrints","","","","","","harvester","https://hellaprints.com/floral-basket-roses-and-lavender-for-garden-market-trips-birthdays-and-gift-giving-quilted-tote-bag?utm_source=pinterest&utm_medium=cpc&utm_campaign=pinterest_shopping"
"6a603eb812016904e4e18410","6a603eb812016904e4e18410","Country Chicken Farmhouse Gift for Daily Market Trips, Travel, and Rural Style Lovers Quilted Tote Bag","Quilted Tote Bag features a warm antique-cream country chicken scene with russet roosters, ochre hens, sage accents, and tiny berry sprigs. A muted barn-red lower-center cartouche displays “Your Name” in elegant cream script. Ideal for market days, travel, errands, and farmhouse-inspired gifting. Quilted Tote Bag creates a unique, handcrafted feel. Whether you are heading out for a casual day, running errands, or looking for a thoughtful gift, this tote adds a cozy, personalized touch to every moment. Product Details: • Material: 100% polyester outer fabric and soft cotton padded. • Lightweight yet durable, designed to be easy to carry without sacrificing strength, making it perfect for everyday use without feeling bulky or heavy. • Quilted fabric construction with a soft padded texture that adds a cozy premium feel while enhancing durability and structure. • Soft interior protection helps protect belongings like tablets, notebooks, and gifts. • Spacious main compartment offers generous capacity for daily essentials, shopping, books, and travel items. • Sturdy double handles with reinforced shoulder straps provide comfortable carrying and reliable support, even when fully loaded. • Versatile everyday use for shopping, work, school, travel, or casual outings. Why You'll Love It: • It delivers a handcrafted, personalized look that adds cozy character to your daily style. • You get a lightweight but durable tote that is comfortable to carry throughout the day. • The padded quilted build combines soft protection with practical storage for everyday essentials. • Its all-in-one versatility makes it a reliable companion for errands, school, work, and travel. • It is also a thoughtful gift choice thanks to its cozy feel and useful design. Care Instructions: • Wash inside out. • Machine wash cold with like colors. • Gentle cycle. • Only non-chlorine bleach when needed. • Tumble dry low. • Cool iron if needed.","https://hellaprints.com/country-chicken-farmhouse-gift-for-daily-market-trips-travel-and-rural-style-lovers-quilted-tote-bag","https://d2dytk4tvgwhb4.cloudfront.net/duiyfppz/products/6a603eb812016904e4e18410/13x16-1-inches/6IjiI01bqW/regular.jpg","32.95 USD","in stock","new","Apparel & Accessories > Handbags, Wallets & Cases > Handbags","Handbags","https://d2dytk4tvgwhb4.cloudfront.net/duiyfppz/products/6a603eb812016904e4e18410/gallery/-guAM0Nm9/regular.jpg,https://d2dytk4tvgwhb4.cloudfront.net/duiyfppz/products/6a603eb812016904e4e18410/gallery/lfngcG-lI/regular.jpg,https://d2dytk4tvgwhb4.cloudfront.net/duiyfppz/products/6a603eb812016904e4e18410/gallery/jgq_LTtpU/regular.jpg,https://d2dytk4tvgwhb4.cloudfront.net/duiyfppz/products/6a603eb812016904e4e18410/gallery/v682RbC-g/regular.jpg","","HellaPrints","","","","","","harvester","https://hellaprints.com/country-chicken-farmhouse-gift-for-daily-market-trips-travel-and-rural-style-lovers-quilted-tote-bag?utm_source=pinterest&utm_medium=cpc&utm_campaign=pinterest_shopping"
"6a602d0ad8af58f2082c4c8b","6a602d0ad8af58f2082c4c8b","Brown Rabbits And Red Poppies Meadow Gift For Nature Lovers Quilted Tote Bag","Quilted Tote Bag featuring two young brown rabbits nestled among scarlet poppies, blue wildflowers, and soft sage meadow scenery. A parchment-cream botanical cartouche displays “Your Name” in elegant moss-green script. A charming everyday carry for garden walks, bookshop visits, and thoughtful gifting. Quilted Tote Bag creates a unique, handcrafted feel. Whether you are heading out for a casual day, running errands, or looking for a thoughtful gift, this tote adds a cozy, personalized touch to every moment. Product Details: • Material: 100% polyester outer fabric and soft cotton padded. • Lightweight yet durable, designed to be easy to carry without sacrificing strength, making it perfect for everyday use without feeling bulky or heavy. • Quilted fabric construction with a soft padded texture that adds a cozy premium feel while enhancing durability and structure. • Soft interior protection helps protect belongings like tablets, notebooks, and gifts. • Spacious main compartment offers generous capacity for daily essentials, shopping, books, and travel items. • Sturdy double handles with reinforced shoulder straps provide comfortable carrying and reliable support, even when fully loaded. • Versatile everyday use for shopping, work, school, travel, or casual outings. Why You'll Love It: • It delivers a handcrafted, personalized look that adds cozy character to your daily style. • You get a lightweight but durable tote that is comfortable to carry throughout the day. • The padded quilted build combines soft protection with practical storage for everyday essentials. • Its all-in-one versatility makes it a reliable companion for errands, school, work, and travel. • It is also a thoughtful gift choice thanks to its cozy feel and useful design. Care Instructions: • Wash inside out. • Machine wash cold with like colors. • Gentle cycle. • Only non-chlorine bleach when needed. • Tumble dry low. • Cool iron if needed.","https://hellaprints.com/brown-rabbits-and-red-poppies-meadow-gift-for-nature-lovers-quilted-tote-bag","https://d2dytk4tvgwhb4.cloudfront.net/duiyfppz/products/6a602d0ad8af58f2082c4c8b/13x16-1-inches/RqFxIoDsw_/regular.jpg","32.95 USD","in stock","new","Apparel & Accessories > Handbags, Wallets & Cases > Handbags","Handbags","https://d2dytk4tvgwhb4.cloudfront.net/duiyfppz/products/6a602d0ad8af58f2082c4c8b/gallery/KkdHxI5_Z/regular.jpg,https://d2dytk4tvgwhb4.cloudfront.net/duiyfppz/products/6a602d0ad8af58f2082c4c8b/gallery/NzLK8cDnv/regular.jpg,https://d2dytk4tvgwhb4.cloudfront.net/duiyfppz/products/6a602d0ad8af58f2082c4c8b/gallery/TJWxSpd5a/regular.jpg,https://d2dytk4tvgwhb4.cloudfront.net/duiyfppz/products/6a602d0ad8af58f2082c4c8b/gallery/ZYgBk_xkV/regular.jpg","","HellaPrints","","","","","","harvester","https://hellaprints.com/brown-rabbits-and-red-poppies-meadow-gift-for-nature-lovers-quilted-tote-bag?utm_source=pinterest&utm_medium=cpc&utm_campaign=pinterest_shopping"
"6a5e49706ef9efd43e0d925b","6a5e49706ef9efd43e0d925b","Bald Eagle Alpine Sunset Outdoor Adventure Jeep Accessory for Mountain Road Trips Spare Tire Cover","Spare Tire Cover showcases a soaring bald eagle over snow-striped alpine peaks beneath a warm peach sunset. The cinematic wilderness scene adds bold outdoor character to Jeep and SUV adventures. Durable coverage helps keep your rear-mounted spare cleaner in changing weather. Add colors and some special twists to your car's rear end with our custom Spare Tire Cover. Other than a decoration accessory for your car, this Spare Tire Cover is also handy to protect your spare tire in ready-to-use condition. Product Details: • Multi-Function: Decorate the car's exterior and protect your car's spare tire against sunlight, rain, mud, and other harsh weather conditions. • Material: Waterproofing UV-Resistant fabric (118gr/m2). The material is light, soft, water and dust-proof, durable, and easy to clean. The material is tested to meet the color fastness standard TCVN 5823:1994. • Drawcord closure: Strong and durable 100% polypropylene drawcord keeps the cover firmly in place and ensures a snug fit. • Easy installation: Spare Tire Cover is easy to install and remove. Wrap the cover over the tire and then secure it with a cord lock. • Various sizes: Fits different car tires (27, 28, 29, 30, 32, and 34 inches in diameter). Why You'll Love It: • Protects your spare tire from harsh weather. • Adds a custom look to your car quickly. • Lightweight, durable, and easy to install. Care Instructions: • Wipe clean with a soft damp cloth. • Do not bleach.","https://hellaprints.com/bald-eagle-alpine-sunset-outdoor-adventure-jeep-accessory-for-mountain-road-trips-spare-tire-cover","https://d2dytk4tvgwhb4.cloudfront.net/duiyfppz/products/6a5e49706ef9efd43e0d925b/no-hole/3X6oNZxvyS/regular.jpg","34.95 USD","in stock","new","Vehicles & Parts > Vehicle Parts & Accessories > Vehicle Covers > Spare Tire Covers","Spare Tire Covers","https://d2dytk4tvgwhb4.cloudfront.net/duiyfppz/products/6a5e49706ef9efd43e0d925b/no-hole/xR4QEldQdW/regular.jpg,https://d2dytk4tvgwhb4.cloudfront.net/duiyfppz/products/6a5e49706ef9efd43e0d925b/no-hole/VUy1NLfRlY/regular.jpg,https://d2dytk4tvgwhb4.cloudfront.net/duiyfppz/products/6a5e49706ef9efd43e0d925b/no-hole/dQn84Oadiy/regular.jpg","","HellaPrints","","","","","","harvester","https://hellaprints.com/bald-eagle-alpine-sunset-outdoor-adventure-jeep-accessory-for-mountain-road-trips-spare-tire-cover?utm_source=pinterest&utm_medium=cpc&utm_campaign=pinterest_shopping"
"6a5dd01faf4925a9fd9b5de2","6a5dd01faf4925a9fd9b5de2","Giraffe Mother And Calf Savanna Wildlife Gift For Animal Loving Women And Nature Lovers Quilted Tote Bag","Quilted Tote Bag features a warm savanna scene with a graceful giraffe mother, her calf, blush acacia trees, and a golden sun halo. The ivory background and cocoa, caramel, ochre, and pink palette create a calm wildlife-inspired look for errands, travel, or daily carry. A lower botanical cartouche displays “Your Name” for a thoughtful animal-lover gift. Quilted Tote Bag creates a unique, handcrafted feel. Whether you are heading out for a casual day, running errands, or looking for a thoughtful gift, this tote adds a cozy, personalized touch to every moment. Product Details: • Material: 100% polyester outer fabric and soft cotton padded. • Lightweight yet durable, designed to be easy to carry without sacrificing strength, making it perfect for everyday use without feeling bulky or heavy. • Quilted fabric construction with a soft padded texture that adds a cozy premium feel while enhancing durability and structure. • Soft interior protection helps protect belongings like tablets, notebooks, and gifts. • Spacious main compartment offers generous capacity for daily essentials, shopping, books, and travel items. • Sturdy double handles with reinforced shoulder straps provide comfortable carrying and reliable support, even when fully loaded. • Versatile everyday use for shopping, work, school, travel, or casual outings. Why You'll Love It: • It delivers a handcrafted, personalized look that adds cozy character to your daily style. • You get a lightweight but durable tote that is comfortable to carry throughout the day. • The padded quilted build combines soft protection with practical storage for everyday essentials. • Its all-in-one versatility makes it a reliable companion for errands, school, work, and travel. • It is also a thoughtful gift choice thanks to its cozy feel and useful design. Care Instructions: • Wash inside out. • Machine wash cold with like colors. • Gentle cycle. • Only non-chlorine bleach when needed. • Tumble dry low. • Cool iron if needed.","https://hellaprints.com/giraffe-mother-and-calf-savanna-wildlife-gift-for-animal-loving-women-and-nature-lovers-quilted-tote-bag","https://d2dytk4tvgwhb4.cloudfront.net/duiyfppz/products/6a5dd01faf4925a9fd9b5de2/13x16-1-inches/v-NKYG1Scy/regular.jpg","32.95 USD","in stock","new","Apparel & Accessories > Handbags, Wallets & Cases > Handbags","Handbags","https://d2dytk4tvgwhb4.cloudfront.net/duiyfppz/products/6a5dd01faf4925a9fd9b5de2/gallery/aLVRqpR76/regular.jpg,https://d2dytk4tvgwhb4.cloudfront.net/duiyfppz/products/6a5dd01faf4925a9fd9b5de2/gallery/_sRZ3ITAP/regular.jpg,https://d2dytk4tvgwhb4.cloudfront.net/duiyfppz/products/6a5dd01faf4925a9fd9b5de2/gallery/rvwyJZDrk/regular.jpg,https://d2dytk4tvgwhb4.cloudfront.net/duiyfppz/products/6a5dd01faf4925a9fd9b5de2/gallery/B2FSiAcS0/regular.jpg","","HellaPrints","","","","","","harvester","https://hellaprints.com/giraffe-mother-and-calf-savanna-wildlife-gift-for-animal-loving-women-and-nature-lovers-quilted-tote-bag?utm_source=pinterest&utm_medium=cpc&utm_campaign=pinterest_shopping"
"6a5dcd25fbf0dd67867c1bad","6a5dcd25fbf0dd67867c1bad","Hummingbird Peony Floral Travel Gift For Garden Lovers, Work, Shopping And Weekends Quilted Tote Bag","Quilted Tote Bag showcases jewel-toned hummingbirds, purple peony blooms, and leafy botanicals on a warm oatmeal-beige ground. A pale-lavender oval highlights the elegant “Your Name” script for a thoughtful monogram touch. Ideal for work, shopping, travel, and garden-inspired gifting. Quilted Tote Bag creates a unique, handcrafted feel. Whether you are heading out for a casual day, running errands, or looking for a thoughtful gift, this tote adds a cozy, personalized touch to every moment. Product Details: • Material: 100% polyester outer fabric and soft cotton padded. • Lightweight yet durable, designed to be easy to carry without sacrificing strength, making it perfect for everyday use without feeling bulky or heavy. • Quilted fabric construction with a soft padded texture that adds a cozy premium feel while enhancing durability and structure. • Soft interior protection helps protect belongings like tablets, notebooks, and gifts. • Spacious main compartment offers generous capacity for daily essentials, shopping, books, and travel items. • Sturdy double handles with reinforced shoulder straps provide comfortable carrying and reliable support, even when fully loaded. • Versatile everyday use for shopping, work, school, travel, or casual outings. Why You'll Love It: • It delivers a handcrafted, personalized look that adds cozy character to your daily style. • You get a lightweight but durable tote that is comfortable to carry throughout the day. • The padded quilted build combines soft protection with practical storage for everyday essentials. • Its all-in-one versatility makes it a reliable companion for errands, school, work, and travel. • It is also a thoughtful gift choice thanks to its cozy feel and useful design. Care Instructions: • Wash inside out. • Machine wash cold with like colors. • Gentle cycle. • Only non-chlorine bleach when needed. • Tumble dry low. • Cool iron if needed.","https://hellaprints.com/hummingbird-peony-floral-travel-gift-for-garden-lovers-work-shopping-and-weekends-quilted-tote-bag","https://d2dytk4tvgwhb4.cloudfront.net/duiyfppz/products/6a5dcd25fbf0dd67867c1bad/13x16-1-inches/tsE-pp4OLn/regular.jpg","32.95 USD","in stock","new","Apparel & Accessories > Handbags, Wallets & Cases > Handbags","Handbags","https://d2dytk4tvgwhb4.cloudfront.net/duiyfppz/products/6a5dcd25fbf0dd67867c1bad/gallery/B_FgkH7dX/regular.jpg,https://d2dytk4tvgwhb4.cloudfront.net/duiyfppz/products/6a5dcd25fbf0dd67867c1bad/gallery/-8Xyp1kFZ/regular.jpg,https://d2dytk4tvgwhb4.cloudfront.net/duiyfppz/products/6a5dcd25fbf0dd67867c1bad/gallery/KtZoNzg8O/regular.jpg,https://d2dytk4tvgwhb4.cloudfront.net/duiyfppz/products/6a5dcd25fbf0dd67867c1bad/gallery/6YJh90Cqa/regular.jpg","","HellaPrints","","","","","","harvester","https://hellaprints.com/hummingbird-peony-floral-travel-gift-for-garden-lovers-work-shopping-and-weekends-quilted-tote-bag?utm_source=pinterest&utm_medium=cpc&utm_campaign=pinterest_shopping"
"6a5dc5079749131e2bec8c2b","6a5dc5079749131e2bec8c2b","Sleepy Forest Dragon With Autumn Wings For Fantasy Lovers And Cozy Daily Errands Quilted Tote Bag","Quilted Tote Bag features a sleepy moss-green forest dragon with burnt-orange leaf wings, cream mushrooms, and golden leaves. A warm halo and subtle birch woodland backdrop create a whimsical storybook look, while the “Your Name” leafy medallion adds a named touch. Roomy and lightweight for errands, books, travel essentials, or fantasy gift giving. Quilted Tote Bag creates a unique, handcrafted feel. Whether you are heading out for a casual day, running errands, or looking for a thoughtful gift, this tote adds a cozy, personalized touch to every moment. Product Details: • Material: 100% polyester outer fabric and soft cotton padded. • Lightweight yet durable, designed to be easy to carry without sacrificing strength, making it perfect for everyday use without feeling bulky or heavy. • Quilted fabric construction with a soft padded texture that adds a cozy premium feel while enhancing durability and structure. • Soft interior protection helps protect belongings like tablets, notebooks, and gifts. • Spacious main compartment offers generous capacity for daily essentials, shopping, books, and travel items. • Sturdy double handles with reinforced shoulder straps provide comfortable carrying and reliable support, even when fully loaded. • Versatile everyday use for shopping, work, school, travel, or casual outings. Why You'll Love It: • It delivers a handcrafted, personalized look that adds cozy character to your daily style. • You get a lightweight but durable tote that is comfortable to carry throughout the day. • The padded quilted build combines soft protection with practical storage for everyday essentials. • Its all-in-one versatility makes it a reliable companion for errands, school, work, and travel. • It is also a thoughtful gift choice thanks to its cozy feel and useful design. Care Instructions: • Wash inside out. • Machine wash cold with like colors. • Gentle cycle. • Only non-chlorine bleach when needed. • Tumble dry low. • Cool iron if needed.","https://hellaprints.com/sleepy-forest-dragon-with-autumn-wings-for-fantasy-lovers-and-cozy-daily-errands-quilted-tote-bag","https://d2dytk4tvgwhb4.cloudfront.net/duiyfppz/products/6a5dc5079749131e2bec8c2b/13x16-1-inches/Hkqfk8rGqQ/regular.jpg","32.95 USD","in stock","new","Apparel & Accessories > Handbags, Wallets & Cases > Handbags","Handbags","https://d2dytk4tvgwhb4.cloudfront.net/duiyfppz/products/6a5dc5079749131e2bec8c2b/gallery/qY7hZEVoG/regular.jpg,https://d2dytk4tvgwhb4.cloudfront.net/duiyfppz/products/6a5dc5079749131e2bec8c2b/gallery/Bv_UgaPQi/regular.jpg,https://d2dytk4tvgwhb4.cloudfront.net/duiyfppz/products/6a5dc5079749131e2bec8c2b/gallery/yKM8OqM3-/regular.jpg,https://d2dytk4tvgwhb4.cloudfront.net/duiyfppz/products/6a5dc5079749131e2bec8c2b/gallery/PhzWwBHB3/regular.jpg","","HellaPrints","","","","","","harvester","https://hellaprints.com/sleepy-forest-dragon-with-autumn-wings-for-fantasy-lovers-and-cozy-daily-errands-quilted-tote-bag?utm_source=pinterest&utm_medium=cpc&utm_campaign=pinterest_shopping"
"6a5da99c614cc2f85392efaa","6a5da99c614cc2f85392efaa","Vintage Weathered American Flag Patriotic Off Road Adventure Gift For Jeep Enthusiasts Spare Tire Cover","Spare Tire Cover showcases a weathered American flag with muted crimson stripes, antique ivory stars, and a deep midnight navy background. Rugged heritage styling adds bold patriotic character to Jeeps, SUVs, and off-road vehicles. Distressed screen-print texture creates a classic outdoor adventure look with strong distance visibility. Add colors and some special twists to your car's rear end with our custom Spare Tire Cover. Other than a decoration accessory for your car, this Spare Tire Cover is also handy to protect your spare tire in ready-to-use condition. Product Details: • Multi-Function: Decorate the car's exterior and protect your car's spare tire against sunlight, rain, mud, and other harsh weather conditions. • Material: Waterproofing UV-Resistant fabric (118gr/m2). The material is light, soft, water and dust-proof, durable, and easy to clean. The material is tested to meet the color fastness standard TCVN 5823:1994. • Drawcord closure: Strong and durable 100% polypropylene drawcord keeps the cover firmly in place and ensures a snug fit. • Easy installation: Spare Tire Cover is easy to install and remove. Wrap the cover over the tire and then secure it with a cord lock. • Various sizes: Fits different car tires (27, 28, 29, 30, 32, and 34 inches in diameter). Why You'll Love It: • Protects your spare tire from harsh weather. • Adds a custom look to your car quickly. • Lightweight, durable, and easy to install. Care Instructions: • Wipe clean with a soft damp cloth. • Do not bleach.","https://hellaprints.com/vintage-weathered-american-flag-patriotic-off-road-adventure-gift-for-jeep-enthusiasts-spare-tire-cover","https://d2dytk4tvgwhb4.cloudfront.net/duiyfppz/products/6a5da99c614cc2f85392efaa/no-hole/Uumv6WTR0f/regular.jpg","34.95 USD","in stock","new","Home & Garden > Lawn & Garden > Outdoor Living > Garden Flags","Garden Flags","https://d2dytk4tvgwhb4.cloudfront.net/duiyfppz/products/6a5da99c614cc2f85392efaa/no-hole/VDN-RVS7G9/regular.jpg,https://d2dytk4tvgwhb4.cloudfront.net/duiyfppz/products/6a5da99c614cc2f85392efaa/no-hole/a3Mp6lLTEg/regular.jpg,https://d2dytk4tvgwhb4.cloudfront.net/duiyfppz/products/6a5da99c614cc2f85392efaa/no-hole/v_vUzL1XY2/regular.jpg","","HellaPrints","","","","","","harvester","https://hellaprints.com/vintage-weathered-american-flag-patriotic-off-road-adventure-gift-for-jeep-enthusiasts-spare-tire-cover?utm_source=pinterest&utm_medium=cpc&utm_campaign=pinterest_shopping"
"6a5da67a04fd7f5d58aac23c","6a5da67a04fd7f5d58aac23c","Vintage Distressed American Flag Patriotic Outdoor Adventure Gift For Veteran Drivers Spare Tire Cover","Spare Tire Cover featuring a weathered American flag in aged ivory and charcoal on a matte black background. The bold, high-contrast stars and torn stripe details create a rugged patriotic look for outdoor travel and off-road lifestyles. A strong choice for veteran drivers, military families, and USA flag enthusiasts. Add colors and some special twists to your car's rear end with our custom Spare Tire Cover. Other than a decoration accessory for your car, this Spare Tire Cover is also handy to protect your spare tire in ready-to-use condition. Product Details: • Multi-Function: Decorate the car's exterior and protect your car's spare tire against sunlight, rain, mud, and other harsh weather conditions. • Material: Waterproofing UV-Resistant fabric (118gr/m2). The material is light, soft, water and dust-proof, durable, and easy to clean. The material is tested to meet the color fastness standard TCVN 5823:1994. • Drawcord closure: Strong and durable 100% polypropylene drawcord keeps the cover firmly in place and ensures a snug fit. • Easy installation: Spare Tire Cover is easy to install and remove. Wrap the cover over the tire and then secure it with a cord lock. • Various sizes: Fits different car tires (27, 28, 29, 30, 32, and 34 inches in diameter). Why You'll Love It: • Protects your spare tire from harsh weather. • Adds a custom look to your car quickly. • Lightweight, durable, and easy to install. Care Instructions: • Wipe clean with a soft damp cloth. • Do not bleach.","https://hellaprints.com/vintage-distressed-american-flag-patriotic-outdoor-adventure-gift-for-veteran-drivers-spare-tire-cover","https://d2dytk4tvgwhb4.cloudfront.net/duiyfppz/products/6a5da67a04fd7f5d58aac23c/no-hole/unrLaBVfjU/regular.jpg","34.95 USD","in stock","new","Home & Garden > Lawn & Garden > Outdoor Living > Garden Flags","Garden Flags","https://d2dytk4tvgwhb4.cloudfront.net/duiyfppz/products/6a5da67a04fd7f5d58aac23c/no-hole/HbFFz-ZDrJ/regular.jpg,https://d2dytk4tvgwhb4.cloudfront.net/duiyfppz/products/6a5da67a04fd7f5d58aac23c/no-hole/OPnzVUbjl6/regular.jpg,https://d2dytk4tvgwhb4.cloudfront.net/duiyfppz/products/6a5da67a04fd7f5d58aac23c/no-hole/gJ-46bT-dE/regular.jpg","","HellaPrints","","","","","","harvester","https://hellaprints.com/vintage-distressed-american-flag-patriotic-outdoor-adventure-gift-for-veteran-drivers-spare-tire-cover?utm_source=pinterest&utm_medium=cpc&utm_campaign=pinterest_shopping"
"6a5da47d04fd7f67bdaab565","6a5da47d04fd7f67bdaab565","Vintage Sewing Machine Floral Carryall for Quilters, Crafters and Sewing Enthusiasts Quilted Tote Bag","Quilted Tote Bag featuring a vintage turquoise sewing machine, coral peonies, sage leaves, and elegant “Your Name” script. Lightweight construction and long shoulder straps make it easy to carry fabric, notions, books, and daily essentials. A thoughtful everyday accessory for quilters, sewists, crafters, and vintage floral fans. Quilted Tote Bag creates a unique, handcrafted feel. Whether you are heading out for a casual day, running errands, or looking for a thoughtful gift, this tote adds a cozy, personalized touch to every moment. Product Details: • Material: 100% polyester outer fabric and soft cotton padded. • Lightweight yet durable, designed to be easy to carry without sacrificing strength, making it perfect for everyday use without feeling bulky or heavy. • Quilted fabric construction with a soft padded texture that adds a cozy premium feel while enhancing durability and structure. • Soft interior protection helps protect belongings like tablets, notebooks, and gifts. • Spacious main compartment offers generous capacity for daily essentials, shopping, books, and travel items. • Sturdy double handles with reinforced shoulder straps provide comfortable carrying and reliable support, even when fully loaded. • Versatile everyday use for shopping, work, school, travel, or casual outings. Why You'll Love It: • It delivers a handcrafted, personalized look that adds cozy character to your daily style. • You get a lightweight but durable tote that is comfortable to carry throughout the day. • The padded quilted build combines soft protection with practical storage for everyday essentials. • Its all-in-one versatility makes it a reliable companion for errands, school, work, and travel. • It is also a thoughtful gift choice thanks to its cozy feel and useful design. Care Instructions: • Wash inside out. • Machine wash cold with like colors. • Gentle cycle. • Only non-chlorine bleach when needed. • Tumble dry low. • Cool iron if needed.","https://hellaprints.com/vintage-sewing-machine-floral-carryall-for-quilters-crafters-and-sewing-enthusiasts-quilted-tote-bag","https://d2dytk4tvgwhb4.cloudfront.net/duiyfppz/products/6a5da47d04fd7f67bdaab565/13x16-1-inches/nGQCJLEnH0/regular.jpg","32.95 USD","in stock","new","Apparel & Accessories > Handbags, Wallets & Cases > Handbags","Handbags","https://d2dytk4tvgwhb4.cloudfront.net/duiyfppz/products/6a5da47d04fd7f67bdaab565/gallery/dRs0piMcB/regular.jpg,https://d2dytk4tvgwhb4.cloudfront.net/duiyfppz/products/6a5da47d04fd7f67bdaab565/gallery/aDggcf0E5/regular.jpg,https://d2dytk4tvgwhb4.cloudfront.net/duiyfppz/products/6a5da47d04fd7f67bdaab565/gallery/qu_YiRD02/regular.jpg,https://d2dytk4tvgwhb4.cloudfront.net/duiyfppz/products/6a5da47d04fd7f67bdaab565/gallery/dAUiSQxaC/regular.jpg","","HellaPrints","","","","","","harvester","https://hellaprints.com/vintage-sewing-machine-floral-carryall-for-quilters-crafters-and-sewing-enthusiasts-quilted-tote-bag?utm_source=pinterest&utm_medium=cpc&utm_campaign=pinterest_shopping"
"6a5a4461191259af398e1e10","6a5a4461191259af398e1e10","Four Leaf Clover Botanical Motif For St Patrick's Day Luck Lovers And Nature Fans Hawaiian Shirt","Hawaiian style meets lucky clover charm in this deep forest-green botanical piece, centered on a refined four-leaf emblem with a curling stem. Shadowy tropical leaves and subtle weathered texture add relaxed island character while preserving a minimalist look. A thoughtful choice for St. Patrick's Day gatherings, casual vacations, and nature-inspired wardrobes. A Hawaiian shirt is a breezy, summer essential – Perfect for trips to wear on vacation to tropical destinations. Product Details: • 100% woven polyester fabric offers outstanding durability, insulation, and wrinkle resistance. This lightweight, breathable, moisture-wicking fabric is perfect to keep you cool during the summer. • Simple and comfortable button closure makes it easy to style and layer with other trendy items. • Signature open Cuban collar with short sleeve and relaxed fit looks casual and fashionable. • The color of our custom aloha shirts could be slightly different on the screen than in real life. Why You'll Love It: • Lightweight, breathable fabric keeps you cool all day long. • Relaxed fit for maximum comfort in any setting. • Vibrant prints that let you stand out effortlessly. Care Instructions: • Wash inside out. • Machine wash cold with like colors. • Gentle cycle. • Only non-chlorine bleach when needed. • Tumble dry low. • Cool iron if needed.","https://hellaprints.com/four-leaf-clover-botanical-motif-for-st-patricks-day-luck-lovers-and-nature-fans-hawaiian-shirt","https://d2dytk4tvgwhb4.cloudfront.net/duiyfppz/products/6a5a4461191259af398e1e10/gallery/YdCNkrPDOh/regular.jpg","29.95 USD","in stock","new","Apparel & Accessories > Clothing > Shirts & Tops","Shirts & Tops","https://d2dytk4tvgwhb4.cloudfront.net/duiyfppz/products/6a5a4461191259af398e1e10/gallery/Rk0o8ISaHc/regular.jpg,https://d2dytk4tvgwhb4.cloudfront.net/duiyfppz/products/6a5a4461191259af398e1e10/gallery/OAoYEuHdQU/regular.jpg,https://d2dytk4tvgwhb4.cloudfront.net/duiyfppz/products/6a5a4461191259af398e1e10/gallery/HlIpHrUSyS/regular.jpg,https://d2dytk4tvgwhb4.cloudfront.net/duiyfppz/products/6a5a4461191259af398e1e10/gallery/K-rEG15ryy/regular.jpg,https://d2dytk4tvgwhb4.cloudfront.net/duiyfppz/products/6a5a4461191259af398e1e10/gallery/BG5l3Whi-R/regular.jpg,https://d2dytk4tvgwhb4.cloudfront.net/duiyfppz/products/6a5a4461191259af398e1e10/gallery/e72b1pbtxE/regular.jpg","","HellaPrints","","","","","","harvester","https://hellaprints.com/four-leaf-clover-botanical-motif-for-st-patricks-day-luck-lovers-and-nature-fans-hawaiian-shirt?utm_source=pinterest&utm_medium=cpc&utm_campaign=pinterest_shopping"
"6a5a371220a6ce4fcc51bcfe","6a5a371220a6ce4fcc51bcfe","Avocado Fruit Retro Resort Style For Tropical Vacations, Beach Trips And Casual Outings Hawaiian Shirt","Hawaiian style brings a playful avocado fruit motif to relaxed vacation wardrobes. Pale pistachio green, creamy chartreuse, olive, and muted terracotta create a polished retro resort look. Great for beach trips, tropical getaways, weekend gatherings, and easygoing everyday wear. A Hawaiian shirt is a breezy, summer essential – Perfect for trips to wear on vacation to tropical destinations. Product Details: • 100% woven polyester fabric offers outstanding durability, insulation, and wrinkle resistance. This lightweight, breathable, moisture-wicking fabric is perfect to keep you cool during the summer. • Simple and comfortable button closure makes it easy to style and layer with other trendy items. • Signature open Cuban collar with short sleeve and relaxed fit looks casual and fashionable. • The color of our custom aloha shirts could be slightly different on the screen than in real life. Why You'll Love It: • Lightweight, breathable fabric keeps you cool all day long. • Relaxed fit for maximum comfort in any setting. • Vibrant prints that let you stand out effortlessly. Care Instructions: • Wash inside out. • Machine wash cold with like colors. • Gentle cycle. • Only non-chlorine bleach when needed. • Tumble dry low. • Cool iron if needed.","https://hellaprints.com/avocado-fruit-retro-resort-style-for-tropical-vacations-beach-trips-and-casual-outings-hawaiian-shirt","https://d2dytk4tvgwhb4.cloudfront.net/duiyfppz/products/6a5a371220a6ce4fcc51bcfe/gallery/i8Tq_iwov5/regular.jpg","29.95 USD","in stock","new","Apparel & Accessories > Clothing > Shirts & Tops","Shirts & Tops","https://d2dytk4tvgwhb4.cloudfront.net/duiyfppz/products/6a5a371220a6ce4fcc51bcfe/gallery/ap-tu5CuHU/regular.jpg,https://d2dytk4tvgwhb4.cloudfront.net/duiyfppz/products/6a5a371220a6ce4fcc51bcfe/gallery/TkGpDM4m53/regular.jpg,https://d2dytk4tvgwhb4.cloudfront.net/duiyfppz/products/6a5a371220a6ce4fcc51bcfe/gallery/8b2t8UmlIz/regular.jpg,https://d2dytk4tvgwhb4.cloudfront.net/duiyfppz/products/6a5a371220a6ce4fcc51bcfe/gallery/ialhODBteq/regular.jpg,https://d2dytk4tvgwhb4.cloudfront.net/duiyfppz/products/6a5a371220a6ce4fcc51bcfe/gallery/akYKEuidUh/regular.jpg,https://d2dytk4tvgwhb4.cloudfront.net/duiyfppz/products/6a5a371220a6ce4fcc51bcfe/gallery/PcFjJeLOgc/regular.jpg","","HellaPrints","","","","","","harvester","https://hellaprints.com/avocado-fruit-retro-resort-style-for-tropical-vacations-beach-trips-and-casual-outings-hawaiian-shirt?utm_source=pinterest&utm_medium=cpc&utm_campaign=pinterest_shopping"
"6a5a1f8120a6ce405451a9c8","6a5a1f8120a6ce405451a9c8","Colorful Watercolor Sailboats for Coastal Vacations, Beach Parties and Resort Wear Hawaiian Shirt","Hawaiian coastal style comes alive with colorful watercolor sailboats drifting across an airy ivory backdrop. Soft aqua ripples, buoy accents, and sunny brushstrokes create a relaxed tropical resort mood. Ideal for beach vacations, cruise days, poolside gatherings, and warm-weather casual outings. A Hawaiian shirt is a breezy, summer essential – Perfect for trips to wear on vacation to tropical destinations. Product Details: • 100% woven polyester fabric offers outstanding durability, insulation, and wrinkle resistance. This lightweight, breathable, moisture-wicking fabric is perfect to keep you cool during the summer. • Simple and comfortable button closure makes it easy to style and layer with other trendy items. • Signature open Cuban collar with short sleeve and relaxed fit looks casual and fashionable. • The color of our custom aloha shirts could be slightly different on the screen than in real life. Why You'll Love It: • Lightweight, breathable fabric keeps you cool all day long. • Relaxed fit for maximum comfort in any setting. • Vibrant prints that let you stand out effortlessly. Care Instructions: • Wash inside out. • Machine wash cold with like colors. • Gentle cycle. • Only non-chlorine bleach when needed. • Tumble dry low. • Cool iron if needed.","https://hellaprints.com/colorful-watercolor-sailboats-for-coastal-vacations-beach-parties-and-resort-wear-hawaiian-shirt","https://d2dytk4tvgwhb4.cloudfront.net/duiyfppz/products/6a5a1f8120a6ce405451a9c8/gallery/vqs-xFeEbu/regular.jpg","29.95 USD","in stock","new","Apparel & Accessories > Clothing > Shirts & Tops","Shirts & Tops","https://d2dytk4tvgwhb4.cloudfront.net/duiyfppz/products/6a5a1f8120a6ce405451a9c8/gallery/V8ioxz8TWm/regular.jpg,https://d2dytk4tvgwhb4.cloudfront.net/duiyfppz/products/6a5a1f8120a6ce405451a9c8/gallery/z2xirYRCk7/regular.jpg,https://d2dytk4tvgwhb4.cloudfront.net/duiyfppz/products/6a5a1f8120a6ce405451a9c8/gallery/R83qAf7lN5/regular.jpg,https://d2dytk4tvgwhb4.cloudfront.net/duiyfppz/products/6a5a1f8120a6ce405451a9c8/gallery/ZNx89wgxRn/regular.jpg,https://d2dytk4tvgwhb4.cloudfront.net/duiyfppz/products/6a5a1f8120a6ce405451a9c8/gallery/9ya9FQohCE/regular.jpg,https://d2dytk4tvgwhb4.cloudfront.net/duiyfppz/products/6a5a1f8120a6ce405451a9c8/gallery/o_YsAYCt8f/regular.jpg","","HellaPrints","","","","","","harvester","https://hellaprints.com/colorful-watercolor-sailboats-for-coastal-vacations-beach-parties-and-resort-wear-hawaiian-shirt?utm_source=pinterest&utm_medium=cpc&utm_campaign=pinterest_shopping"
"6a5a01ac69a7f2695fad38dc","6a5a01ac69a7f2695fad38dc","Vintage Blue Crab Coastal Resort Beach Vacation Campwear For Men Summer Travel Trips Hawaiian Shirt","Hawaiian coastal style features bold blue crabs, curling wave arcs, and subtle seaweed fronds on a deep midnight navy ground. Cool teal, turquoise, and pale aqua tones create a refined vintage marine look. Ideal for beach vacations, resort escapes, cruises, and relaxed summer travel. A Hawaiian shirt is a breezy, summer essential – Perfect for trips to wear on vacation to tropical destinations. Product Details: • 100% woven polyester fabric offers outstanding durability, insulation, and wrinkle resistance. This lightweight, breathable, moisture-wicking fabric is perfect to keep you cool during the summer. • Simple and comfortable button closure makes it easy to style and layer with other trendy items. • Signature open Cuban collar with short sleeve and relaxed fit looks casual and fashionable. • The color of our custom aloha shirts could be slightly different on the screen than in real life. Why You'll Love It: • Lightweight, breathable fabric keeps you cool all day long. • Relaxed fit for maximum comfort in any setting. • Vibrant prints that let you stand out effortlessly. Care Instructions: • Wash inside out. • Machine wash cold with like colors. • Gentle cycle. • Only non-chlorine bleach when needed. • Tumble dry low. • Cool iron if needed.","https://hellaprints.com/vintage-blue-crab-coastal-resort-beach-vacation-campwear-for-men-summer-travel-trips-hawaiian-shirt","https://d2dytk4tvgwhb4.cloudfront.net/duiyfppz/products/6a5a01ac69a7f2695fad38dc/gallery/kCqX6wRnPA/regular.jpg","29.95 USD","in stock","new","Apparel & Accessories > Clothing > Shirts & Tops","Shirts & Tops","https://d2dytk4tvgwhb4.cloudfront.net/duiyfppz/products/6a5a01ac69a7f2695fad38dc/gallery/BFHHyTi6fq/regular.jpg,https://d2dytk4tvgwhb4.cloudfront.net/duiyfppz/products/6a5a01ac69a7f2695fad38dc/gallery/bEt3LjtEev/regular.jpg,https://d2dytk4tvgwhb4.cloudfront.net/duiyfppz/products/6a5a01ac69a7f2695fad38dc/gallery/oBWm0Pz-w8/regular.jpg,https://d2dytk4tvgwhb4.cloudfront.net/duiyfppz/products/6a5a01ac69a7f2695fad38dc/gallery/NPY3Gx5GPQ/regular.jpg,https://d2dytk4tvgwhb4.cloudfront.net/duiyfppz/products/6a5a01ac69a7f2695fad38dc/gallery/f-U1dmHD4l/regular.jpg,https://d2dytk4tvgwhb4.cloudfront.net/duiyfppz/products/6a5a01ac69a7f2695fad38dc/gallery/zq_4lHz9It/regular.jpg","","HellaPrints","","","","","","harvester","https://hellaprints.com/vintage-blue-crab-coastal-resort-beach-vacation-campwear-for-men-summer-travel-trips-hawaiian-shirt?utm_source=pinterest&utm_medium=cpc&utm_campaign=pinterest_shopping"
"6a59f2409749136041e804dc","6a59f2409749136041e804dc","Metallic Gold Lion With Palm Fronds Luxury Resort Statement Style for Confident Men Hawaiian Shirt","Hawaiian style brings a commanding metallic-gold lion and sweeping mane to a matte black backdrop. Palm fronds, monstera accents, and subtle flecks create a refined tropical resort mood. Crisp angular ink tones offer bold contrast for vacations, summer outings, and confident everyday styling. A Hawaiian shirt is a breezy, summer essential – Perfect for trips to wear on vacation to tropical destinations. Product Details: • 100% woven polyester fabric offers outstanding durability, insulation, and wrinkle resistance. This lightweight, breathable, moisture-wicking fabric is perfect to keep you cool during the summer. • Simple and comfortable button closure makes it easy to style and layer with other trendy items. • Signature open Cuban collar with short sleeve and relaxed fit looks casual and fashionable. • The color of our custom aloha shirts could be slightly different on the screen than in real life. Why You'll Love It: • Lightweight, breathable fabric keeps you cool all day long. • Relaxed fit for maximum comfort in any setting. • Vibrant prints that let you stand out effortlessly. Care Instructions: • Wash inside out. • Machine wash cold with like colors. • Gentle cycle. • Only non-chlorine bleach when needed. • Tumble dry low. • Cool iron if needed.","https://hellaprints.com/metallic-gold-lion-with-palm-fronds-luxury-resort-statement-style-for-confident-men-hawaiian-shirt","https://d2dytk4tvgwhb4.cloudfront.net/duiyfppz/products/6a59f2409749136041e804dc/gallery/L_VP6M9LgQ/regular.jpg","29.95 USD","in stock","new","Apparel & Accessories > Clothing > Shirts & Tops","Shirts & Tops","https://d2dytk4tvgwhb4.cloudfront.net/duiyfppz/products/6a59f2409749136041e804dc/gallery/fI2mdPmwvw/regular.jpg,https://d2dytk4tvgwhb4.cloudfront.net/duiyfppz/products/6a59f2409749136041e804dc/gallery/GsXToDg1o2/regular.jpg,https://d2dytk4tvgwhb4.cloudfront.net/duiyfppz/products/6a59f2409749136041e804dc/gallery/OvF6q_z6cA/regular.jpg,https://d2dytk4tvgwhb4.cloudfront.net/duiyfppz/products/6a59f2409749136041e804dc/gallery/H7tFi34KtL/regular.jpg,https://d2dytk4tvgwhb4.cloudfront.net/duiyfppz/products/6a59f2409749136041e804dc/gallery/VMP1OzOivU/regular.jpg,https://d2dytk4tvgwhb4.cloudfront.net/duiyfppz/products/6a59f2409749136041e804dc/gallery/GFpt5KZOuC/regular.jpg","","HellaPrints","","","","","","harvester","https://hellaprints.com/metallic-gold-lion-with-palm-fronds-luxury-resort-statement-style-for-confident-men-hawaiian-shirt?utm_source=pinterest&utm_medium=cpc&utm_campaign=pinterest_shopping"
"6a59f09220a6ce416f517bbd","6a59f09220a6ce416f517bbd","Watercolor Lemon Orange Botanical Citrus Motif For Mediterranean Resort Vacation Wear Hawaiian Shirt","Hawaiian citrus botanical styling brings sun-ripened lemons, oranges, tangerines, blossoms, and leafy branches to vacation-ready wear. Airy ivory spacing and hand-painted watercolor texture create a cheerful Mediterranean resort feel. Lightweight short sleeves make it an easy choice for beach trips, cruises, summer parties, and casual getaways. A Hawaiian shirt is a breezy, summer essential – Perfect for trips to wear on vacation to tropical destinations. Product Details: • 100% woven polyester fabric offers outstanding durability, insulation, and wrinkle resistance. This lightweight, breathable, moisture-wicking fabric is perfect to keep you cool during the summer. • Simple and comfortable button closure makes it easy to style and layer with other trendy items. • Signature open Cuban collar with short sleeve and relaxed fit looks casual and fashionable. • The color of our custom aloha shirts could be slightly different on the screen than in real life. Why You'll Love It: • Lightweight, breathable fabric keeps you cool all day long. • Relaxed fit for maximum comfort in any setting. • Vibrant prints that let you stand out effortlessly. Care Instructions: • Wash inside out. • Machine wash cold with like colors. • Gentle cycle. • Only non-chlorine bleach when needed. • Tumble dry low. • Cool iron if needed.","https://hellaprints.com/watercolor-lemon-orange-botanical-citrus-motif-for-mediterranean-resort-vacation-wear-hawaiian-shirt","https://d2dytk4tvgwhb4.cloudfront.net/duiyfppz/products/6a59f09220a6ce416f517bbd/gallery/piCsKv3TuU/regular.jpg","29.95 USD","in stock","new","Apparel & Accessories > Clothing > Shirts & Tops","Shirts & Tops","https://d2dytk4tvgwhb4.cloudfront.net/duiyfppz/products/6a59f09220a6ce416f517bbd/gallery/OPHXtKTuz9/regular.jpg,https://d2dytk4tvgwhb4.cloudfront.net/duiyfppz/products/6a59f09220a6ce416f517bbd/gallery/mYL8fWE4Qf/regular.jpg,https://d2dytk4tvgwhb4.cloudfront.net/duiyfppz/products/6a59f09220a6ce416f517bbd/gallery/PoCjRJw7Ay/regular.jpg,https://d2dytk4tvgwhb4.cloudfront.net/duiyfppz/products/6a59f09220a6ce416f517bbd/gallery/LOLuQd32kA/regular.jpg,https://d2dytk4tvgwhb4.cloudfront.net/duiyfppz/products/6a59f09220a6ce416f517bbd/gallery/Gw0iHSp5Z-/regular.jpg,https://d2dytk4tvgwhb4.cloudfront.net/duiyfppz/products/6a59f09220a6ce416f517bbd/gallery/OwyV_Cs_xj/regular.jpg","","HellaPrints","","","","","","harvester","https://hellaprints.com/watercolor-lemon-orange-botanical-citrus-motif-for-mediterranean-resort-vacation-wear-hawaiian-shirt?utm_source=pinterest&utm_medium=cpc&utm_campaign=pinterest_shopping"
"6a55abde007fe1ff8fd66d47","6a55abde007fe1ff8fd66d47","Vintage Blue Rose Floral Yoga And Fitness Wear for Bohemian Garden Style Lovers Leggings","Leggings feature luminous vintage-blue roses, peony blooms, hydrangea florets, and leafy botanical details flowing from misty powder blue to deep cobalt. The romantic bohemian garden look suits yoga, fitness sessions, casual outings, travel, and everyday styling. A calm center flow and denser ankle florals create an elegant all-over finish. Step into all-day comfort and bold personal style with our All-Over Print Leggings. Cut from a buttery-soft, high-stretch fabric and printed edge to edge, they move with you from workouts to errands to lazy weekends — available in a classic full-length fit and an elegant flared silhouette. Available Styles: • Standard Leggings: High-waisted, skin-tight smooth stretch fit from waistband to a clean full-length ankle hem. • Flare Leggings: High-waisted and fitted through the hips and thighs, then flaring out below the knee into a wide, floor-length bell hem. Product Details: • Soft, breathable polyester-spandex blend with four-way stretch for a flattering, second-skin fit • High waistband for tummy support and all-day comfort — no drawstring, no pockets, no zippers • Vibrant, full-bleed all-over sublimation print that won't crack, peel, or fade • Squat-proof, opaque fabric that keeps its shape wear after wear • Flat, comfortable seams for a smooth look under any outfit Size Options: • Available in XS through 5XL for an inclusive, true-to-size fit. • Please check the size chart before ordering; between sizes, we recommend sizing up. Why You'll Love It: • 🩱 Buttery-soft, four-way-stretch fabric that feels great and moves with you • 🩱 Custom all-over print to show off your one-of-a-kind style • 🩱 High-waisted, squat-proof fit that flatters and stays put • 🩱 Two silhouettes — classic full-length or elegant flare — in one design • 🩱 A perfect gift for yoga, gym, athleisure, and everyday wear Care Instructions: • Wash inside out • Machine wash cold with like colors • Gentle cycle • Tumble dry low • Cool iron if needed","https://hellaprints.com/vintage-blue-rose-floral-yoga-and-fitness-wear-for-bohemian-garden-style-lovers-leggings","https://d2dytk4tvgwhb4.cloudfront.net/duiyfppz/products/6a55abde007fe1ff8fd66d47/standard-leggings/VnmOcR593e/regular.jpg","35.95 USD","in stock","new","","","https://d2dytk4tvgwhb4.cloudfront.net/duiyfppz/products/6a55abde007fe1ff8fd66d47/standard-leggings/AWOEFzQib1/regular.jpg,https://d2dytk4tvgwhb4.cloudfront.net/duiyfppz/products/6a55abde007fe1ff8fd66d47/standard-leggings/GYzkRtual7/regular.jpg,https://d2dytk4tvgwhb4.cloudfront.net/duiyfppz/products/6a55abde007fe1ff8fd66d47/standard-leggings/mGvBIoH50x/regular.jpg,https://d2dytk4tvgwhb4.cloudfront.net/duiyfppz/products/6a55abde007fe1ff8fd66d47/standard-leggings/c14oYZMvWA/regular.jpg,https://d2dytk4tvgwhb4.cloudfront.net/duiyfppz/products/6a55abde007fe1ff8fd66d47/standard-leggings/rMNhYYTLqZ/regular.jpg","","HellaPrints","","","","","","harvester","https://hellaprints.com/vintage-blue-rose-floral-yoga-and-fitness-wear-for-bohemian-garden-style-lovers-leggings?utm_source=pinterest&utm_medium=cpc&utm_campaign=pinterest_shopping"
"6a546b84eeaee3d534073bf7","6a546b84eeaee3d534073bf7","Tropical Lighthouse Sunset With Palms And Hibiscus For Coastal Travel Gifts For Women Quilted Weekend Bag","Weekend Bag features a tropical coastal sunset scene with white lighthouses, wind-bent palms, turquoise water, hibiscus, shells, and deep navy botanicals. A compact cream script “Your Name” plaque adds a refined personal touch. Ideal for beach trips, resort getaways, holidays, and coastal style lovers. All-over Print Quilted Weekender Bag combines functionality with a cozy handcrafted aesthetic, making it the perfect companion for travel, gym sessions, weekend getaways, or everyday lifestyle use. Material: • 100% polyester outer fabric with soft cotton padding, crafted for a lightweight yet structured feel. • The padded construction adds extra comfort while helping protect your belongings during daily use or travel. • Elegant quilted stitching creates a stylish, premium texture while improving durability and shape retention. • The soft padded surface gives the bag a cozy, fashionable look that stands out effortlessly. • Black inner lining, black piping, and a gray zipper create a clean, modern appearance while helping maintain the bag's structure and durability. The neutral color combination also makes the bag easy to pair with various fashion styles. • Soft padded handles provide a more comfortable carrying experience, helping reduce pressure on the hands and shoulders. Reinforced construction ensures reliable support even when the bag is fully packed. Size Options: • Available in two practical sizes (M and L) to suit different carrying needs, whether for short trips, gym essentials, carry-on luggage, or everyday storage. • Spacious enough to hold clothing, accessories, cosmetics, and other travel necessities. Why You'll Love It: • Its cozy, handcrafted quilted texture gives it a stylish, premium look that stands out from plain travel bags. • Soft cotton padding keeps your belongings protected while keeping the bag lightweight and comfortable to carry. • Padded handles ease pressure on your hands and shoulders, even when the bag is fully packed. • Two practical sizes (M & L) let you pick the right fit, from gym essentials to weekend getaways. • Vibrant, edge-to-edge full-print customization makes every bag unique for personalized or branded designs. Care Instructions: • Wash inside out. • Machine wash cold with like colors. • Gentle cycle. • Only non-chlorine bleach when needed. • Tumble dry low. • Cool iron if needed.","https://hellaprints.com/tropical-lighthouse-sunset-with-palms-and-hibiscus-for-coastal-travel-gifts-for-women-quilted-weekend-bag","https://d2dytk4tvgwhb4.cloudfront.net/duiyfppz/products/6a546b84eeaee3d534073bf7/gallery/JYIq4TH98/regular.jpg","39.95 USD","in stock","new","","","https://d2dytk4tvgwhb4.cloudfront.net/duiyfppz/products/6a546b84eeaee3d534073bf7/gallery/UmaTc4yhT/regular.jpg,https://d2dytk4tvgwhb4.cloudfront.net/duiyfppz/products/6a546b84eeaee3d534073bf7/gallery/nqox3HyZV/regular.jpg,https://d2dytk4tvgwhb4.cloudfront.net/duiyfppz/products/6a546b84eeaee3d534073bf7/gallery/1lZFasOpr/regular.jpg,https://d2dytk4tvgwhb4.cloudfront.net/duiyfppz/products/6a546b84eeaee3d534073bf7/gallery/N3CPscSTE/regular.jpg,https://d2dytk4tvgwhb4.cloudfront.net/duiyfppz/products/6a546b84eeaee3d534073bf7/gallery/PBt0SBZqp/regular.jpg","","HellaPrints","","","","","","harvester","https://hellaprints.com/tropical-lighthouse-sunset-with-palms-and-hibiscus-for-coastal-travel-gifts-for-women-quilted-weekend-bag?utm_source=pinterest&utm_medium=cpc&utm_campaign=pinterest_shopping"
"6a53a8e3eeaee30c5b057fb0","6a53a8e3eeaee30c5b057fb0","Woodland Raccoon Wildflower Forest With Butterflies For Travel Nature Lovers Gift Quilted Weekend Bag","Weekend Bag features an elegant woodland raccoon surrounded by saturated wildflowers, ferns, berries, mushrooms, butterflies, and cream forest toile details. A small lower-center cartouche reads Your Name for a refined personal touch. Ideal for nature lovers who enjoy expressive animal art and bold botanical style. All-over Print Quilted Weekender Bag combines functionality with a cozy handcrafted aesthetic, making it the perfect companion for travel, gym sessions, weekend getaways, or everyday lifestyle use. Material: • 100% polyester outer fabric with soft cotton padding, crafted for a lightweight yet structured feel. • The padded construction adds extra comfort while helping protect your belongings during daily use or travel. • Elegant quilted stitching creates a stylish, premium texture while improving durability and shape retention. • The soft padded surface gives the bag a cozy, fashionable look that stands out effortlessly. • Black inner lining, black piping, and a gray zipper create a clean, modern appearance while helping maintain the bag's structure and durability. The neutral color combination also makes the bag easy to pair with various fashion styles. • Soft padded handles provide a more comfortable carrying experience, helping reduce pressure on the hands and shoulders. Reinforced construction ensures reliable support even when the bag is fully packed. Size Options: • Available in two practical sizes (M and L) to suit different carrying needs, whether for short trips, gym essentials, carry-on luggage, or everyday storage. • Spacious enough to hold clothing, accessories, cosmetics, and other travel necessities. Why You'll Love It: • Its cozy, handcrafted quilted texture gives it a stylish, premium look that stands out from plain travel bags. • Soft cotton padding keeps your belongings protected while keeping the bag lightweight and comfortable to carry. • Padded handles ease pressure on your hands and shoulders, even when the bag is fully packed. • Two practical sizes (M & L) let you pick the right fit, from gym essentials to weekend getaways. • Vibrant, edge-to-edge full-print customization makes every bag unique for personalized or branded designs. Care Instructions: • Wash inside out. • Machine wash cold with like colors. • Gentle cycle. • Only non-chlorine bleach when needed. • Tumble dry low. • Cool iron if needed.","https://hellaprints.com/woodland-raccoon-wildflower-forest-with-butterflies-for-travel-nature-lovers-gift-quilted-weekend-bag","https://d2dytk4tvgwhb4.cloudfront.net/duiyfppz/products/6a53a8e3eeaee30c5b057fb0/gallery/fuS0vzRbW/regular.jpg","39.95 USD","in stock","new","","","https://d2dytk4tvgwhb4.cloudfront.net/duiyfppz/products/6a53a8e3eeaee30c5b057fb0/gallery/5NWOs9VMF/regular.jpg,https://d2dytk4tvgwhb4.cloudfront.net/duiyfppz/products/6a53a8e3eeaee30c5b057fb0/gallery/OUrm4XM4n/regular.jpg,https://d2dytk4tvgwhb4.cloudfront.net/duiyfppz/products/6a53a8e3eeaee30c5b057fb0/gallery/qfTUIBWg4/regular.jpg,https://d2dytk4tvgwhb4.cloudfront.net/duiyfppz/products/6a53a8e3eeaee30c5b057fb0/gallery/Wjn_V_PWl/regular.jpg,https://d2dytk4tvgwhb4.cloudfront.net/duiyfppz/products/6a53a8e3eeaee30c5b057fb0/gallery/hL7oncJ4b/regular.jpg","","HellaPrints","","","","","","harvester","https://hellaprints.com/woodland-raccoon-wildflower-forest-with-butterflies-for-travel-nature-lovers-gift-quilted-weekend-bag?utm_source=pinterest&utm_medium=cpc&utm_campaign=pinterest_shopping"
"6a4f8433af7d64591e1b52f4","6a4f8433af7d64591e1b52f4","Regal Afrocentric Queen With Headwrap For Luxe Travel Style And Boho Getaway Looks Quilted Weekend Bag","Weekend Bag featuring a regal African-inspired queen in elegant side profile with a tall geometric headwrap and aged gold spiral earrings. Deep charcoal ornamental florals, palms, vines, dots, and mudcloth motifs create a bold luxury look. Ideal for stylish getaways, gym days, shopping, and everyday travel. All-over Print Quilted Weekender Bag combines functionality with a cozy handcrafted aesthetic, making it the perfect companion for travel, gym sessions, weekend getaways, or everyday lifestyle use. Material: • 100% polyester outer fabric with soft cotton padding, crafted for a lightweight yet structured feel. • The padded construction adds extra comfort while helping protect your belongings during daily use or travel. • Elegant quilted stitching creates a stylish, premium texture while improving durability and shape retention. • The soft padded surface gives the bag a cozy, fashionable look that stands out effortlessly. • Black inner lining, black piping, and a gray zipper create a clean, modern appearance while helping maintain the bag's structure and durability. The neutral color combination also makes the bag easy to pair with various fashion styles. • Soft padded handles provide a more comfortable carrying experience, helping reduce pressure on the hands and shoulders. Reinforced construction ensures reliable support even when the bag is fully packed. Size Options: • Available in two practical sizes (M and L) to suit different carrying needs, whether for short trips, gym essentials, carry-on luggage, or everyday storage. • Spacious enough to hold clothing, accessories, cosmetics, and other travel necessities. Why You'll Love It: • Its cozy, handcrafted quilted texture gives it a stylish, premium look that stands out from plain travel bags. • Soft cotton padding keeps your belongings protected while keeping the bag lightweight and comfortable to carry. • Padded handles ease pressure on your hands and shoulders, even when the bag is fully packed. • Two practical sizes (M & L) let you pick the right fit, from gym essentials to weekend getaways. • Vibrant, edge-to-edge full-print customization makes every bag unique for personalized or branded designs. Care Instructions: • Wash inside out. • Machine wash cold with like colors. • Gentle cycle. • Only non-chlorine bleach when needed. • Tumble dry low. • Cool iron if needed.","https://hellaprints.com/regal-afrocentric-queen-with-headwrap-for-luxe-travel-style-and-boho-getaway-looks-quilted-weekend-bag","https://d2dytk4tvgwhb4.cloudfront.net/duiyfppz/products/6a4f8433af7d64591e1b52f4/gallery/6_95YO2ErM/regular.jpg","39.95 USD","in stock","new","","","https://d2dytk4tvgwhb4.cloudfront.net/duiyfppz/products/6a4f8433af7d64591e1b52f4/gallery/Bg1Qmqjhym/regular.jpg,https://d2dytk4tvgwhb4.cloudfront.net/duiyfppz/products/6a4f8433af7d64591e1b52f4/gallery/l9WCWwK7lB/regular.jpg,https://d2dytk4tvgwhb4.cloudfront.net/duiyfppz/products/6a4f8433af7d64591e1b52f4/gallery/PBn8RlG5-1/regular.jpg,https://d2dytk4tvgwhb4.cloudfront.net/duiyfppz/products/6a4f8433af7d64591e1b52f4/gallery/nr9R2qmRcx/regular.jpg,https://d2dytk4tvgwhb4.cloudfront.net/duiyfppz/products/6a4f8433af7d64591e1b52f4/gallery/FLICqIGeUI/regular.jpg","","HellaPrints","","","","","","harvester","https://hellaprints.com/regal-afrocentric-queen-with-headwrap-for-luxe-travel-style-and-boho-getaway-looks-quilted-weekend-bag?utm_source=pinterest&utm_medium=cpc&utm_campaign=pinterest_shopping"
"6a4f789894e8535be154c585","6a4f789894e8535be154c585","Vintage Boho Dachshund Folk Art With Heritage Quilt Style For Travel Loving Dog Moms Quilted Weekend Bag","Weekend Bag features four elegant dachshunds in a warm vintage boho folk art scene. Rich quilt-inspired panels, paisley accents, florals, and earthy terracotta, teal, ochre, olive, and espresso tones create a bold travel-ready look. A stylish choice for dachshund lovers, dog moms, road trips, gym days, and overnight escapes. All-over Print Quilted Weekender Bag combines functionality with a cozy handcrafted aesthetic, making it the perfect companion for travel, gym sessions, weekend getaways, or everyday lifestyle use. Material: • 100% polyester outer fabric with soft cotton padding, crafted for a lightweight yet structured feel. • The padded construction adds extra comfort while helping protect your belongings during daily use or travel. • Elegant quilted stitching creates a stylish, premium texture while improving durability and shape retention. • The soft padded surface gives the bag a cozy, fashionable look that stands out effortlessly. • Black inner lining, black piping, and a gray zipper create a clean, modern appearance while helping maintain the bag's structure and durability. The neutral color combination also makes the bag easy to pair with various fashion styles. • Soft padded handles provide a more comfortable carrying experience, helping reduce pressure on the hands and shoulders. Reinforced construction ensures reliable support even when the bag is fully packed. Size Options: • Available in two practical sizes (M and L) to suit different carrying needs, whether for short trips, gym essentials, carry-on luggage, or everyday storage. • Spacious enough to hold clothing, accessories, cosmetics, and other travel necessities. Why You'll Love It: • Its cozy, handcrafted quilted texture gives it a stylish, premium look that stands out from plain travel bags. • Soft cotton padding keeps your belongings protected while keeping the bag lightweight and comfortable to carry. • Padded handles ease pressure on your hands and shoulders, even when the bag is fully packed. • Two practical sizes (M & L) let you pick the right fit, from gym essentials to weekend getaways. • Vibrant, edge-to-edge full-print customization makes every bag unique for personalized or branded designs. Care Instructions: • Wash inside out. • Machine wash cold with like colors. • Gentle cycle. • Only non-chlorine bleach when needed. • Tumble dry low. • Cool iron if needed.","https://hellaprints.com/vintage-boho-dachshund-folk-art-with-heritage-quilt-style-for-travel-loving-dog-moms-quilted-weekend-bag","https://d2dytk4tvgwhb4.cloudfront.net/duiyfppz/products/6a4f789894e8535be154c585/gallery/Y0oE_yA9IN/regular.jpg","39.95 USD","in stock","new","Home & Garden > Linens & Bedding > Bedding > Blankets","Blankets","https://d2dytk4tvgwhb4.cloudfront.net/duiyfppz/products/6a4f789894e8535be154c585/gallery/T7MuBTSuBj/regular.jpg,https://d2dytk4tvgwhb4.cloudfront.net/duiyfppz/products/6a4f789894e8535be154c585/gallery/DEVl2k81BA/regular.jpg,https://d2dytk4tvgwhb4.cloudfront.net/duiyfppz/products/6a4f789894e8535be154c585/gallery/oT-4gZTBG4/regular.jpg,https://d2dytk4tvgwhb4.cloudfront.net/duiyfppz/products/6a4f789894e8535be154c585/gallery/3VkpM8XdkM/regular.jpg,https://d2dytk4tvgwhb4.cloudfront.net/duiyfppz/products/6a4f789894e8535be154c585/gallery/YZbzxYvEE8/regular.jpg","","HellaPrints","","","","","","harvester","https://hellaprints.com/vintage-boho-dachshund-folk-art-with-heritage-quilt-style-for-travel-loving-dog-moms-quilted-weekend-bag?utm_source=pinterest&utm_medium=cpc&utm_campaign=pinterest_shopping"
"6a4cd3f9efc6968e52356f3b","6a4cd3f9efc6968e52356f3b","Purple Hummingbird With Lavender Florals For Nature Lovers And Botanical Decor Fans Car Sunshade","Car Sunshade features a jewel-toned hummingbird hovering toward lavender blossoms across a warm ivory watercolor field. Violet, magenta, teal, emerald, and soft blue feather details pair with curling stems, orchid-like flowers, pink buds, and layered leaves. Edge-to-edge botanical accents create a premium nature-inspired look while keeping the bird and main blooms centered. Don’t need to worry about your car interior getting beaten up by the harsh sunlight. This car sunshade will block the sunlight from entering the cabin and keep your interior intact and long-lasting. More than just a handy car sunshade, it is also an interesting car accessory. Product Details: • High-quality material with reflective mylar film on one side: Effectively blocks direct sunlight and heat to keep the interior cool even when the car is parked outside on a sunny day. It helps protect your dashboard and interior materials from fading or degrading due to heat and UV damage. • Easy setup: The car sunshade comes with two rubber suction cups that help it stick firmly to the windshield. It is also easy to install and remove. • Compact and lightweight: You can easily fold it up, keep it inside the car, and install it whenever needed. • Carefully bound edges for a clean finished look and extended durability. • Sublimation printing provides a vibrant and high-quality print. • Size: 57 x 27.5 inch - Universal size that fits the windshield of most cars. Why You Will Love It: • Blocks harsh sunlight and helps keep your car cabin noticeably cooler. • Protects your dashboard and interior from fading, cracking, and UV damage. • Quick and secure to use with suction cups for everyday convenience. • Folds down neatly for compact storage when not in use. • Adds both protection and personality as a practical car accessory. Care Instructions: • Wipe clean with a soft damp cloth. • Do not bleach. • Air dry only.","https://hellaprints.com/purple-hummingbird-with-lavender-florals-for-nature-lovers-and-botanical-decor-fans-car-sunshade","https://d2dytk4tvgwhb4.cloudfront.net/duiyfppz/products/6a4cd3f9efc6968e52356f3b/gallery/CVyJVY-Huy/regular.jpg","41.95 USD","in stock","new","Vehicles & Parts > Vehicle Parts & Accessories > Vehicle Sunshades","Vehicle Sunshades","https://d2dytk4tvgwhb4.cloudfront.net/duiyfppz/products/6a4cd3f9efc6968e52356f3b/gallery/whNUR13xjU/regular.jpg,https://d2dytk4tvgwhb4.cloudfront.net/duiyfppz/products/6a4cd3f9efc6968e52356f3b/gallery/OcDTjIEwsb/regular.jpg,https://d2dytk4tvgwhb4.cloudfront.net/duiyfppz/products/6a4cd3f9efc6968e52356f3b/gallery/U9wTYs_Gb3/regular.jpg,https://d2dytk4tvgwhb4.cloudfront.net/duiyfppz/products/6a4cd3f9efc6968e52356f3b/gallery/zbx2UjdEjj/regular.jpg,https://d2dytk4tvgwhb4.cloudfront.net/duiyfppz/products/6a4cd3f9efc6968e52356f3b/gallery/LD3o_NSHRc/regular.jpg","","HellaPrints","","","57 x 27.5","","","harvester","https://hellaprints.com/purple-hummingbird-with-lavender-florals-for-nature-lovers-and-botanical-decor-fans-car-sunshade?utm_source=pinterest&utm_medium=cpc&utm_campaign=pinterest_shopping"
"6a4cd32eef1130fff95f86b0","6a4cd32eef1130fff95f86b0","Purple Dragon With Gothic Castle And Mystic Dusk Fantasy Decor For Medieval Fans Car Sunshade","Car Sunshade features a majestic purple and black dragon with glowing red eyes, spread bat-like wings, sharp claws, and a curled tail in magenta mist. Gothic castle towers, bats, mountains, and smoky dusk clouds create a dramatic medieval fantasy scene. Edge-to-edge styling gives your vehicle a bold, premium dark fantasy accent. Don’t need to worry about your car interior getting beaten up by the harsh sunlight. This car sunshade will block the sunlight from entering the cabin and keep your interior intact and long-lasting. More than just a handy car sunshade, it is also an interesting car accessory. Product Details: • High-quality material with reflective mylar film on one side: Effectively blocks direct sunlight and heat to keep the interior cool even when the car is parked outside on a sunny day. It helps protect your dashboard and interior materials from fading or degrading due to heat and UV damage. • Easy setup: The car sunshade comes with two rubber suction cups that help it stick firmly to the windshield. It is also easy to install and remove. • Compact and lightweight: You can easily fold it up, keep it inside the car, and install it whenever needed. • Carefully bound edges for a clean finished look and extended durability. • Sublimation printing provides a vibrant and high-quality print. • Size: 57 x 27.5 inch - Universal size that fits the windshield of most cars. Why You Will Love It: • Blocks harsh sunlight and helps keep your car cabin noticeably cooler. • Protects your dashboard and interior from fading, cracking, and UV damage. • Quick and secure to use with suction cups for everyday convenience. • Folds down neatly for compact storage when not in use. • Adds both protection and personality as a practical car accessory. Care Instructions: • Wipe clean with a soft damp cloth. • Do not bleach. • Air dry only.","https://hellaprints.com/purple-dragon-with-gothic-castle-and-mystic-dusk-fantasy-decor-for-medieval-fans-car-sunshade","https://d2dytk4tvgwhb4.cloudfront.net/duiyfppz/products/6a4cd32eef1130fff95f86b0/gallery/Qzhfv3SDTN/regular.jpg","41.95 USD","in stock","new","Vehicles & Parts > Vehicle Parts & Accessories > Vehicle Sunshades","Vehicle Sunshades","https://d2dytk4tvgwhb4.cloudfront.net/duiyfppz/products/6a4cd32eef1130fff95f86b0/gallery/0F_RsGVK-v/regular.jpg,https://d2dytk4tvgwhb4.cloudfront.net/duiyfppz/products/6a4cd32eef1130fff95f86b0/gallery/BizfEdVl_t/regular.jpg,https://d2dytk4tvgwhb4.cloudfront.net/duiyfppz/products/6a4cd32eef1130fff95f86b0/gallery/YpgPvnKyCF/regular.jpg,https://d2dytk4tvgwhb4.cloudfront.net/duiyfppz/products/6a4cd32eef1130fff95f86b0/gallery/9ZtVhUTbH6/regular.jpg,https://d2dytk4tvgwhb4.cloudfront.net/duiyfppz/products/6a4cd32eef1130fff95f86b0/gallery/z2bIQquKR9/regular.jpg","","HellaPrints","","","57 x 27.5","","","harvester","https://hellaprints.com/purple-dragon-with-gothic-castle-and-mystic-dusk-fantasy-decor-for-medieval-fans-car-sunshade?utm_source=pinterest&utm_medium=cpc&utm_campaign=pinterest_shopping"
"6a4cb80e3686c2d8195d9e1a","6a4cb80e3686c2d8195d9e1a","Mystical Black Panther With Cyan Eyes For Night Drive Jungle Fantasy Wildlife Fans Car Sunshade","Car Sunshade features a majestic black panther emerging from a midnight jungle with glowing cyan eyes, blue rim light, mist, stars, and luminous lotus accents. The full-bleed fantasy scene creates dramatic edge-to-edge visual impact with deep blues, teal highlights, and painterly realistic detail. Ideal for drivers who love mystical wildlife, bold nocturnal style, and premium dark jungle atmosphere. Don’t need to worry about your car interior getting beaten up by the harsh sunlight. This car sunshade will block the sunlight from entering the cabin and keep your interior intact and long-lasting. More than just a handy car sunshade, it is also an interesting car accessory. Product Details: • High-quality material with reflective mylar film on one side: Effectively blocks direct sunlight and heat to keep the interior cool even when the car is parked outside on a sunny day. It helps protect your dashboard and interior materials from fading or degrading due to heat and UV damage. • Easy setup: The car sunshade comes with two rubber suction cups that help it stick firmly to the windshield. It is also easy to install and remove. • Compact and lightweight: You can easily fold it up, keep it inside the car, and install it whenever needed. • Carefully bound edges for a clean finished look and extended durability. • Sublimation printing provides a vibrant and high-quality print. • Size: 57 x 27.5 inch - Universal size that fits the windshield of most cars. Why You Will Love It: • Blocks harsh sunlight and helps keep your car cabin noticeably cooler. • Protects your dashboard and interior from fading, cracking, and UV damage. • Quick and secure to use with suction cups for everyday convenience. • Folds down neatly for compact storage when not in use. • Adds both protection and personality as a practical car accessory. Care Instructions: • Wipe clean with a soft damp cloth. • Do not bleach. • Air dry only.","https://hellaprints.com/mystical-black-panther-with-cyan-eyes-for-night-drive-jungle-fantasy-wildlife-fans-car-sunshade","https://d2dytk4tvgwhb4.cloudfront.net/duiyfppz/products/6a4cb80e3686c2d8195d9e1a/gallery/I4H_-8oJUf/regular.jpg","41.95 USD","in stock","new","Vehicles & Parts > Vehicle Parts & Accessories > Vehicle Sunshades","Vehicle Sunshades","https://d2dytk4tvgwhb4.cloudfront.net/duiyfppz/products/6a4cb80e3686c2d8195d9e1a/gallery/-2kmTAnbN6/regular.jpg,https://d2dytk4tvgwhb4.cloudfront.net/duiyfppz/products/6a4cb80e3686c2d8195d9e1a/gallery/5R102GSMqL/regular.jpg,https://d2dytk4tvgwhb4.cloudfront.net/duiyfppz/products/6a4cb80e3686c2d8195d9e1a/gallery/Sncd9Us-zz/regular.jpg,https://d2dytk4tvgwhb4.cloudfront.net/duiyfppz/products/6a4cb80e3686c2d8195d9e1a/gallery/dLM47F6xuM/regular.jpg,https://d2dytk4tvgwhb4.cloudfront.net/duiyfppz/products/6a4cb80e3686c2d8195d9e1a/gallery/9w5bGjxh5C/regular.jpg","","HellaPrints","","","57 x 27.5","","","harvester","https://hellaprints.com/mystical-black-panther-with-cyan-eyes-for-night-drive-jungle-fantasy-wildlife-fans-car-sunshade?utm_source=pinterest&utm_medium=cpc&utm_campaign=pinterest_shopping"
"6a4cb756ef1130a6fa5f6f86","6a4cb756ef1130a6fa5f6f86","Bald Eagle With Distressed American Flag For Patriotic Road Trips And Veterans Fans Car Sunshade","Car Sunshade showcases a powerful bald eagle landing over weathered American flag elements in deep navy, crimson, antique white, brown, and charcoal tones. Full-bleed distressed stars, stripes, scratches, and cracked paint create rugged patriotic impact from edge to edge. A bold choice for USA pride, road trips, military families, veterans, and everyday vehicle style. Don’t need to worry about your car interior getting beaten up by the harsh sunlight. This car sunshade will block the sunlight from entering the cabin and keep your interior intact and long-lasting. More than just a handy car sunshade, it is also an interesting car accessory. Product Details: • High-quality material with reflective mylar film on one side: Effectively blocks direct sunlight and heat to keep the interior cool even when the car is parked outside on a sunny day. It helps protect your dashboard and interior materials from fading or degrading due to heat and UV damage. • Easy setup: The car sunshade comes with two rubber suction cups that help it stick firmly to the windshield. It is also easy to install and remove. • Compact and lightweight: You can easily fold it up, keep it inside the car, and install it whenever needed. • Carefully bound edges for a clean finished look and extended durability. • Sublimation printing provides a vibrant and high-quality print. • Size: 57 x 27.5 inch - Universal size that fits the windshield of most cars. Why You Will Love It: • Blocks harsh sunlight and helps keep your car cabin noticeably cooler. • Protects your dashboard and interior from fading, cracking, and UV damage. • Quick and secure to use with suction cups for everyday convenience. • Folds down neatly for compact storage when not in use. • Adds both protection and personality as a practical car accessory. Care Instructions: • Wipe clean with a soft damp cloth. • Do not bleach. • Air dry only.","https://hellaprints.com/bald-eagle-with-distressed-american-flag-for-patriotic-road-trips-and-veterans-fans-car-sunshade","https://d2dytk4tvgwhb4.cloudfront.net/duiyfppz/products/6a4cb756ef1130a6fa5f6f86/gallery/S_JiSTpI57/regular.jpg","41.95 USD","in stock","new","Home & Garden > Lawn & Garden > Outdoor Living > Garden Flags","Garden Flags","https://d2dytk4tvgwhb4.cloudfront.net/duiyfppz/products/6a4cb756ef1130a6fa5f6f86/gallery/axOJrNQqHz/regular.jpg,https://d2dytk4tvgwhb4.cloudfront.net/duiyfppz/products/6a4cb756ef1130a6fa5f6f86/gallery/4CIp9TssnY/regular.jpg,https://d2dytk4tvgwhb4.cloudfront.net/duiyfppz/products/6a4cb756ef1130a6fa5f6f86/gallery/8E_GhxyVpM/regular.jpg,https://d2dytk4tvgwhb4.cloudfront.net/duiyfppz/products/6a4cb756ef1130a6fa5f6f86/gallery/5gF5t18HJh/regular.jpg,https://d2dytk4tvgwhb4.cloudfront.net/duiyfppz/products/6a4cb756ef1130a6fa5f6f86/gallery/WQ-4JJmhRQ/regular.jpg","","HellaPrints","","","57 x 27.5","","","harvester","https://hellaprints.com/bald-eagle-with-distressed-american-flag-for-patriotic-road-trips-and-veterans-fans-car-sunshade?utm_source=pinterest&utm_medium=cpc&utm_campaign=pinterest_shopping"
"6a4b75d66e4e0dc137875d78","6a4b75d66e4e0dc137875d78","Custom Mom Photo Night Light, Personalized Acrylic LED Gift For Mom, Grandma","Illuminate your space with a personalized touch using our Name Night Light. Designed to add a whimsical flair to any room, this customizable light is a must-have for those seeking to create an ambient space. Here's why it's the perfect addition to your decor: • Non-toxic 1.5cm-thick acrylic material, safe for any room including children's spaces • Acrylic sizes: 5.9x3in and 7.87x3in • Custom shape acrylic: Our night light allows you to spell out any name or word of your choosing, adding a unique touch to your space. Whether it's your child's name, a favorite word, or a special message, the possibilities are endless. • Printed decoration details: Adding a touch of charm, our night light features printed details that are resistant to fading or discoloration over time. This ensures that your light remains vibrant and eye-catching, even after prolonged use. You can add floral, or any design motif to decorate the acrylic part. • Wooden Base: Available in two sizes (15cm-long base for 5.9x3in option and 20cm-long base for 7.87x3in), our Name Night Light is accompanied by a sturdy wooden base that provides stability and support. The size of the base is selected to adapt to the length of the name or word, ensuring a balanced and aesthetically pleasing display. Plus, the natural wood finish adds warmth and character to any setting. • Integrated LED Lighting: • Yellow LED: Warm and calming yellow light creates a cozy and inviting atmosphere, making spaces feel more welcoming and relaxed. • 7-color LED: Captivating colors to suit any mood or occasion. Whether you prefer a soft, calming glow or a vibrant burst of color, our night light allows you to effortlessly customize your lighting experience. • Convenient USB cable wire. Transform your space into a personalized sanctuary with our Name Night Light. With its customizable design, durable materials, and versatile lighting options, this charming accessory is sure to become a cherished focal point in your home. Why You'll Love It: • Fully customizable with any name or message for a unique, personal touch • Safe, non-toxic acrylic perfect for children's rooms • Fade-resistant prints keep your night light vibrant over time • Versatile lighting: warm yellow or 7-color LED to match any mood • Natural wooden base adds elegance and stability • Easy USB power - just plug in and enjoy • Perfect gift for birthdays, baby showers, and special occasions Care Instructions: • Wipe it off gently with a clean, dry cloth.","https://hellaprints.com/personalized-photo-night-light-for-grandma-mimi-gift-from-grandkids-custom-collage-acrylic-lamp-mothers-day-led-sign","https://d2dytk4tvgwhb4.cloudfront.net/duiyfppz/products/6a4b75d66e4e0dc137875d78/7-colors-led-base/auKuPw1fSQ/regular.jpg","36.95 USD","in stock","new","Home & Garden > Lighting > Night Lights & Ambient Lighting","Night Lights & Ambient Lighting","https://d2dytk4tvgwhb4.cloudfront.net/duiyfppz/products/6a4b75d66e4e0dc137875d78/gallery/yINqXLS9s/regular.jpg,https://d2dytk4tvgwhb4.cloudfront.net/duiyfppz/products/6a4b75d66e4e0dc137875d78/gallery/vHiEbdww1/regular.jpg,https://d2dytk4tvgwhb4.cloudfront.net/duiyfppz/products/6a4b75d66e4e0dc137875d78/gallery/qg2RYpVHq/regular.jpg","","HellaPrints","","","","","","harvester","https://hellaprints.com/personalized-photo-night-light-for-grandma-mimi-gift-from-grandkids-custom-collage-acrylic-lamp-mothers-day-led-sign?utm_source=pinterest&utm_medium=cpc&utm_campaign=pinterest_shopping"
"6a4b455521ae6aa01871b197","6a4b455521ae6aa01871b197","God Is Good All The Time Glitter Script Heart Cross Faith Decor For Christian Women Car Sunshade","Car Sunshade features the phrase “God is good all the time” in sparkling magenta, pink, and violet script on a deep emerald black background. A graceful heart with an integrated cross adds a feminine devotional touch. Twinkles, shimmer, and soft bokeh accents create bold full-coverage faith style for daily travel. Don’t need to worry about your car interior getting beaten up by the harsh sunlight. This car sunshade will block the sunlight from entering the cabin and keep your interior intact and long-lasting. More than just a handy car sunshade, it is also an interesting car accessory. Product Details: • High-quality material with reflective mylar film on one side: Effectively blocks direct sunlight and heat to keep the interior cool even when the car is parked outside on a sunny day. It helps protect your dashboard and interior materials from fading or degrading due to heat and UV damage. • Easy setup: The car sunshade comes with two rubber suction cups that help it stick firmly to the windshield. It is also easy to install and remove. • Compact and lightweight: You can easily fold it up, keep it inside the car, and install it whenever needed. • Carefully bound edges for a clean finished look and extended durability. • Sublimation printing provides a vibrant and high-quality print. • Size: 57 x 27.5 inch - Universal size that fits the windshield of most cars. Why You Will Love It: • Blocks harsh sunlight and helps keep your car cabin noticeably cooler. • Protects your dashboard and interior from fading, cracking, and UV damage. • Quick and secure to use with suction cups for everyday convenience. • Folds down neatly for compact storage when not in use. • Adds both protection and personality as a practical car accessory. Care Instructions: • Wipe clean with a soft damp cloth. • Do not bleach. • Air dry only.","https://hellaprints.com/god-is-good-all-the-time-glitter-script-heart-cross-faith-decor-for-christian-women-car-sunshade","https://d2dytk4tvgwhb4.cloudfront.net/duiyfppz/products/6a4b455521ae6aa01871b197/gallery/ddj5QVPxyF/regular.jpg","41.95 USD","in stock","new","Vehicles & Parts > Vehicle Parts & Accessories > Vehicle Sunshades","Vehicle Sunshades","https://d2dytk4tvgwhb4.cloudfront.net/duiyfppz/products/6a4b455521ae6aa01871b197/gallery/sh27pihO6J/regular.jpg,https://d2dytk4tvgwhb4.cloudfront.net/duiyfppz/products/6a4b455521ae6aa01871b197/gallery/0ckdd0oT1l/regular.jpg,https://d2dytk4tvgwhb4.cloudfront.net/duiyfppz/products/6a4b455521ae6aa01871b197/gallery/f-jzYBW6bc/regular.jpg,https://d2dytk4tvgwhb4.cloudfront.net/duiyfppz/products/6a4b455521ae6aa01871b197/gallery/NoQqYgXuNI/regular.jpg,https://d2dytk4tvgwhb4.cloudfront.net/duiyfppz/products/6a4b455521ae6aa01871b197/gallery/vwSqDES-a3/regular.jpg","","HellaPrints","","","57 x 27.5","","","harvester","https://hellaprints.com/god-is-good-all-the-time-glitter-script-heart-cross-faith-decor-for-christian-women-car-sunshade?utm_source=pinterest&utm_medium=cpc&utm_campaign=pinterest_shopping"
"6a4b35f420b839854a1a7b46","6a4b35f420b839854a1a7b46","Alpha Wolf Mountain Forest Sunrise Wilderness Decor For Nature Lovers And Hunters Car Sunshade","Car Sunshade features a majestic gray alpha wolf with amber eyes, loyal pack companions, and a rugged mountain forest scene. Warm sunrise haze, pine silhouettes, rocky ledges, drifting fog, and golden ember tones create a bold wilderness look. High-detail realistic styling brings crisp fur, bark, and stone texture for fans of wolves, camping, and outdoor adventure. Don’t need to worry about your car interior getting beaten up by the harsh sunlight. This car sunshade will block the sunlight from entering the cabin and keep your interior intact and long-lasting. More than just a handy car sunshade, it is also an interesting car accessory. Product Details: • High-quality material with reflective mylar film on one side: Effectively blocks direct sunlight and heat to keep the interior cool even when the car is parked outside on a sunny day. It helps protect your dashboard and interior materials from fading or degrading due to heat and UV damage. • Easy setup: The car sunshade comes with two rubber suction cups that help it stick firmly to the windshield. It is also easy to install and remove. • Compact and lightweight: You can easily fold it up, keep it inside the car, and install it whenever needed. • Carefully bound edges for a clean finished look and extended durability. • Sublimation printing provides a vibrant and high-quality print. • Size: 57 x 27.5 inch - Universal size that fits the windshield of most cars. Why You Will Love It: • Blocks harsh sunlight and helps keep your car cabin noticeably cooler. • Protects your dashboard and interior from fading, cracking, and UV damage. • Quick and secure to use with suction cups for everyday convenience. • Folds down neatly for compact storage when not in use. • Adds both protection and personality as a practical car accessory. Care Instructions: • Wipe clean with a soft damp cloth. • Do not bleach. • Air dry only.","https://hellaprints.com/alpha-wolf-mountain-forest-sunrise-wilderness-decor-for-nature-lovers-and-hunters-car-sunshade","https://d2dytk4tvgwhb4.cloudfront.net/duiyfppz/products/6a4b35f420b839854a1a7b46/gallery/j2ZJUZwwJP/regular.jpg","41.95 USD","in stock","new","Vehicles & Parts > Vehicle Parts & Accessories > Vehicle Sunshades","Vehicle Sunshades","https://d2dytk4tvgwhb4.cloudfront.net/duiyfppz/products/6a4b35f420b839854a1a7b46/gallery/pFLvjqDqQX/regular.jpg,https://d2dytk4tvgwhb4.cloudfront.net/duiyfppz/products/6a4b35f420b839854a1a7b46/gallery/stTs9GZKSW/regular.jpg,https://d2dytk4tvgwhb4.cloudfront.net/duiyfppz/products/6a4b35f420b839854a1a7b46/gallery/MHevVxrKpJ/regular.jpg,https://d2dytk4tvgwhb4.cloudfront.net/duiyfppz/products/6a4b35f420b839854a1a7b46/gallery/mcsP1LFNIZ/regular.jpg,https://d2dytk4tvgwhb4.cloudfront.net/duiyfppz/products/6a4b35f420b839854a1a7b46/gallery/j3uCXSyi_g/regular.jpg","","HellaPrints","","","57 x 27.5","","","harvester","https://hellaprints.com/alpha-wolf-mountain-forest-sunrise-wilderness-decor-for-nature-lovers-and-hunters-car-sunshade?utm_source=pinterest&utm_medium=cpc&utm_campaign=pinterest_shopping"
"6a4b13bd1e29dc4b4d61f6a4","6a4b13bd1e29dc4b4d61f6a4","Roaring Electric Blue Lion With Dark Roses For Bold Storm Energy Road Style Drivers Car Sunshade","Car Sunshade features a fierce roaring lion with a wind-swept golden mane, electric-blue lightning, and deep blue roses across a dark storm scene. High-detail realistic painted styling creates dramatic contrast with cyan glow, smoke, sparks, and rich shadow depth. Edge-to-edge coverage gives a bold premium look for drivers who love powerful wildlife and storm energy themes. Don’t need to worry about your car interior getting beaten up by the harsh sunlight. This car sunshade will block the sunlight from entering the cabin and keep your interior intact and long-lasting. More than just a handy car sunshade, it is also an interesting car accessory. Product Details: • High-quality material with reflective mylar film on one side: Effectively blocks direct sunlight and heat to keep the interior cool even when the car is parked outside on a sunny day. It helps protect your dashboard and interior materials from fading or degrading due to heat and UV damage. • Easy setup: The car sunshade comes with two rubber suction cups that help it stick firmly to the windshield. It is also easy to install and remove. • Compact and lightweight: You can easily fold it up, keep it inside the car, and install it whenever needed. • Carefully bound edges for a clean finished look and extended durability. • Sublimation printing provides a vibrant and high-quality print. • Size: 57 x 27.5 inch - Universal size that fits the windshield of most cars. Why You Will Love It: • Blocks harsh sunlight and helps keep your car cabin noticeably cooler. • Protects your dashboard and interior from fading, cracking, and UV damage. • Quick and secure to use with suction cups for everyday convenience. • Folds down neatly for compact storage when not in use. • Adds both protection and personality as a practical car accessory. Care Instructions: • Wipe clean with a soft damp cloth. • Do not bleach. • Air dry only.","https://hellaprints.com/roaring-electric-blue-lion-with-dark-roses-for-bold-storm-energy-road-style-drivers-car-sunshade","https://d2dytk4tvgwhb4.cloudfront.net/duiyfppz/products/6a4b13bd1e29dc4b4d61f6a4/gallery/_LM8aTw_iK/regular.jpg","41.95 USD","in stock","new","Vehicles & Parts > Vehicle Parts & Accessories > Vehicle Sunshades","Vehicle Sunshades","https://d2dytk4tvgwhb4.cloudfront.net/duiyfppz/products/6a4b13bd1e29dc4b4d61f6a4/gallery/FJLg5m96WF/regular.jpg,https://d2dytk4tvgwhb4.cloudfront.net/duiyfppz/products/6a4b13bd1e29dc4b4d61f6a4/gallery/cqHrzUN54t/regular.jpg,https://d2dytk4tvgwhb4.cloudfront.net/duiyfppz/products/6a4b13bd1e29dc4b4d61f6a4/gallery/vbGldiVcHT/regular.jpg,https://d2dytk4tvgwhb4.cloudfront.net/duiyfppz/products/6a4b13bd1e29dc4b4d61f6a4/gallery/PFT1ifPecw/regular.jpg,https://d2dytk4tvgwhb4.cloudfront.net/duiyfppz/products/6a4b13bd1e29dc4b4d61f6a4/gallery/wlwe1ns5PT/regular.jpg","","HellaPrints","","","57 x 27.5","","","harvester","https://hellaprints.com/roaring-electric-blue-lion-with-dark-roses-for-bold-storm-energy-road-style-drivers-car-sunshade?utm_source=pinterest&utm_medium=cpc&utm_campaign=pinterest_shopping"
"6a491a81f8b8351377afed75","6a491a81f8b8351377afed75","Cheerful Red Ladybug Cartoon With Black Floral Accents For Summer Bug Lovers And Kids Car Sunshade","Car Sunshade features a cheerful red ladybug hero with creamy eyes, open spotted wings, antennae, and a friendly smile. Deep black and charcoal tones with red accents create bold contrast across the full surface. A fun choice for summer style, garden fans, and anyone who loves cute insect themes. Don’t need to worry about your car interior getting beaten up by the harsh sunlight. This car sunshade will block the sunlight from entering the cabin and keep your interior intact and long-lasting. More than just a handy car sunshade, it is also an interesting car accessory. Product Details: • High-quality material with reflective mylar film on one side: Effectively blocks direct sunlight and heat to keep the interior cool even when the car is parked outside on a sunny day. It helps protect your dashboard and interior materials from fading or degrading due to heat and UV damage. • Easy setup: The car sunshade comes with two rubber suction cups that help it stick firmly to the windshield. It is also easy to install and remove. • Compact and lightweight: You can easily fold it up, keep it inside the car, and install it whenever needed. • Carefully bound edges for a clean finished look and extended durability. • Sublimation printing provides a vibrant and high-quality print. • Size: 57 x 27.5 inch - Universal size that fits the windshield of most cars. Why You Will Love It: • Blocks harsh sunlight and helps keep your car cabin noticeably cooler. • Protects your dashboard and interior from fading, cracking, and UV damage. • Quick and secure to use with suction cups for everyday convenience. • Folds down neatly for compact storage when not in use. • Adds both protection and personality as a practical car accessory. Care Instructions: • Wipe clean with a soft damp cloth. • Do not bleach. • Air dry only.","https://hellaprints.com/cheerful-red-ladybug-cartoon-with-black-floral-accents-for-summer-bug-lovers-and-kids-car-sunshade","https://d2dytk4tvgwhb4.cloudfront.net/duiyfppz/products/6a491a81f8b8351377afed75/gallery/1WUNi1ASUc/regular.jpg","41.95 USD","in stock","new","Vehicles & Parts > Vehicle Parts & Accessories > Vehicle Sunshades","Vehicle Sunshades","https://d2dytk4tvgwhb4.cloudfront.net/duiyfppz/products/6a491a81f8b8351377afed75/gallery/NKtj2wG67t/regular.jpg,https://d2dytk4tvgwhb4.cloudfront.net/duiyfppz/products/6a491a81f8b8351377afed75/gallery/C4dK0vm9Ok/regular.jpg,https://d2dytk4tvgwhb4.cloudfront.net/duiyfppz/products/6a491a81f8b8351377afed75/gallery/kW1_nbEw1t/regular.jpg,https://d2dytk4tvgwhb4.cloudfront.net/duiyfppz/products/6a491a81f8b8351377afed75/gallery/DK6G08ojUR/regular.jpg,https://d2dytk4tvgwhb4.cloudfront.net/duiyfppz/products/6a491a81f8b8351377afed75/gallery/CbW2tcyJ5q/regular.jpg","","HellaPrints","","","57 x 27.5","","","harvester","https://hellaprints.com/cheerful-red-ladybug-cartoon-with-black-floral-accents-for-summer-bug-lovers-and-kids-car-sunshade?utm_source=pinterest&utm_medium=cpc&utm_campaign=pinterest_shopping"
"6a49196537ae138e2f8f38af","6a49196537ae138e2f8f38af","Bald Eagle Patriotic Flag Abstract Paint Splashes For Fourth Of July Road Trip Fans Car Sunshade","Car Sunshade features a fierce bald eagle portrait with pale eyes, a golden beak, and crisp white-gray feather detail. Navy stars, red and white stripe fragments, smoky black fields, and vivid paint splashes create a bold patriotic look. Ideal for USA pride, summer travel, holidays, and everyday vehicle style. Don’t need to worry about your car interior getting beaten up by the harsh sunlight. This car sunshade will block the sunlight from entering the cabin and keep your interior intact and long-lasting. More than just a handy car sunshade, it is also an interesting car accessory. Product Details: • High-quality material with reflective mylar film on one side: Effectively blocks direct sunlight and heat to keep the interior cool even when the car is parked outside on a sunny day. It helps protect your dashboard and interior materials from fading or degrading due to heat and UV damage. • Easy setup: The car sunshade comes with two rubber suction cups that help it stick firmly to the windshield. It is also easy to install and remove. • Compact and lightweight: You can easily fold it up, keep it inside the car, and install it whenever needed. • Carefully bound edges for a clean finished look and extended durability. • Sublimation printing provides a vibrant and high-quality print. • Size: 57 x 27.5 inch - Universal size that fits the windshield of most cars. Why You Will Love It: • Blocks harsh sunlight and helps keep your car cabin noticeably cooler. • Protects your dashboard and interior from fading, cracking, and UV damage. • Quick and secure to use with suction cups for everyday convenience. • Folds down neatly for compact storage when not in use. • Adds both protection and personality as a practical car accessory. Care Instructions: • Wipe clean with a soft damp cloth. • Do not bleach. • Air dry only.","https://hellaprints.com/bald-eagle-patriotic-flag-abstract-paint-splashes-for-fourth-of-july-road-trip-fans-car-sunshade","https://d2dytk4tvgwhb4.cloudfront.net/duiyfppz/products/6a49196537ae138e2f8f38af/gallery/SsF3m5iZTX/regular.jpg","41.95 USD","in stock","new","Home & Garden > Lawn & Garden > Outdoor Living > Garden Flags","Garden Flags","https://d2dytk4tvgwhb4.cloudfront.net/duiyfppz/products/6a49196537ae138e2f8f38af/gallery/hJxtTVHYFo/regular.jpg,https://d2dytk4tvgwhb4.cloudfront.net/duiyfppz/products/6a49196537ae138e2f8f38af/gallery/97L3BC4HMh/regular.jpg,https://d2dytk4tvgwhb4.cloudfront.net/duiyfppz/products/6a49196537ae138e2f8f38af/gallery/OUDecr0DT7/regular.jpg,https://d2dytk4tvgwhb4.cloudfront.net/duiyfppz/products/6a49196537ae138e2f8f38af/gallery/P7MxIFTVOo/regular.jpg,https://d2dytk4tvgwhb4.cloudfront.net/duiyfppz/products/6a49196537ae138e2f8f38af/gallery/jYFmemkDMx/regular.jpg","","HellaPrints","","","57 x 27.5","","","harvester","https://hellaprints.com/bald-eagle-patriotic-flag-abstract-paint-splashes-for-fourth-of-july-road-trip-fans-car-sunshade?utm_source=pinterest&utm_medium=cpc&utm_campaign=pinterest_shopping"
"6a4783a96e4e0dc61483d1ed","6a4783a96e4e0dc61483d1ed","Starry Twilight Black Cat Ocean Scene For Coastal Road Trips And Everyday Cat Lovers Car Sunshade","Car Sunshade features a premium post-impressionist seascape with a quiet black cat silhouette on a rocky shore, glowing ocean horizon, and swirling twilight sky. Deep navy, cobalt, teal, amber, and inky black brushstrokes create bold full-bleed energy. A striking choice for cat lovers, coastal drives, and expressive daily style. Don’t need to worry about your car interior getting beaten up by the harsh sunlight. This car sunshade will block the sunlight from entering the cabin and keep your interior intact and long-lasting. More than just a handy car sunshade, it is also an interesting car accessory. Product Details: • High-quality material with reflective mylar film on one side: Effectively blocks direct sunlight and heat to keep the interior cool even when the car is parked outside on a sunny day. It helps protect your dashboard and interior materials from fading or degrading due to heat and UV damage. • Easy setup: The car sunshade comes with two rubber suction cups that help it stick firmly to the windshield. It is also easy to install and remove. • Compact and lightweight: You can easily fold it up, keep it inside the car, and install it whenever needed. • Carefully bound edges for a clean finished look and extended durability. • Sublimation printing provides a vibrant and high-quality print. • Size: 57 x 27.5 inch - Universal size that fits the windshield of most cars. Why You Will Love It: • Blocks harsh sunlight and helps keep your car cabin noticeably cooler. • Protects your dashboard and interior from fading, cracking, and UV damage. • Quick and secure to use with suction cups for everyday convenience. • Folds down neatly for compact storage when not in use. • Adds both protection and personality as a practical car accessory. Care Instructions: • Wipe clean with a soft damp cloth. • Do not bleach. • Air dry only.","https://hellaprints.com/starry-twilight-black-cat-ocean-scene-for-coastal-road-trips-and-everyday-cat-lovers-car-sunshade-1","https://d2dytk4tvgwhb4.cloudfront.net/duiyfppz/products/6a4783a96e4e0dc61483d1ed/gallery/QA0Xpwna4u/regular.jpg","41.95 USD","in stock","new","Vehicles & Parts > Vehicle Parts & Accessories > Vehicle Sunshades","Vehicle Sunshades","https://d2dytk4tvgwhb4.cloudfront.net/duiyfppz/products/6a4783a96e4e0dc61483d1ed/gallery/nPpDXfsla7/regular.jpg,https://d2dytk4tvgwhb4.cloudfront.net/duiyfppz/products/6a4783a96e4e0dc61483d1ed/gallery/VeV0E02nLn/regular.jpg,https://d2dytk4tvgwhb4.cloudfront.net/duiyfppz/products/6a4783a96e4e0dc61483d1ed/gallery/cNCQMypIO3/regular.jpg,https://d2dytk4tvgwhb4.cloudfront.net/duiyfppz/products/6a4783a96e4e0dc61483d1ed/gallery/Ryk1yiVxS8/regular.jpg,https://d2dytk4tvgwhb4.cloudfront.net/duiyfppz/products/6a4783a96e4e0dc61483d1ed/gallery/y_ALunVxV2/regular.jpg","","HellaPrints","","","57 x 27.5","","","harvester","https://hellaprints.com/starry-twilight-black-cat-ocean-scene-for-coastal-road-trips-and-everyday-cat-lovers-car-sunshade-1?utm_source=pinterest&utm_medium=cpc&utm_campaign=pinterest_shopping"
"6a477cb29fe398d124c806da","6a477cb29fe398d124c806da","Ocean Sunrise Coastal Seascape With Turquoise Waves For Beach Lovers And Summer Travel Car Sunshade","Car Sunshade features a luminous ocean sunrise with turquoise waves, golden reflections, sandy shore textures, and soft peach dawn clouds. The edge-to-edge coastal scene adds serene beach energy while helping reduce glare and heat inside your vehicle. High-detail realistic styling delivers crisp color, natural water motion, and a premium seaside look. Don’t need to worry about your car interior getting beaten up by the harsh sunlight. This car sunshade will block the sunlight from entering the cabin and keep your interior intact and long-lasting. More than just a handy car sunshade, it is also an interesting car accessory. Product Details: • High-quality material with reflective mylar film on one side: Effectively blocks direct sunlight and heat to keep the interior cool even when the car is parked outside on a sunny day. It helps protect your dashboard and interior materials from fading or degrading due to heat and UV damage. • Easy setup: The car sunshade comes with two rubber suction cups that help it stick firmly to the windshield. It is also easy to install and remove. • Compact and lightweight: You can easily fold it up, keep it inside the car, and install it whenever needed. • Carefully bound edges for a clean finished look and extended durability. • Sublimation printing provides a vibrant and high-quality print. • Size: 57 x 27.5 inch - Universal size that fits the windshield of most cars. Why You Will Love It: • Blocks harsh sunlight and helps keep your car cabin noticeably cooler. • Protects your dashboard and interior from fading, cracking, and UV damage. • Quick and secure to use with suction cups for everyday convenience. • Folds down neatly for compact storage when not in use. • Adds both protection and personality as a practical car accessory. Care Instructions: • Wipe clean with a soft damp cloth. • Do not bleach. • Air dry only.","https://hellaprints.com/ocean-sunrise-coastal-seascape-with-turquoise-waves-for-beach-lovers-and-summer-travel-car-sunshade-1","https://d2dytk4tvgwhb4.cloudfront.net/duiyfppz/products/6a477cb29fe398d124c806da/gallery/B0mt38R8Qx/regular.jpg","41.95 USD","in stock","new","Vehicles & Parts > Vehicle Parts & Accessories > Vehicle Sunshades","Vehicle Sunshades","https://d2dytk4tvgwhb4.cloudfront.net/duiyfppz/products/6a477cb29fe398d124c806da/gallery/ZcwWdcdN2q/regular.jpg,https://d2dytk4tvgwhb4.cloudfront.net/duiyfppz/products/6a477cb29fe398d124c806da/gallery/wnb2fjGAaC/regular.jpg,https://d2dytk4tvgwhb4.cloudfront.net/duiyfppz/products/6a477cb29fe398d124c806da/gallery/OSPXTDzuV_/regular.jpg,https://d2dytk4tvgwhb4.cloudfront.net/duiyfppz/products/6a477cb29fe398d124c806da/gallery/DIA18NJCln/regular.jpg,https://d2dytk4tvgwhb4.cloudfront.net/duiyfppz/products/6a477cb29fe398d124c806da/gallery/v8OI-yktwg/regular.jpg","","HellaPrints","","","57 x 27.5","","","harvester","https://hellaprints.com/ocean-sunrise-coastal-seascape-with-turquoise-waves-for-beach-lovers-and-summer-travel-car-sunshade-1?utm_source=pinterest&utm_medium=cpc&utm_campaign=pinterest_shopping"
"6a4774f99fe398a902c7fb95","6a4774f99fe398a902c7fb95","Funny Husky Dogs In Snowy Winter Cabin For Road Trip Dog Lovers And Pet Owners Gift Car Sunshade","Car Sunshade features two expressive black and white huskies in a cozy winter vehicle cabin with snowy pines and icy blue scenery. A joyful pup and a comically serious driver create bold personality from a distance. Warm beige interior tones contrast with snow white, charcoal, and soft gray details for dog lovers. Don’t need to worry about your car interior getting beaten up by the harsh sunlight. This car sunshade will block the sunlight from entering the cabin and keep your interior intact and long-lasting. More than just a handy car sunshade, it is also an interesting car accessory. Product Details: • High-quality material with reflective mylar film on one side: Effectively blocks direct sunlight and heat to keep the interior cool even when the car is parked outside on a sunny day. It helps protect your dashboard and interior materials from fading or degrading due to heat and UV damage. • Easy setup: The car sunshade comes with two rubber suction cups that help it stick firmly to the windshield. It is also easy to install and remove. • Compact and lightweight: You can easily fold it up, keep it inside the car, and install it whenever needed. • Carefully bound edges for a clean finished look and extended durability. • Sublimation printing provides a vibrant and high-quality print. • Size: 57 x 27.5 inch - Universal size that fits the windshield of most cars. Why You Will Love It: • Blocks harsh sunlight and helps keep your car cabin noticeably cooler. • Protects your dashboard and interior from fading, cracking, and UV damage. • Quick and secure to use with suction cups for everyday convenience. • Folds down neatly for compact storage when not in use. • Adds both protection and personality as a practical car accessory. Care Instructions: • Wipe clean with a soft damp cloth. • Do not bleach. • Air dry only.","https://hellaprints.com/funny-husky-dogs-in-snowy-winter-cabin-for-road-trip-dog-lovers-and-pet-owners-gift-car-sunshade-1","https://d2dytk4tvgwhb4.cloudfront.net/duiyfppz/products/6a4774f99fe398a902c7fb95/gallery/WEFHbs6WnK/regular.jpg","41.95 USD","in stock","new","Vehicles & Parts > Vehicle Parts & Accessories > Vehicle Sunshades","Vehicle Sunshades","https://d2dytk4tvgwhb4.cloudfront.net/duiyfppz/products/6a4774f99fe398a902c7fb95/gallery/xkEMJpv_yT/regular.jpg,https://d2dytk4tvgwhb4.cloudfront.net/duiyfppz/products/6a4774f99fe398a902c7fb95/gallery/Y-5V3qZYIS/regular.jpg,https://d2dytk4tvgwhb4.cloudfront.net/duiyfppz/products/6a4774f99fe398a902c7fb95/gallery/RBvh6k0iDq/regular.jpg,https://d2dytk4tvgwhb4.cloudfront.net/duiyfppz/products/6a4774f99fe398a902c7fb95/gallery/_jiL3C8BYX/regular.jpg,https://d2dytk4tvgwhb4.cloudfront.net/duiyfppz/products/6a4774f99fe398a902c7fb95/gallery/Yxzf4xIinh/regular.jpg","","HellaPrints","","","57 x 27.5","","","harvester","https://hellaprints.com/funny-husky-dogs-in-snowy-winter-cabin-for-road-trip-dog-lovers-and-pet-owners-gift-car-sunshade-1?utm_source=pinterest&utm_medium=cpc&utm_campaign=pinterest_shopping"
"6a4662301e29dc6e145e4757","6a4662301e29dc6e145e4757","Realistic Gray Wolf Moonlit Forest Mountain - Wildlife Lover Home Decor Gift Doormat","Doormat - A gray wolf moonlit forest design features a majestic gray wolf in a dramatic nocturnal landscape. The high-detail realistic illustration showcases the wolf with piercing light blue eyes, surrounded by dense evergreen trees and hazy mountain ranges under a radiant full moon. A great choice for enhancing home decor, this piece is well-suited for any wildlife lover. Greet your guest with our special custom doormat. Not only does this doormat keep the dust away, but it is also a great decoration item that helps to make the first impression before anyone enters the house. Product Details: • Material: Low-pile velvet fabric with anti-slip synthetic fiber backing. The mat surface is soft, plush, and water-absorbent, offering a comfortable feel to your feet. The non-slip underside prevents sliding, ensures safety, and keeps the mat from shifting. • The doormat's edges are carefully stitched to keep the doormat durable and long-lasting. • Low-profile custom doormat of only 0.2 inches, suitable for use in different rooms without blocking the door from closing. Why You'll Love It: • Our customizable doormat helps to keep all the dust and debris from entering your house. • This doormat is versatile – It helps absorb water, keeps the floor clean, and adds a soft layer of warmth to your floor. • You can place it at the front door, in your kitchen, bathroom, or even in your bedroom, and living room. • A personalized doormat can be a perfect gift for your friends and family. • Anti-slip backing ensures safety and keeps the mat firmly in place. Care Instructions: • Wipe with a damp cloth and mild soap, or use a garden hose to rinse the mat outdoors. • Our products are vacuum-sealed to protect them from dust and moisture during shipping. As a result, the item may appear thin and wrinkled when first opened. Let the product air out for 5–10 minutes to regain its original thickness. A quick wash will easily smooth out any remaining fold lines.","https://hellaprints.com/realistic-gray-wolf-moonlit-forest-mountain-wildlife-lover-home-decor-gift-doormat","https://d2dytk4tvgwhb4.cloudfront.net/duiyfppz/products/6a4662301e29dc6e145e4757/15x25/FRbcKlc4yc/regular.jpg","32.50 USD","in stock","new","Home & Garden > Decor > Door Mats","Door Mats","https://d2dytk4tvgwhb4.cloudfront.net/duiyfppz/products/6a4662301e29dc6e145e4757/gallery/L3vJlsi1e4/regular.jpg,https://d2dytk4tvgwhb4.cloudfront.net/duiyfppz/products/6a4662301e29dc6e145e4757/gallery/EQa2777Uba/regular.jpg,https://d2dytk4tvgwhb4.cloudfront.net/duiyfppz/products/6a4662301e29dc6e145e4757/gallery/GlsQe7_XKM/regular.jpg,https://d2dytk4tvgwhb4.cloudfront.net/duiyfppz/products/6a4662301e29dc6e145e4757/gallery/keh1jqGyVw/regular.jpg,https://d2dytk4tvgwhb4.cloudfront.net/duiyfppz/products/6a4662301e29dc6e145e4757/gallery/N8WVIuU00F/regular.jpg,https://d2dytk4tvgwhb4.cloudfront.net/duiyfppz/products/6a4662301e29dc6e145e4757/gallery/KYRflbsDzR/regular.jpg","","HellaPrints","","","","","","harvester","https://hellaprints.com/realistic-gray-wolf-moonlit-forest-mountain-wildlife-lover-home-decor-gift-doormat?utm_source=pinterest&utm_medium=cpc&utm_campaign=pinterest_shopping"
"6a465b8d9fe3986653c713d8","6a465b8d9fe3986653c713d8","Wild Horses Galloping Herd - Wildlife Lover Gift for Horse Lovers Doormat","Doormat - Wild Horses Galloping Herd design features a dynamic group of horses with varied coat colors. This high-detail realistic artwork captures horses with flowing manes and tails, charging across a dramatic, dusty landscape. Their powerful forms kick up swirling golden-orange dust with strong motion blur effects, illuminated by a glowing sunset. A great choice for home decor, this artwork is well-suited for wildlife enthusiasts and those who appreciate horse-themed accents. Greet your guest with our special custom doormat. Not only does this doormat keep the dust away, but it is also a great decoration item that helps to make the first impression before anyone enters the house. Product Details: • Material: Low-pile velvet fabric with anti-slip synthetic fiber backing. The mat surface is soft, plush, and water-absorbent, offering a comfortable feel to your feet. The non-slip underside prevents sliding, ensures safety, and keeps the mat from shifting. • The doormat's edges are carefully stitched to keep the doormat durable and long-lasting. • Low-profile custom doormat of only 0.2 inches, suitable for use in different rooms without blocking the door from closing. Why You'll Love It: • Our customizable doormat helps to keep all the dust and debris from entering your house. • This doormat is versatile – It helps absorb water, keeps the floor clean, and adds a soft layer of warmth to your floor. • You can place it at the front door, in your kitchen, bathroom, or even in your bedroom, and living room. • A personalized doormat can be a perfect gift for your friends and family. • Anti-slip backing ensures safety and keeps the mat firmly in place. Care Instructions: • Wipe with a damp cloth and mild soap, or use a garden hose to rinse the mat outdoors. • Our products are vacuum-sealed to protect them from dust and moisture during shipping. As a result, the item may appear thin and wrinkled when first opened. Let the product air out for 5–10 minutes to regain its original thickness. A quick wash will easily smooth out any remaining fold lines.","https://hellaprints.com/wild-horses-galloping-herd-wildlife-lover-gift-for-horse-lovers-doormat","https://d2dytk4tvgwhb4.cloudfront.net/duiyfppz/products/6a465b8d9fe3986653c713d8/15x25/ziSVV-BfbS/regular.jpg","32.50 USD","in stock","new","Home & Garden > Decor > Door Mats","Door Mats","https://d2dytk4tvgwhb4.cloudfront.net/duiyfppz/products/6a465b8d9fe3986653c713d8/gallery/FWSxfLrZbe/regular.jpg,https://d2dytk4tvgwhb4.cloudfront.net/duiyfppz/products/6a465b8d9fe3986653c713d8/gallery/aqxlIEoEdr/regular.jpg,https://d2dytk4tvgwhb4.cloudfront.net/duiyfppz/products/6a465b8d9fe3986653c713d8/gallery/Br1dGVexo1/regular.jpg,https://d2dytk4tvgwhb4.cloudfront.net/duiyfppz/products/6a465b8d9fe3986653c713d8/gallery/0UQRE59M2G/regular.jpg,https://d2dytk4tvgwhb4.cloudfront.net/duiyfppz/products/6a465b8d9fe3986653c713d8/gallery/rBZ1cPZBaO/regular.jpg,https://d2dytk4tvgwhb4.cloudfront.net/duiyfppz/products/6a465b8d9fe3986653c713d8/gallery/Y_VahCuK_N/regular.jpg","","HellaPrints","","","","","","harvester","https://hellaprints.com/wild-horses-galloping-herd-wildlife-lover-gift-for-horse-lovers-doormat?utm_source=pinterest&utm_medium=cpc&utm_campaign=pinterest_shopping"
"6a460e782ea884ed1e9858d9","6a460e782ea884ed1e9858d9","Cute French Bulldog With Glowing Heart For Summer Road Trips And Dog Lover Gifts Car Sunshade","Car Sunshade features a cute French bulldog holding a glowing heart against a dark smoky background with warm ember accents. It helps block harsh sunlight and reduce cabin heat during daily parking, beach trips, and summer travel. A practical gift choice for dog lovers who want their vehicle to feel fun and expressive. Don’t need to worry about your car interior getting beaten up by the harsh sunlight. This car sunshade will block the sunlight from entering the cabin and keep your interior intact and long-lasting. More than just a handy car sunshade, it is also an interesting car accessory. Product Details: • High-quality material with reflective mylar film on one side: Effectively blocks direct sunlight and heat to keep the interior cool even when the car is parked outside on a sunny day. It helps protect your dashboard and interior materials from fading or degrading due to heat and UV damage. • Easy setup: The car sunshade comes with two rubber suction cups that help it stick firmly to the windshield. It is also easy to install and remove. • Compact and lightweight: You can easily fold it up, keep it inside the car, and install it whenever needed. • Carefully bound edges for a clean finished look and extended durability. • Sublimation printing provides a vibrant and high-quality print. • Size: 57 x 27.5 inch - Universal size that fits the windshield of most cars. Why You Will Love It: • Blocks harsh sunlight and helps keep your car cabin noticeably cooler. • Protects your dashboard and interior from fading, cracking, and UV damage. • Quick and secure to use with suction cups for everyday convenience. • Folds down neatly for compact storage when not in use. • Adds both protection and personality as a practical car accessory. Care Instructions: • Wipe clean with a soft damp cloth. • Do not bleach. • Air dry only.","https://hellaprints.com/cute-french-bulldog-with-glowing-heart-for-summer-road-trips-and-dog-lover-gifts-car-sunshade","https://d2dytk4tvgwhb4.cloudfront.net/duiyfppz/products/6a460e782ea884ed1e9858d9/gallery/P5LNKadk7V/regular.jpg","41.95 USD","in stock","new","Vehicles & Parts > Vehicle Parts & Accessories > Vehicle Sunshades","Vehicle Sunshades","https://d2dytk4tvgwhb4.cloudfront.net/duiyfppz/products/6a460e782ea884ed1e9858d9/gallery/ozBQ_Inik9/regular.jpg,https://d2dytk4tvgwhb4.cloudfront.net/duiyfppz/products/6a460e782ea884ed1e9858d9/gallery/6pdTjSfQ4w/regular.jpg,https://d2dytk4tvgwhb4.cloudfront.net/duiyfppz/products/6a460e782ea884ed1e9858d9/gallery/2oxUpnYbyx/regular.jpg,https://d2dytk4tvgwhb4.cloudfront.net/duiyfppz/products/6a460e782ea884ed1e9858d9/gallery/GKe7nBc90M/regular.jpg,https://d2dytk4tvgwhb4.cloudfront.net/duiyfppz/products/6a460e782ea884ed1e9858d9/gallery/Lxjr2TNf5b/regular.jpg","","HellaPrints","","","57 x 27.5","","","harvester","https://hellaprints.com/cute-french-bulldog-with-glowing-heart-for-summer-road-trips-and-dog-lover-gifts-car-sunshade?utm_source=pinterest&utm_medium=cpc&utm_campaign=pinterest_shopping"
"6a44daeddf70218dbb4b9fe0","6a44daeddf70218dbb4b9fe0","Glowing Deep Sea Octopus Dark Ocean Decor For Summer Road Trips And Coastal Drivers Car Sunshade","Car Sunshade featuring a dramatic deep-sea blue octopus with curled tentacles, a golden eye, and amber bioluminescent glow. Dark navy and cobalt underwater tones with bubbles, light orbs, and marine haze create a moody full-bleed look. A bold ocean-inspired accent for summer driving, coastal trips, and daily parking shade. Don’t need to worry about your car interior getting beaten up by the harsh sunlight. This car sunshade will block the sunlight from entering the cabin and keep your interior intact and long-lasting. More than just a handy car sunshade, it is also an interesting car accessory. Product Details: • High-quality material with reflective mylar film on one side: Effectively blocks direct sunlight and heat to keep the interior cool even when the car is parked outside on a sunny day. It helps protect your dashboard and interior materials from fading or degrading due to heat and UV damage. • Easy setup: The car sunshade comes with two rubber suction cups that help it stick firmly to the windshield. It is also easy to install and remove. • Compact and lightweight: You can easily fold it up, keep it inside the car, and install it whenever needed. • Carefully bound edges for a clean finished look and extended durability. • Sublimation printing provides a vibrant and high-quality print. • Size: 57 x 27.5 inch - Universal size that fits the windshield of most cars. Why You Will Love It: • Blocks harsh sunlight and helps keep your car cabin noticeably cooler. • Protects your dashboard and interior from fading, cracking, and UV damage. • Quick and secure to use with suction cups for everyday convenience. • Folds down neatly for compact storage when not in use. • Adds both protection and personality as a practical car accessory. Care Instructions: • Wipe clean with a soft damp cloth. • Do not bleach. • Air dry only.","https://hellaprints.com/glowing-deep-sea-octopus-dark-ocean-decor-for-summer-road-trips-and-coastal-drivers-car-sunshade","https://d2dytk4tvgwhb4.cloudfront.net/duiyfppz/products/6a44daeddf70218dbb4b9fe0/gallery/IsyiqzVWfN/regular.jpg","41.95 USD","in stock","new","Vehicles & Parts > Vehicle Parts & Accessories > Vehicle Sunshades","Vehicle Sunshades","https://d2dytk4tvgwhb4.cloudfront.net/duiyfppz/products/6a44daeddf70218dbb4b9fe0/gallery/tpuMO5fW-S/regular.jpg,https://d2dytk4tvgwhb4.cloudfront.net/duiyfppz/products/6a44daeddf70218dbb4b9fe0/gallery/-mFRlrBait/regular.jpg,https://d2dytk4tvgwhb4.cloudfront.net/duiyfppz/products/6a44daeddf70218dbb4b9fe0/gallery/3Z-fjwd9Z0/regular.jpg,https://d2dytk4tvgwhb4.cloudfront.net/duiyfppz/products/6a44daeddf70218dbb4b9fe0/gallery/Fcu8aLZMT_/regular.jpg,https://d2dytk4tvgwhb4.cloudfront.net/duiyfppz/products/6a44daeddf70218dbb4b9fe0/gallery/NeOzA6n24M/regular.jpg","","HellaPrints","","","57 x 27.5","","","harvester","https://hellaprints.com/glowing-deep-sea-octopus-dark-ocean-decor-for-summer-road-trips-and-coastal-drivers-car-sunshade?utm_source=pinterest&utm_medium=cpc&utm_campaign=pinterest_shopping"
"6a44bc34de08f0327b44fb4f","6a44bc34de08f0327b44fb4f","Custom Couple Photo Blanket, Personalized Anniversary Gift for Husband or Wife, Custom Wedding Photo Blanket","A fleece Blanket will give you warmth on cold winter days. The softness of the mink fleece will instantly send you to resting mode. With beautiful prints, this fleece blanket can be a highlight of your interior decor. It is also a perfect gift for the ones you love and care about most. Product Details: • Material: Double Face Fleece (100% Polyester, 230 gsm) – Super soft to the touch and very cozy to wrap around your body. It is light enough to use as a throw blanket. • Sublimation printing looks vibrant and stunning, adding a refreshing touch to your interior design. It won’t come off after many washes. • Available in multiple sizes – can serve different purposes and match different bed sizes. Why You'll Love It: • Ultra-soft mink fleece that's incredibly cozy and perfect for snuggling • Vibrant sublimation prints that add a stunning focal point to your home decor • Lightweight yet warm - ideal as both a throw blanket and full bed covering • Fade-resistant prints that maintain their beauty through multiple washes • Multiple sizes available to fit any bed or serve different purposes • The perfect personalized gift for loved ones - cozy, beautiful, and thoughtful Care Instructions: • Machine wash separately in cold water. • Tumble dry on low heat. • Do not iron or press with heat. • Do not dry clean.","https://hellaprints.com/personalized-photo-collage-blanket-custom-anniversary-gift-for-husband-wife-i-love-you-couples-throw-valentines-day-wedding-present","https://d2dytk4tvgwhb4.cloudfront.net/duiyfppz/products/6a44bc34de08f0327b44fb4f/9SwJMW5UFz/regular.jpg","52.95 USD","in stock","new","Home & Garden > Linens & Bedding > Bedding > Blankets","Blankets","https://d2dytk4tvgwhb4.cloudfront.net/duiyfppz/products/6a44bc34de08f0327b44fb4f/gallery/-erIltBHG/regular.jpg,https://d2dytk4tvgwhb4.cloudfront.net/duiyfppz/products/6a44bc34de08f0327b44fb4f/gallery/46FDvyQfr/regular.jpg,https://d2dytk4tvgwhb4.cloudfront.net/duiyfppz/products/6a44bc34de08f0327b44fb4f/gallery/EZpAyZuAv/regular.jpg,https://d2dytk4tvgwhb4.cloudfront.net/duiyfppz/products/6a44bc34de08f0327b44fb4f/gallery/h4mNgx_iX/regular.jpg,https://d2dytk4tvgwhb4.cloudfront.net/duiyfppz/products/6a44bc34de08f0327b44fb4f/gallery/8HYyGQ5ky/regular.jpg,https://d2dytk4tvgwhb4.cloudfront.net/duiyfppz/products/6a44bc34de08f0327b44fb4f/gallery/p-QgSNZWd/regular.jpg","","HellaPrints","","","","","","harvester","https://hellaprints.com/personalized-photo-collage-blanket-custom-anniversary-gift-for-husband-wife-i-love-you-couples-throw-valentines-day-wedding-present?utm_source=pinterest&utm_medium=cpc&utm_campaign=pinterest_shopping"
"6a4397df6296998205f28504","6a4397df6296998205f28504","Electric Blue Flame Phoenix Fantasy Scene For Road Trips And Mythical Creature Fans Car Sunshade","Car Sunshade features a dramatic electric blue phoenix rising from cyan flames against a deep midnight navy void. Full-bleed fantasy styling adds smoky fire wisps, ember sparks, and luminous energy across the surface. A bold choice for drivers who love mythical creatures, gaming vibes, and dark fantasy flair. Don’t need to worry about your car interior getting beaten up by the harsh sunlight. This car sunshade will block the sunlight from entering the cabin and keep your interior intact and long-lasting. More than just a handy car sunshade, it is also an interesting car accessory. Product Details: • High-quality material with reflective mylar film on one side: Effectively blocks direct sunlight and heat to keep the interior cool even when the car is parked outside on a sunny day. It helps protect your dashboard and interior materials from fading or degrading due to heat and UV damage. • Easy setup: The car sunshade comes with two rubber suction cups that help it stick firmly to the windshield. It is also easy to install and remove. • Compact and lightweight: You can easily fold it up, keep it inside the car, and install it whenever needed. • Carefully bound edges for a clean finished look and extended durability. • Sublimation printing provides a vibrant and high-quality print. • Size: 57 x 27.5 inch - Universal size that fits the windshield of most cars. Why You Will Love It: • Blocks harsh sunlight and helps keep your car cabin noticeably cooler. • Protects your dashboard and interior from fading, cracking, and UV damage. • Quick and secure to use with suction cups for everyday convenience. • Folds down neatly for compact storage when not in use. • Adds both protection and personality as a practical car accessory. Care Instructions: • Wipe clean with a soft damp cloth. • Do not bleach. • Air dry only.","https://hellaprints.com/electric-blue-flame-phoenix-fantasy-scene-for-road-trips-and-mythical-creature-fans-car-sunshade","https://d2dytk4tvgwhb4.cloudfront.net/duiyfppz/products/6a4397df6296998205f28504/gallery/X2I7yXh_j0/regular.jpg","41.95 USD","in stock","new","Vehicles & Parts > Vehicle Parts & Accessories > Vehicle Sunshades","Vehicle Sunshades","https://d2dytk4tvgwhb4.cloudfront.net/duiyfppz/products/6a4397df6296998205f28504/gallery/WgB2nTjwJG/regular.jpg,https://d2dytk4tvgwhb4.cloudfront.net/duiyfppz/products/6a4397df6296998205f28504/gallery/HcmGiaU1AX/regular.jpg,https://d2dytk4tvgwhb4.cloudfront.net/duiyfppz/products/6a4397df6296998205f28504/gallery/QW_CCgTYoO/regular.jpg,https://d2dytk4tvgwhb4.cloudfront.net/duiyfppz/products/6a4397df6296998205f28504/gallery/dcnPc03YkL/regular.jpg,https://d2dytk4tvgwhb4.cloudfront.net/duiyfppz/products/6a4397df6296998205f28504/gallery/QW7sVTCFLS/regular.jpg","","HellaPrints","","","57 x 27.5","","","harvester","https://hellaprints.com/electric-blue-flame-phoenix-fantasy-scene-for-road-trips-and-mythical-creature-fans-car-sunshade?utm_source=pinterest&utm_medium=cpc&utm_campaign=pinterest_shopping"
"6a4368751e29dc51765baed4","6a4368751e29dc51765baed4","Realistic T Rex And Theropod Driving Cabin Scene For Road Trip Heat Protection Fans Car Sunshade","Car Sunshade features a realistic T Rex and theropod driving cabin scene in warm beige, slate gray, olive, teal, and golden dusk tones. Edge-to-edge full-bleed styling adds bold prehistoric energy while helping block UV rays and reduce interior heat. A fun foldable accessory for dinosaur fans, commuters, and road trip adventures. Don’t need to worry about your car interior getting beaten up by the harsh sunlight. This car sunshade will block the sunlight from entering the cabin and keep your interior intact and long-lasting. More than just a handy car sunshade, it is also an interesting car accessory. Product Details: • High-quality material with reflective mylar film on one side: Effectively blocks direct sunlight and heat to keep the interior cool even when the car is parked outside on a sunny day. It helps protect your dashboard and interior materials from fading or degrading due to heat and UV damage. • Easy setup: The car sunshade comes with two rubber suction cups that help it stick firmly to the windshield. It is also easy to install and remove. • Compact and lightweight: You can easily fold it up, keep it inside the car, and install it whenever needed. • Carefully bound edges for a clean finished look and extended durability. • Sublimation printing provides a vibrant and high-quality print. • Size: 57 x 27.5 inch - Universal size that fits the windshield of most cars. Why You Will Love It: • Blocks harsh sunlight and helps keep your car cabin noticeably cooler. • Protects your dashboard and interior from fading, cracking, and UV damage. • Quick and secure to use with suction cups for everyday convenience. • Folds down neatly for compact storage when not in use. • Adds both protection and personality as a practical car accessory. Care Instructions: • Wipe clean with a soft damp cloth. • Do not bleach. • Air dry only.","https://hellaprints.com/realistic-t-rex-and-theropod-driving-cabin-scene-for-road-trip-heat-protection-fans-car-sunshade","https://d2dytk4tvgwhb4.cloudfront.net/duiyfppz/products/6a4368751e29dc51765baed4/gallery/gXumfhGbYY/regular.jpg","41.95 USD","in stock","new","Vehicles & Parts > Vehicle Parts & Accessories > Vehicle Sunshades","Vehicle Sunshades","https://d2dytk4tvgwhb4.cloudfront.net/duiyfppz/products/6a4368751e29dc51765baed4/gallery/4HsmmRcm8U/regular.jpg,https://d2dytk4tvgwhb4.cloudfront.net/duiyfppz/products/6a4368751e29dc51765baed4/gallery/vKonSBY3IQ/regular.jpg,https://d2dytk4tvgwhb4.cloudfront.net/duiyfppz/products/6a4368751e29dc51765baed4/gallery/i8zCBNsCez/regular.jpg,https://d2dytk4tvgwhb4.cloudfront.net/duiyfppz/products/6a4368751e29dc51765baed4/gallery/adAkpmLads/regular.jpg,https://d2dytk4tvgwhb4.cloudfront.net/duiyfppz/products/6a4368751e29dc51765baed4/gallery/lcQWXGmvVe/regular.jpg","","HellaPrints","","","57 x 27.5","","","harvester","https://hellaprints.com/realistic-t-rex-and-theropod-driving-cabin-scene-for-road-trip-heat-protection-fans-car-sunshade?utm_source=pinterest&utm_medium=cpc&utm_campaign=pinterest_shopping"
"6a3e1f27be0acd69d8c49299","6a3e1f27be0acd69d8c49299","Sweet Dreams Sleeping Baby Bunny Carrot Blanket Daisies - Home Decor Gift Doormat","Doormat features a whimsical illustration of a Sweet Dreams Sleeping Baby Bunny with a carrot blanket. The artwork depicts a snuggly sleeping baby bunny in a white nightcap, tucked under a cream quilted blanket with small orange carrots, clutching a tiny carrot. Around the bunny are a rustic 'Sweet Dreams' sign, a woven basket of fresh carrots, and lush clusters of white daisies and delicate wildflowers, all presented with a soft, painterly, rustic aesthetic. This design is a great choice for rustic home decor, well-suited for a baby nursery or a welcoming entrance. Greet your guest with our special custom doormat. Not only does this doormat keep the dust away, but it is also a great decoration item that helps to make the first impression before anyone enters the house. Product Details: • Material: Low-pile velvet fabric with anti-slip synthetic fiber backing. The mat surface is soft, plush, and water-absorbent, offering a comfortable feel to your feet. The non-slip underside prevents sliding, ensures safety, and keeps the mat from shifting. • The doormat's edges are carefully stitched to keep the doormat durable and long-lasting. • Low-profile custom doormat of only 0.2 inches, suitable for use in different rooms without blocking the door from closing. Why You'll Love It: • Our customizable doormat helps to keep all the dust and debris from entering your house. • This doormat is versatile – It helps absorb water, keeps the floor clean, and adds a soft layer of warmth to your floor. • You can place it at the front door, in your kitchen, bathroom, or even in your bedroom, and living room. • A personalized doormat can be a perfect gift for your friends and family. • Anti-slip backing ensures safety and keeps the mat firmly in place. Care Instructions: • Wipe with a damp cloth and mild soap, or use a garden hose to rinse the mat outdoors. • Our products are vacuum-sealed to protect them from dust and moisture during shipping. As a result, the item may appear thin and wrinkled when first opened. Let the product air out for 5–10 minutes to regain its original thickness. A quick wash will easily smooth out any remaining fold lines.","https://hellaprints.com/sweet-dreams-sleeping-baby-bunny-carrot-blanket-daisies-home-decor-gift-doormat","https://d2dytk4tvgwhb4.cloudfront.net/duiyfppz/products/6a3e1f27be0acd69d8c49299/15x25/GfXoI07rm2/regular.jpg","32.50 USD","in stock","new","Home & Garden > Decor > Door Mats","Door Mats","https://d2dytk4tvgwhb4.cloudfront.net/duiyfppz/products/6a3e1f27be0acd69d8c49299/gallery/3VHO-_xrDL/regular.jpg,https://d2dytk4tvgwhb4.cloudfront.net/duiyfppz/products/6a3e1f27be0acd69d8c49299/gallery/miLyJiV1u7/regular.jpg,https://d2dytk4tvgwhb4.cloudfront.net/duiyfppz/products/6a3e1f27be0acd69d8c49299/gallery/fKjV6Nmga_/regular.jpg,https://d2dytk4tvgwhb4.cloudfront.net/duiyfppz/products/6a3e1f27be0acd69d8c49299/gallery/YTx8OW8-JM/regular.jpg,https://d2dytk4tvgwhb4.cloudfront.net/duiyfppz/products/6a3e1f27be0acd69d8c49299/gallery/ER3pLG8bsH/regular.jpg,https://d2dytk4tvgwhb4.cloudfront.net/duiyfppz/products/6a3e1f27be0acd69d8c49299/gallery/qVwSk7eThn/regular.jpg","","HellaPrints","","","","","","harvester","https://hellaprints.com/sweet-dreams-sleeping-baby-bunny-carrot-blanket-daisies-home-decor-gift-doormat?utm_source=pinterest&utm_medium=cpc&utm_campaign=pinterest_shopping"
"6a3ce5b6fd80b10a1747ab2d","6a3ce5b6fd80b10a1747ab2d","Desert Cacti Succulent Blossoms - Home Decor Gift for Garden Lover Doormat","Doormat - Desert Cacti Succulent Blossoms featuring a dense cluster of vibrant desert plants adorned with bright yellow buds. This artwork showcases layered cactus plants, spiky agave, and leafy succulents creating a lush organic border on a pale beige field. A great choice for enhancing everyday home decor, bringing botanical beauty to any entryway. Well-suited for garden lovers, plant enthusiasts, and anyone who appreciates desert flora. Greet your guest with our special custom doormat. Not only does this doormat keep the dust away, but it is also a great decoration item that helps to make the first impression before anyone enters the house. Product Details: • Material: Low-pile velvet fabric with anti-slip synthetic fiber backing. The mat surface is soft, plush, and water-absorbent, offering a comfortable feel to your feet. The non-slip underside prevents sliding, ensures safety, and keeps the mat from shifting. • The doormat's edges are carefully stitched to keep the doormat durable and long-lasting. • Low-profile custom doormat of only 0.2 inches, suitable for use in different rooms without blocking the door from closing. Why You'll Love It: • Our customizable doormat helps to keep all the dust and debris from entering your house. • This doormat is versatile – It helps absorb water, keeps the floor clean, and adds a soft layer of warmth to your floor. • You can place it at the front door, in your kitchen, bathroom, or even in your bedroom, and living room. • A personalized doormat can be a perfect gift for your friends and family. • Anti-slip backing ensures safety and keeps the mat firmly in place. Care Instructions: • Wipe with a damp cloth and mild soap, or use a garden hose to rinse the mat outdoors. • Our products are vacuum-sealed to protect them from dust and moisture during shipping. As a result, the item may appear thin and wrinkled when first opened. Let the product air out for 5–10 minutes to regain its original thickness. A quick wash will easily smooth out any remaining fold lines.","https://hellaprints.com/desert-cacti-succulent-blossoms-home-decor-gift-for-garden-lover-doormat","https://d2dytk4tvgwhb4.cloudfront.net/duiyfppz/products/6a3ce5b6fd80b10a1747ab2d/15x25/SuNZDZ5B3K/regular.jpg","32.50 USD","in stock","new","Home & Garden > Decor > Door Mats","Door Mats","https://d2dytk4tvgwhb4.cloudfront.net/duiyfppz/products/6a3ce5b6fd80b10a1747ab2d/gallery/JRDwe7RbaD/regular.jpg,https://d2dytk4tvgwhb4.cloudfront.net/duiyfppz/products/6a3ce5b6fd80b10a1747ab2d/gallery/of4X9n9EwK/regular.jpg,https://d2dytk4tvgwhb4.cloudfront.net/duiyfppz/products/6a3ce5b6fd80b10a1747ab2d/gallery/C5wqwjLBqw/regular.jpg,https://d2dytk4tvgwhb4.cloudfront.net/duiyfppz/products/6a3ce5b6fd80b10a1747ab2d/gallery/RCga1e85La/regular.jpg,https://d2dytk4tvgwhb4.cloudfront.net/duiyfppz/products/6a3ce5b6fd80b10a1747ab2d/gallery/XF3uMDqtQF/regular.jpg,https://d2dytk4tvgwhb4.cloudfront.net/duiyfppz/products/6a3ce5b6fd80b10a1747ab2d/gallery/6bK7cF8yi3/regular.jpg","","HellaPrints","","","","","","harvester","https://hellaprints.com/desert-cacti-succulent-blossoms-home-decor-gift-for-garden-lover-doormat?utm_source=pinterest&utm_medium=cpc&utm_campaign=pinterest_shopping"
"6a38a6097673092961f22339","6a38a6097673092961f22339","Tropical Beach Summer Text Sun Hibiscus Hot Air Balloons - Outdoor Summer Decor Garden Flag","Flag - Tropical Beach Summer scene featuring 'Hello Hello SUMMER' text and sun. The artwork depicts an immersive summer landscape with hot air balloons, soaring seagulls, lush palm fronds, and playful beach elements on golden sand. Designed for summer gatherings, beach parties, and warm weather entertaining. A great choice for beach lovers, summer hosts, and anyone who enjoys sunny destinations. This garden flag can be a beautiful addition to your front yard, patios, and garden area. Product Details: • Material: 100% Polyester fabric – Durable, weather-resistant & UV/fade-resistant fabric that is suitable to use outdoors. • Double-side printing, suitable to display in an open space. • Durable and sturdy construction with two layers of fabric. • Easy installation with open-ended pole sleeve. • Size: 12x18 inches (30.48 cm x 45.72 cm), 28x40 inches (71.1x101.6 cm). • Pole Sleeve Width: Approx 3.75 cm (1.5 inches). It can fit a flag pole with a maximum diameter of 2.4 cm (approx. 0.9 inch). Why You'll Love It: • Personalized double-side printing – your design looks great from every angle. • UV & fade-resistant fabric keeps colors vibrant through sun, rain, and wind. • Two-layer construction for extra durability and a premium feel. • Easy to install – just slide onto any standard garden flag pole. • A thoughtful, one-of-a-kind gift for gardening lovers, homeowners, and anyone who takes pride in their outdoor space. Care Instructions: • Better wash by hand with cold water.","https://hellaprints.com/tropical-beach-summer-text-sun-hibiscus-hot-air-balloons-outdoor-summer-decor-garden-flag","https://d2dytk4tvgwhb4.cloudfront.net/duiyfppz/products/6a38a6097673092961f22339/gallery/yg2y0foHZb/regular.jpg","27.95 USD","in stock","new","Home & Garden > Lawn & Garden > Outdoor Living > Garden Flags","Garden Flags","https://d2dytk4tvgwhb4.cloudfront.net/duiyfppz/products/6a38a6097673092961f22339/gallery/oNn2xLWFzb/regular.jpg,https://d2dytk4tvgwhb4.cloudfront.net/duiyfppz/products/6a38a6097673092961f22339/gallery/FGqpC96usf/regular.jpg,https://d2dytk4tvgwhb4.cloudfront.net/duiyfppz/products/6a38a6097673092961f22339/gallery/ecbOc1Dgng/regular.jpg,https://d2dytk4tvgwhb4.cloudfront.net/duiyfppz/products/6a38a6097673092961f22339/gallery/Uv3KFNtWr9/regular.jpg,https://d2dytk4tvgwhb4.cloudfront.net/duiyfppz/products/6a38a6097673092961f22339/gallery/Jf-zOh0BM6/regular.jpg","","HellaPrints","","","","","","harvester","https://hellaprints.com/tropical-beach-summer-text-sun-hibiscus-hot-air-balloons-outdoor-summer-decor-garden-flag?utm_source=pinterest&utm_medium=cpc&utm_campaign=pinterest_shopping"
"6a38a4ca4004c0afa6e8ff5c","6a38a4ca4004c0afa6e8ff5c","Red Plaid Gnome K Cardinal Snowflakes - Festive Christmas Home Decor Garden Flag","Flag - Christmas design featuring a festive gnome with a red plaid hat, K on beard, and a red cardinal bird. The richly rendered artwork presents a charming gnome with a fluffy white beard and tactile red plaid hat, accompanied by stylized white snowflakes and a rich green knitted border, set against a cool grey backdrop. A great choice for Christmas gatherings, holiday decorating, and festive winter celebrations. A thoughtful pick for gnome collectors, holiday hosts, and families celebrating Christmas. This garden flag can be a beautiful addition to your front yard, patios, and garden area. Product Details: • Material: 100% Polyester fabric – Durable, weather-resistant & UV/fade-resistant fabric that is suitable to use outdoors. • Double-side printing, suitable to display in an open space. • Durable and sturdy construction with two layers of fabric. • Easy installation with open-ended pole sleeve. • Size: 12x18 inches (30.48 cm x 45.72 cm), 28x40 inches (71.1x101.6 cm). • Pole Sleeve Width: Approx 3.75 cm (1.5 inches). It can fit a flag pole with a maximum diameter of 2.4 cm (approx. 0.9 inch). Why You'll Love It: • Personalized double-side printing – your design looks great from every angle. • UV & fade-resistant fabric keeps colors vibrant through sun, rain, and wind. • Two-layer construction for extra durability and a premium feel. • Easy to install – just slide onto any standard garden flag pole. • A thoughtful, one-of-a-kind gift for gardening lovers, homeowners, and anyone who takes pride in their outdoor space. Care Instructions: • Better wash by hand with cold water.","https://hellaprints.com/red-plaid-gnome-k-cardinal-snowflakes-festive-christmas-home-decor-garden-flag","https://d2dytk4tvgwhb4.cloudfront.net/duiyfppz/products/6a38a4ca4004c0afa6e8ff5c/gallery/3zYwdybM_9/regular.jpg","27.95 USD","in stock","new","Home & Garden > Lawn & Garden > Outdoor Living > Garden Flags","Garden Flags","https://d2dytk4tvgwhb4.cloudfront.net/duiyfppz/products/6a38a4ca4004c0afa6e8ff5c/gallery/wVC-nhSnxL/regular.jpg,https://d2dytk4tvgwhb4.cloudfront.net/duiyfppz/products/6a38a4ca4004c0afa6e8ff5c/gallery/aJxH7SjGt_/regular.jpg,https://d2dytk4tvgwhb4.cloudfront.net/duiyfppz/products/6a38a4ca4004c0afa6e8ff5c/gallery/eF7STQXdUM/regular.jpg,https://d2dytk4tvgwhb4.cloudfront.net/duiyfppz/products/6a38a4ca4004c0afa6e8ff5c/gallery/awiiFNpB_E/regular.jpg,https://d2dytk4tvgwhb4.cloudfront.net/duiyfppz/products/6a38a4ca4004c0afa6e8ff5c/gallery/ebZXYMmvEl/regular.jpg","","HellaPrints","","","","","","harvester","https://hellaprints.com/red-plaid-gnome-k-cardinal-snowflakes-festive-christmas-home-decor-garden-flag?utm_source=pinterest&utm_medium=cpc&utm_campaign=pinterest_shopping"
"6a353d9c4318973546c9c559","6a353d9c4318973546c9c559","Pink Flamingos Tiki Bar Tropical Cocktails - Beach House Decor Gift Garden Flag","Flag - Pink Flamingos Tiki Bar design showcasing vibrant tropical cocktails and a sunny beach vista. This high-detail illustration features graceful flamingos beside a rustic bamboo tiki bar, adorned with glowing lights and lush tropical foliage, set against a pristine ocean backdrop. A great choice for summer entertaining, beach house decor, or enhancing any tropical-themed space. A thoughtful pick for beach lovers, summer hosts, and admirers of tropical artwork. This garden flag can be a beautiful addition to your front yard, patios, and garden area. Product Details: • Material: 100% Polyester fabric – Durable, weather-resistant & UV/fade-resistant fabric that is suitable to use outdoors. • Double-side printing, suitable to display in an open space. • Durable and sturdy construction with two layers of fabric. • Easy installation with open-ended pole sleeve. • Size: 12x18 inches (30.48 cm x 45.72 cm), 28x40 inches (71.1x101.6 cm). • Pole Sleeve Width: Approx 3.75 cm (1.5 inches). It can fit a flag pole with a maximum diameter of 2.4 cm (approx. 0.9 inch). Why You'll Love It: • Personalized double-side printing – your design looks great from every angle. • UV & fade-resistant fabric keeps colors vibrant through sun, rain, and wind. • Two-layer construction for extra durability and a premium feel. • Easy to install – just slide onto any standard garden flag pole. • A thoughtful, one-of-a-kind gift for gardening lovers, homeowners, and anyone who takes pride in their outdoor space. Care Instructions: • Better wash by hand with cold water.","https://hellaprints.com/pink-flamingos-tiki-bar-tropical-cocktails-beach-house-decor-gift-garden-flag","https://d2dytk4tvgwhb4.cloudfront.net/duiyfppz/products/6a353d9c4318973546c9c559/gallery/FqhoeOXxro/regular.jpg","27.95 USD","in stock","new","Home & Garden > Lawn & Garden > Outdoor Living > Garden Flags","Garden Flags","https://d2dytk4tvgwhb4.cloudfront.net/duiyfppz/products/6a353d9c4318973546c9c559/gallery/KDeylI9Fpy/regular.jpg,https://d2dytk4tvgwhb4.cloudfront.net/duiyfppz/products/6a353d9c4318973546c9c559/gallery/LityzqNam5/regular.jpg,https://d2dytk4tvgwhb4.cloudfront.net/duiyfppz/products/6a353d9c4318973546c9c559/gallery/8sG5PftQvI/regular.jpg,https://d2dytk4tvgwhb4.cloudfront.net/duiyfppz/products/6a353d9c4318973546c9c559/gallery/VEzw3Ld54D/regular.jpg,https://d2dytk4tvgwhb4.cloudfront.net/duiyfppz/products/6a353d9c4318973546c9c559/gallery/gXEpOTpUkv/regular.jpg","","HellaPrints","","","","","","harvester","https://hellaprints.com/pink-flamingos-tiki-bar-tropical-cocktails-beach-house-decor-gift-garden-flag?utm_source=pinterest&utm_medium=cpc&utm_campaign=pinterest_shopping"
"6a3426077fba8242ffc77216","6a3426077fba8242ffc77216","Blooming Saguaro Cactus Floral Vine - Home Decor Gift for Garden Lover Garden Flag","Flag - Blooming Saguaro Cactus Floral Vine design showcasing desert flora and hand-painted artistry. This vibrant folk art illustration features a richly detailed saguaro cactus adorned with colorful blossoms, complemented by flowing floral vines and agave foliage set against a warm cream background. A versatile accent for diverse living spaces, it's well-suited for adding botanical charm to any room or outdoor setting. This garden flag can be a beautiful addition to your front yard, patios, and garden area. Product Details: • Material: 100% Polyester fabric – Durable, weather-resistant & UV/fade-resistant fabric that is suitable to use outdoors. • Double-side printing, suitable to display in an open space. • Durable and sturdy construction with two layers of fabric. • Easy installation with open-ended pole sleeve. • Size: 12x18 inches (30.48 cm x 45.72 cm), 28x40 inches (71.1x101.6 cm). • Pole Sleeve Width: Approx 3.75 cm (1.5 inches). It can fit a flag pole with a maximum diameter of 2.4 cm (approx. 0.9 inch). Why You'll Love It: • Personalized double-side printing – your design looks great from every angle. • UV & fade-resistant fabric keeps colors vibrant through sun, rain, and wind. • Two-layer construction for extra durability and a premium feel. • Easy to install – just slide onto any standard garden flag pole. • A thoughtful, one-of-a-kind gift for gardening lovers, homeowners, and anyone who takes pride in their outdoor space. Care Instructions: • Better wash by hand with cold water.","https://hellaprints.com/blooming-saguaro-cactus-floral-vine-home-decor-gift-for-garden-lover-garden-flag","https://d2dytk4tvgwhb4.cloudfront.net/duiyfppz/products/6a3426077fba8242ffc77216/gallery/jY3ICHC28e/regular.jpg","27.95 USD","in stock","new","Home & Garden > Lawn & Garden > Outdoor Living > Garden Flags","Garden Flags","https://d2dytk4tvgwhb4.cloudfront.net/duiyfppz/products/6a3426077fba8242ffc77216/gallery/HEd6znCYj5/regular.jpg,https://d2dytk4tvgwhb4.cloudfront.net/duiyfppz/products/6a3426077fba8242ffc77216/gallery/fFyNyaDjQN/regular.jpg,https://d2dytk4tvgwhb4.cloudfront.net/duiyfppz/products/6a3426077fba8242ffc77216/gallery/IjmNltpElB/regular.jpg,https://d2dytk4tvgwhb4.cloudfront.net/duiyfppz/products/6a3426077fba8242ffc77216/gallery/BriQ9IyXuR/regular.jpg,https://d2dytk4tvgwhb4.cloudfront.net/duiyfppz/products/6a3426077fba8242ffc77216/gallery/aChr--ni78/regular.jpg","","HellaPrints","","","","","","harvester","https://hellaprints.com/blooming-saguaro-cactus-floral-vine-home-decor-gift-for-garden-lover-garden-flag?utm_source=pinterest&utm_medium=cpc&utm_campaign=pinterest_shopping"
"6a339d4430b9e6ef0e050025","6a339d4430b9e6ef0e050025","Sunflower Wheelbarrow Welcome Sign - Rustic Farmhouse Porch Entryway Decor Gift Garden Flag","Flag - A charming rustic wheelbarrow filled with vibrant yellow sunflowers and elegant WELCOME script invites guests. This richly detailed design features visible wood grain on the wheelbarrow, cheerful cream and light yellow gingham, and subtle daisy wildflowers. Well-suited for welcoming guests, it is a great choice for porch decor and everyday home styling. A thoughtful gift for garden lovers, farmhouse enthusiasts, and new homeowners. This garden flag can be a beautiful addition to your front yard, patios, and garden area. Product Details: • Material: 100% Polyester fabric – Durable, weather-resistant & UV/fade-resistant fabric that is suitable to use outdoors. • Double-side printing, suitable to display in an open space. • Durable and sturdy construction with two layers of fabric. • Easy installation with open-ended pole sleeve. • Size: 12x18 inches (30.48 cm x 45.72 cm), 28x40 inches (71.1x101.6 cm). • Pole Sleeve Width: Approx 3.75 cm (1.5 inches). It can fit a flag pole with a maximum diameter of 2.4 cm (approx. 0.9 inch). Why You'll Love It: • Personalized double-side printing – your design looks great from every angle. • UV & fade-resistant fabric keeps colors vibrant through sun, rain, and wind. • Two-layer construction for extra durability and a premium feel. • Easy to install – just slide onto any standard garden flag pole. • A thoughtful, one-of-a-kind gift for gardening lovers, homeowners, and anyone who takes pride in their outdoor space. Care Instructions: • Better wash by hand with cold water.","https://hellaprints.com/sunflower-wheelbarrow-welcome-sign-rustic-farmhouse-porch-entryway-decor-gift-garden-flag","https://d2dytk4tvgwhb4.cloudfront.net/duiyfppz/products/6a339d4430b9e6ef0e050025/gallery/E6AiRCBYVO/regular.jpg","27.95 USD","in stock","new","Home & Garden > Lawn & Garden > Outdoor Living > Garden Flags","Garden Flags","https://d2dytk4tvgwhb4.cloudfront.net/duiyfppz/products/6a339d4430b9e6ef0e050025/gallery/GT4sL1NMl8/regular.jpg,https://d2dytk4tvgwhb4.cloudfront.net/duiyfppz/products/6a339d4430b9e6ef0e050025/gallery/wvMaLwJYtV/regular.jpg,https://d2dytk4tvgwhb4.cloudfront.net/duiyfppz/products/6a339d4430b9e6ef0e050025/gallery/ecbLo_uQIi/regular.jpg,https://d2dytk4tvgwhb4.cloudfront.net/duiyfppz/products/6a339d4430b9e6ef0e050025/gallery/DMp7yPby6E/regular.jpg,https://d2dytk4tvgwhb4.cloudfront.net/duiyfppz/products/6a339d4430b9e6ef0e050025/gallery/LvxbHGXFXe/regular.jpg","","HellaPrints","","","","","","harvester","https://hellaprints.com/sunflower-wheelbarrow-welcome-sign-rustic-farmhouse-porch-entryway-decor-gift-garden-flag?utm_source=pinterest&utm_medium=cpc&utm_campaign=pinterest_shopping"
"6a2d255af477b10824adc8c0","6a2d255af477b10824adc8c0","Brown Horse White Blaze Bridle - Equestrian Home Decor Gift for Horse Lover Spare Tire Cover","Spare Tire Cover featuring a majestic brown horse with a distinctive white blaze and classic dark leather bridle. The high-detail artwork portrays the horse's head and neck with a lifelike visual style, featuring its light brown mane cascading into a deep, textural dark brown atmosphere that suggests a refined equestrian setting. This design is a great choice for home decor, adding dramatic visual flair to any vehicle, and is a meaningful pick for equestrian enthusiasts. Add colors and some special twists to your car's rear end with our custom Spare Tire Cover. Other than a decoration accessory for your car, this Spare Tire Cover is also handy to protect your spare tire in ready-to-use condition. Product Details: • Multi-Function: Decorate the car's exterior and protect your car's spare tire against sunlight, rain, mud, and other harsh weather conditions. • Material: Waterproofing UV-Resistant fabric (118gr/m2). The material is light, soft, water and dust-proof, durable, and easy to clean. The material is tested to meet the color fastness standard TCVN 5823:1994. • Drawcord closure: Strong and durable 100% polypropylene drawcord keeps the cover firmly in place and ensures a snug fit. • Easy installation: Spare Tire Cover is easy to install and remove. Wrap the cover over the tire and then secure it with a cord lock. • Various sizes: Fits different car tires (27, 28, 29, 30, 32, and 34 inches in diameter). Why You'll Love It: • Protects your spare tire from harsh weather. • Adds a custom look to your car quickly. • Lightweight, durable, and easy to install. Care Instructions: • Wipe clean with a soft damp cloth. • Do not bleach.","https://hellaprints.com/brown-horse-white-blaze-bridle-equestrian-home-decor-gift-for-horse-lover-spare-tire-cover","https://d2dytk4tvgwhb4.cloudfront.net/duiyfppz/products/6a2d255af477b10824adc8c0/no-hole/4pg_BbnhZ0/regular.jpg","34.95 USD","in stock","new","Vehicles & Parts > Vehicle Parts & Accessories > Vehicle Covers > Spare Tire Covers","Spare Tire Covers","https://d2dytk4tvgwhb4.cloudfront.net/duiyfppz/products/6a2d255af477b10824adc8c0/gallery/S4wEBJcsuW/regular.jpg,https://d2dytk4tvgwhb4.cloudfront.net/duiyfppz/products/6a2d255af477b10824adc8c0/gallery/J83v24EWXn/regular.jpg,https://d2dytk4tvgwhb4.cloudfront.net/duiyfppz/products/6a2d255af477b10824adc8c0/gallery/Rv70xz_OS9/regular.jpg,https://d2dytk4tvgwhb4.cloudfront.net/duiyfppz/products/6a2d255af477b10824adc8c0/gallery/pp6H0HFOHy/regular.jpg,https://d2dytk4tvgwhb4.cloudfront.net/duiyfppz/products/6a2d255af477b10824adc8c0/gallery/HUugGKwxjf/regular.jpg","","HellaPrints","","","","","","harvester","https://hellaprints.com/brown-horse-white-blaze-bridle-equestrian-home-decor-gift-for-horse-lover-spare-tire-cover?utm_source=pinterest&utm_medium=cpc&utm_campaign=pinterest_shopping"
"6a2d186925e0e44d96f25449","6a2d186925e0e44d96f25449","Medusa Head Snakes - Mythology Vehicle Decor Gift Spare Tire Cover","Spare Tire Cover - Medusa Mythology Design featuring a Medusa head with glowing snakes and intertwined serpentine forms. The artwork showcases intricate glowing details in teal, blue, and purple, with iridescent neon green, yellow, orange, red, and purple snakes against a deep black background, ensuring edge-to-edge coverage. A great choice for fantasy enthusiasts, mythology lovers, and collectors of vehicle decor. Add colors and some special twists to your car's rear end with our custom Spare Tire Cover. Other than a decoration accessory for your car, this Spare Tire Cover is also handy to protect your spare tire in ready-to-use condition. Product Details: • Multi-Function: Decorate the car's exterior and protect your car's spare tire against sunlight, rain, mud, and other harsh weather conditions. • Material: Waterproofing UV-Resistant fabric (118gr/m2). The material is light, soft, water and dust-proof, durable, and easy to clean. The material is tested to meet the color fastness standard TCVN 5823:1994. • Drawcord closure: Strong and durable 100% polypropylene drawcord keeps the cover firmly in place and ensures a snug fit. • Easy installation: Spare Tire Cover is easy to install and remove. Wrap the cover over the tire and then secure it with a cord lock. • Various sizes: Fits different car tires (27, 28, 29, 30, 32, and 34 inches in diameter). Why You'll Love It: • Protects your spare tire from harsh weather. • Adds a custom look to your car quickly. • Lightweight, durable, and easy to install. Care Instructions: • Wipe clean with a soft damp cloth. • Do not bleach.","https://hellaprints.com/medusa-head-snakes-mythology-vehicle-decor-gift-spare-tire-cover","https://d2dytk4tvgwhb4.cloudfront.net/duiyfppz/products/6a2d186925e0e44d96f25449/no-hole/mxhvhJka6K/regular.jpg","34.95 USD","in stock","new","Vehicles & Parts > Vehicle Parts & Accessories > Vehicle Covers > Spare Tire Covers","Spare Tire Covers","https://d2dytk4tvgwhb4.cloudfront.net/duiyfppz/products/6a2d186925e0e44d96f25449/gallery/awV1DvA2dT/regular.jpg,https://d2dytk4tvgwhb4.cloudfront.net/duiyfppz/products/6a2d186925e0e44d96f25449/gallery/C4aBFIYCTR/regular.jpg,https://d2dytk4tvgwhb4.cloudfront.net/duiyfppz/products/6a2d186925e0e44d96f25449/gallery/71XF6hKDLe/regular.jpg,https://d2dytk4tvgwhb4.cloudfront.net/duiyfppz/products/6a2d186925e0e44d96f25449/gallery/WNkFYRPD0e/regular.jpg,https://d2dytk4tvgwhb4.cloudfront.net/duiyfppz/products/6a2d186925e0e44d96f25449/gallery/w_4FnFGmw3/regular.jpg","","HellaPrints","","","","","","harvester","https://hellaprints.com/medusa-head-snakes-mythology-vehicle-decor-gift-spare-tire-cover?utm_source=pinterest&utm_medium=cpc&utm_campaign=pinterest_shopping"
"6a2d143125e0e458abf241cf","6a2d143125e0e458abf241cf","Fiery Phoenix Bird Spread Wings - Mythical Fantasy Lover Gift Spare Tire Cover","Spare Tire Cover - Fiery Phoenix Bird design featuring powerful spread wings and vibrant flames. The deeply rendered artwork depicts a majestic phoenix emerging from billowing dark smoke and scattered fiery embers, set against a rich velvety black background with glowing sparks. A great choice for any mythical fantasy lover, this cover makes a meaningful statement on vehicles. Add colors and some special twists to your car's rear end with our custom Spare Tire Cover. Other than a decoration accessory for your car, this Spare Tire Cover is also handy to protect your spare tire in ready-to-use condition. Product Details: • Multi-Function: Decorate the car's exterior and protect your car's spare tire against sunlight, rain, mud, and other harsh weather conditions. • Material: Waterproofing UV-Resistant fabric (118gr/m2). The material is light, soft, water and dust-proof, durable, and easy to clean. The material is tested to meet the color fastness standard TCVN 5823:1994. • Drawcord closure: Strong and durable 100% polypropylene drawcord keeps the cover firmly in place and ensures a snug fit. • Easy installation: Spare Tire Cover is easy to install and remove. Wrap the cover over the tire and then secure it with a cord lock. • Various sizes: Fits different car tires (27, 28, 29, 30, 32, and 34 inches in diameter). Why You'll Love It: • Protects your spare tire from harsh weather. • Adds a custom look to your car quickly. • Lightweight, durable, and easy to install. Care Instructions: • Wipe clean with a soft damp cloth. • Do not bleach.","https://hellaprints.com/fiery-phoenix-bird-spread-wings-mythical-fantasy-lover-gift-spare-tire-cover","https://d2dytk4tvgwhb4.cloudfront.net/duiyfppz/products/6a2d143125e0e458abf241cf/no-hole/IhFgp33hT1/regular.jpg","34.95 USD","in stock","new","Vehicles & Parts > Vehicle Parts & Accessories > Vehicle Covers > Spare Tire Covers","Spare Tire Covers","https://d2dytk4tvgwhb4.cloudfront.net/duiyfppz/products/6a2d143125e0e458abf241cf/gallery/1sfjZRwUO1/regular.jpg,https://d2dytk4tvgwhb4.cloudfront.net/duiyfppz/products/6a2d143125e0e458abf241cf/gallery/INaPT3cg1l/regular.jpg,https://d2dytk4tvgwhb4.cloudfront.net/duiyfppz/products/6a2d143125e0e458abf241cf/gallery/L3Hzdk7HOO/regular.jpg,https://d2dytk4tvgwhb4.cloudfront.net/duiyfppz/products/6a2d143125e0e458abf241cf/gallery/U3JFeLeHv_/regular.jpg,https://d2dytk4tvgwhb4.cloudfront.net/duiyfppz/products/6a2d143125e0e458abf241cf/gallery/sZ0oUOhhoE/regular.jpg","","HellaPrints","","","","","","harvester","https://hellaprints.com/fiery-phoenix-bird-spread-wings-mythical-fantasy-lover-gift-spare-tire-cover?utm_source=pinterest&utm_medium=cpc&utm_campaign=pinterest_shopping"
"6a2c291213d9ac4aa936eaee","6a2c291213d9ac4aa936eaee","Three Lemon Trees Ceramic Pots Stained Glass - Home Decor Gift for Garden Lover Stained Glass Suncatcher","Suncatcher - Tiffany-inspired lemon tree design featuring lush yellow lemons, vibrant green leaves, and detailed ceramic pots. This artwork showcases three lemon trees in blue and white ceramic pots, surrounded by an intricate mosaic of clear, iridescent, and colored glass segments. It enhances bright spaces and is relevant for kitchen decor, garden themed collections, or seasonal gifting. Bring vibrant color and dazzling light into your home with our beautifully crafted Stained Glass Suncatcher. Designed to captivate and built to last, this eye-catching, elegant piece will elevate any room and add a unique focal point to any interior. • Material: High-grade 0.5-cm thick glass with a unique texture for clarity and long-lasting durability. • Design: Combination of textured and smooth surfaces on both sides creates a mesmerizing interplay of light and color. • Prints: Vibrant, long-lasting prints protected by a special matte coating to resist fading from sunlight. • Durability: Reinforced zinc strips around the glass for extra strength and protection against impact. • Installation: Includes integrated hooks, a sleek black metal chain, and a suction cup for easy placement. • Sizes: Available in 3.5 inches, 4 inches, 6 inches, 7.8 inches, 9.8 inches, and 11.8 inches to suit any space. • Care: Easy-to-clean surface that stays looking fresh over time. • Packaging: Safe and secure foam packaging to ensure it arrives in pristine condition. Why You'll Love It: • Radiant color and light: lets sunlight pass through to create vivid, captivating color effects in any room. • Premium glass construction: made from high-grade 0.5-cm textured glass for clarity, strength, and a refined appearance. • Long-lasting prints: vibrant, fade-resistant prints protected by a matte coating to maintain their beauty over time. • Reinforced durability: zinc-edged framing adds extra protection against impact and improves overall longevity. • Easy installation: includes integrated hooks, a sleek black metal chain, and a suction cup for quick, flexible placement. • Thoughtful gift option: an elegant and artistic present suitable for birthdays, holidays, and special occasions. • Low-maintenance care: smooth, easy-to-clean surface that stays looking fresh with minimal effort. Care Instructions: • Avoid prolonged exposure to water and high temperatures.","https://hellaprints.com/three-lemon-trees-ceramic-pots-stained-glass-home-decor-gift-for-garden-lover-stained-glass-suncatcher","https://d2dytk4tvgwhb4.cloudfront.net/duiyfppz/products/6a2c291213d9ac4aa936eaee/gallery/IT_pBtHc2V/regular.jpg","24.95 USD","in stock","new","Home & Garden > Decor > Home Decor Accents > Suncatchers","Suncatchers","https://d2dytk4tvgwhb4.cloudfront.net/duiyfppz/products/6a2c291213d9ac4aa936eaee/gallery/4AtzaYuMcA/regular.jpg,https://d2dytk4tvgwhb4.cloudfront.net/duiyfppz/products/6a2c291213d9ac4aa936eaee/gallery/dnIssvsw5K/regular.jpg,https://d2dytk4tvgwhb4.cloudfront.net/duiyfppz/products/6a2c291213d9ac4aa936eaee/gallery/BDR4hszhXU/regular.jpg,https://d2dytk4tvgwhb4.cloudfront.net/duiyfppz/products/6a2c291213d9ac4aa936eaee/gallery/X7b3E3i2-b/regular.jpg","","HellaPrints","","","","","","harvester","https://hellaprints.com/three-lemon-trees-ceramic-pots-stained-glass-home-decor-gift-for-garden-lover-stained-glass-suncatcher?utm_source=pinterest&utm_medium=cpc&utm_campaign=pinterest_shopping"
"6a26c52879e36aa3cc76ab24","6a26c52879e36aa3cc76ab24","Blooming Cactus Desert Garden - Home Decor Gift for Garden Lover Doormat","Doormat features a blooming cactus desert garden design with vibrant succulents and a large prickly pear cactus. This high-detail realistic watercolor illustration showcases various cactus species and rich botanical accuracy, with bright orange, yellow, and red blossoms. Well-suited for everyday home decor, it offers a distinctive botanical aesthetic and makes a thoughtful gift for garden lovers. Greet your guest with our special custom doormat. Not only does this doormat keep the dust away, but it is also a great decoration item that helps to make the first impression before anyone enters the house. Product Details: • Material: Low-pile velvet fabric with anti-slip synthetic fiber backing. The mat surface is soft, plush, and water-absorbent, offering a comfortable feel to your feet. The non-slip underside prevents sliding, ensures safety, and keeps the mat from shifting. • The doormat's edges are carefully stitched to keep the doormat durable and long-lasting. • Low-profile custom doormat of only 0.2 inches, suitable for use in different rooms without blocking the door from closing. Why You'll Love It: • Our customizable doormat helps to keep all the dust and debris from entering your house. • This doormat is versatile – It helps absorb water, keeps the floor clean, and adds a soft layer of warmth to your floor. • You can place it at the front door, in your kitchen, bathroom, or even in your bedroom, and living room. • A personalized doormat can be a perfect gift for your friends and family. • Anti-slip backing ensures safety and keeps the mat firmly in place. Care Instructions: • Wipe with a damp cloth and mild soap, or use a garden hose to rinse the mat outdoors. • Our products are vacuum-sealed to protect them from dust and moisture during shipping. As a result, the item may appear thin and wrinkled when first opened. Let the product air out for 5–10 minutes to regain its original thickness. A quick wash will easily smooth out any remaining fold lines.","https://hellaprints.com/blooming-cactus-desert-garden-home-decor-gift-for-garden-lover-doormat","https://d2dytk4tvgwhb4.cloudfront.net/duiyfppz/products/6a26c52879e36aa3cc76ab24/15x25/PByU90A9EJ/regular.jpg","32.50 USD","in stock","new","Home & Garden > Decor > Door Mats","Door Mats","https://d2dytk4tvgwhb4.cloudfront.net/duiyfppz/products/6a26c52879e36aa3cc76ab24/gallery/dkc2rWBegB/regular.jpg,https://d2dytk4tvgwhb4.cloudfront.net/duiyfppz/products/6a26c52879e36aa3cc76ab24/gallery/NeEJOYmWtP/regular.jpg,https://d2dytk4tvgwhb4.cloudfront.net/duiyfppz/products/6a26c52879e36aa3cc76ab24/gallery/xq7J8Y_iAI/regular.jpg,https://d2dytk4tvgwhb4.cloudfront.net/duiyfppz/products/6a26c52879e36aa3cc76ab24/gallery/eS4VeO164X/regular.jpg,https://d2dytk4tvgwhb4.cloudfront.net/duiyfppz/products/6a26c52879e36aa3cc76ab24/gallery/TriInZj6ZY/regular.jpg,https://d2dytk4tvgwhb4.cloudfront.net/duiyfppz/products/6a26c52879e36aa3cc76ab24/gallery/zIMVwkz1-5/regular.jpg","","HellaPrints","","","","","","harvester","https://hellaprints.com/blooming-cactus-desert-garden-home-decor-gift-for-garden-lover-doormat?utm_source=pinterest&utm_medium=cpc&utm_campaign=pinterest_shopping"
"6a1f06839bcdcc92427e7c9b","6a1f06839bcdcc92427e7c9b","Koalas Eucalyptus Australian Hills - Wildlife Lover Gift for Koala Lovers Spare Tire Cover","Spare Tire Cover - Koalas Eucalyptus Australian Hills design featuring five detailed koalas. The artwork depicts these koalas among sparse eucalyptus foliage and sun-drenched dry grasses, set against a vast blue sky and rolling hills, created with high-detail realistic digital painting and photorealistic fur. A great choice for those seeking Australian wildlife decor or a unique koala enthusiast gift, well-suited for any nature-inspired collection. Add colors and some special twists to your car's rear end with our custom Spare Tire Cover. Other than a decoration accessory for your car, this Spare Tire Cover is also handy to protect your spare tire in ready-to-use condition. Product Details: • Multi-Function: Decorate the car's exterior and protect your car's spare tire against sunlight, rain, mud, and other harsh weather conditions. • Material: Waterproofing UV-Resistant fabric (118gr/m2). The material is light, soft, water and dust-proof, durable, and easy to clean. The material is tested to meet the color fastness standard TCVN 5823:1994. • Drawcord closure: Strong and durable 100% polypropylene drawcord keeps the cover firmly in place and ensures a snug fit. • Easy installation: Spare Tire Cover is easy to install and remove. Wrap the cover over the tire and then secure it with a cord lock. • Various sizes: Fits different car tires (27, 28, 29, 30, 32, and 34 inches in diameter). Why You'll Love It: • Protects your spare tire from harsh weather. • Adds a custom look to your car quickly. • Lightweight, durable, and easy to install. Care Instructions: • Wipe clean with a soft damp cloth. • Do not bleach.","https://hellaprints.com/koalas-eucalyptus-australian-hills-wildlife-lover-gift-for-koala-lovers-spare-tire-cover","https://d2dytk4tvgwhb4.cloudfront.net/duiyfppz/products/6a1f06839bcdcc92427e7c9b/no-hole/10E3Tr312G/regular.jpg","34.95 USD","in stock","new","Vehicles & Parts > Vehicle Parts & Accessories > Vehicle Covers > Spare Tire Covers","Spare Tire Covers","https://d2dytk4tvgwhb4.cloudfront.net/duiyfppz/products/6a1f06839bcdcc92427e7c9b/gallery/uumZHs92Vm/regular.jpg,https://d2dytk4tvgwhb4.cloudfront.net/duiyfppz/products/6a1f06839bcdcc92427e7c9b/gallery/LMjRfMG3jS/regular.jpg,https://d2dytk4tvgwhb4.cloudfront.net/duiyfppz/products/6a1f06839bcdcc92427e7c9b/gallery/Groo1lj6L_/regular.jpg,https://d2dytk4tvgwhb4.cloudfront.net/duiyfppz/products/6a1f06839bcdcc92427e7c9b/gallery/tEhE5CQBNi/regular.jpg,https://d2dytk4tvgwhb4.cloudfront.net/duiyfppz/products/6a1f06839bcdcc92427e7c9b/gallery/vIx293T1FK/regular.jpg","","HellaPrints","","","","","","harvester","https://hellaprints.com/koalas-eucalyptus-australian-hills-wildlife-lover-gift-for-koala-lovers-spare-tire-cover?utm_source=pinterest&utm_medium=cpc&utm_campaign=pinterest_shopping"
"6a1f02959bcdcc5c1f7e7631","6a1f02959bcdcc5c1f7e7631","Deep Black Panther Intense Gaze Teal Eyes - Vehicle Accessory Wildlife Lover Gift Spare Tire Cover","Spare Tire Cover - Black Panther Glowing Eyes design featuring a striking feline portrait. This unique artwork showcases the close-up gaze of a magnificent black panther with piercing teal-turquoise eyes, surrounded by deep, velvety black fur. This tire cover is a great choice for vehicle owners, wildlife enthusiasts, and big cat lovers. A meaningful pick for outdoor adventurers, animal lovers, and anyone seeking striking vehicle decor. Add colors and some special twists to your car's rear end with our custom Spare Tire Cover. Other than a decoration accessory for your car, this Spare Tire Cover is also handy to protect your spare tire in ready-to-use condition. Product Details: • Multi-Function: Decorate the car's exterior and protect your car's spare tire against sunlight, rain, mud, and other harsh weather conditions. • Material: Waterproofing UV-Resistant fabric (118gr/m2). The material is light, soft, water and dust-proof, durable, and easy to clean. The material is tested to meet the color fastness standard TCVN 5823:1994. • Drawcord closure: Strong and durable 100% polypropylene drawcord keeps the cover firmly in place and ensures a snug fit. • Easy installation: Spare Tire Cover is easy to install and remove. Wrap the cover over the tire and then secure it with a cord lock. • Various sizes: Fits different car tires (27, 28, 29, 30, 32, and 34 inches in diameter). Why You'll Love It: • Protects your spare tire from harsh weather. • Adds a custom look to your car quickly. • Lightweight, durable, and easy to install. Care Instructions: • Wipe clean with a soft damp cloth. • Do not bleach.","https://hellaprints.com/deep-black-panther-intense-gaze-teal-eyes-vehicle-accessory-wildlife-lover-gift-spare-tire-cover","https://d2dytk4tvgwhb4.cloudfront.net/duiyfppz/products/6a1f02959bcdcc5c1f7e7631/no-hole/QDinIBsVoT/regular.jpg","34.95 USD","in stock","new","Vehicles & Parts > Vehicle Parts & Accessories > Vehicle Covers > Spare Tire Covers","Spare Tire Covers","https://d2dytk4tvgwhb4.cloudfront.net/duiyfppz/products/6a1f02959bcdcc5c1f7e7631/gallery/UpL9aLW2b0/regular.jpg,https://d2dytk4tvgwhb4.cloudfront.net/duiyfppz/products/6a1f02959bcdcc5c1f7e7631/gallery/A89TK2dbL7/regular.jpg,https://d2dytk4tvgwhb4.cloudfront.net/duiyfppz/products/6a1f02959bcdcc5c1f7e7631/gallery/4JAhl-mnco/regular.jpg,https://d2dytk4tvgwhb4.cloudfront.net/duiyfppz/products/6a1f02959bcdcc5c1f7e7631/gallery/1Y2qXlYAtg/regular.jpg,https://d2dytk4tvgwhb4.cloudfront.net/duiyfppz/products/6a1f02959bcdcc5c1f7e7631/gallery/q8Q5VczPbX/regular.jpg","","HellaPrints","","","","","","harvester","https://hellaprints.com/deep-black-panther-intense-gaze-teal-eyes-vehicle-accessory-wildlife-lover-gift-spare-tire-cover?utm_source=pinterest&utm_medium=cpc&utm_campaign=pinterest_shopping"
"6a1ef45d23d1090565462bbb","6a1ef45d23d1090565462bbb","Majestic Mountain Ranges Evergreen Forest Sunset - Outdoor Adventure Gift Spare Tire Cover","Spare Tire Cover - Majestic Mountain Ranges Evergreen Forest Sunset design, portraying layered peaks. The richly rendered art captures serene layered mountains and dense evergreen forests, receding into cool, hazy blues under a glowing sunset sky for a full-canvas display. A great choice for memorable road trips and celebrating a love for the wilderness. A thoughtful pick for outdoor adventurers, wilderness explorers, and road trip enthusiasts. Add colors and some special twists to your car's rear end with our custom Spare Tire Cover. Other than a decoration accessory for your car, this Spare Tire Cover is also handy to protect your spare tire in ready-to-use condition. Product Details: • Multi-Function: Decorate the car's exterior and protect your car's spare tire against sunlight, rain, mud, and other harsh weather conditions. • Material: Waterproofing UV-Resistant fabric (118gr/m2). The material is light, soft, water and dust-proof, durable, and easy to clean. The material is tested to meet the color fastness standard TCVN 5823:1994. • Drawcord closure: Strong and durable 100% polypropylene drawcord keeps the cover firmly in place and ensures a snug fit. • Easy installation: Spare Tire Cover is easy to install and remove. Wrap the cover over the tire and then secure it with a cord lock. • Various sizes: Fits different car tires (27, 28, 29, 30, 32, and 34 inches in diameter). Why You'll Love It: • Protects your spare tire from harsh weather. • Adds a custom look to your car quickly. • Lightweight, durable, and easy to install. Care Instructions: • Wipe clean with a soft damp cloth. • Do not bleach.","https://hellaprints.com/majestic-mountain-ranges-evergreen-forest-sunset-outdoor-adventure-gift-spare-tire-cover","https://d2dytk4tvgwhb4.cloudfront.net/duiyfppz/products/6a1ef45d23d1090565462bbb/no-hole/hMh1p0V8xa/regular.jpg","34.95 USD","in stock","new","Vehicles & Parts > Vehicle Parts & Accessories > Vehicle Covers > Spare Tire Covers","Spare Tire Covers","https://d2dytk4tvgwhb4.cloudfront.net/duiyfppz/products/6a1ef45d23d1090565462bbb/gallery/-KF2lMV3re/regular.jpg,https://d2dytk4tvgwhb4.cloudfront.net/duiyfppz/products/6a1ef45d23d1090565462bbb/gallery/iKPg7fLK5f/regular.jpg,https://d2dytk4tvgwhb4.cloudfront.net/duiyfppz/products/6a1ef45d23d1090565462bbb/gallery/zBIEyFn43d/regular.jpg,https://d2dytk4tvgwhb4.cloudfront.net/duiyfppz/products/6a1ef45d23d1090565462bbb/gallery/yWgCPQztjM/regular.jpg,https://d2dytk4tvgwhb4.cloudfront.net/duiyfppz/products/6a1ef45d23d1090565462bbb/gallery/s8oIqtYOyy/regular.jpg","","HellaPrints","","","","","","harvester","https://hellaprints.com/majestic-mountain-ranges-evergreen-forest-sunset-outdoor-adventure-gift-spare-tire-cover?utm_source=pinterest&utm_medium=cpc&utm_campaign=pinterest_shopping"
"6a1ecb0d1b6a2c6ae3536055","6a1ecb0d1b6a2c6ae3536055","Deep Red Butterfly Roses Hearts - Home Decor Gift for Butterfly Lover Spare Tire Cover","Spare Tire Cover - Deep Red Butterfly design featuring majestic butterfly, lush roses, and ornate filigree. This richly rendered illustration showcases a prominent butterfly with intricately patterned red wings, surrounded by dark charcoal gray leaves, gothic scrollwork, and patterned hearts. A well-suited choice for enhancing everyday decor, this unique design makes a thoughtful present for special moments and celebrations. A meaningful pick for butterfly lovers, gothic aesthetic admirers, daughters, and friends. Add colors and some special twists to your car's rear end with our custom Spare Tire Cover. Other than a decoration accessory for your car, this Spare Tire Cover is also handy to protect your spare tire in ready-to-use condition. Product Details: • Multi-Function: Decorate the car's exterior and protect your car's spare tire against sunlight, rain, mud, and other harsh weather conditions. • Material: Waterproofing UV-Resistant fabric (118gr/m2). The material is light, soft, water and dust-proof, durable, and easy to clean. The material is tested to meet the color fastness standard TCVN 5823:1994. • Drawcord closure: Strong and durable 100% polypropylene drawcord keeps the cover firmly in place and ensures a snug fit. • Easy installation: Spare Tire Cover is easy to install and remove. Wrap the cover over the tire and then secure it with a cord lock. • Various sizes: Fits different car tires (27, 28, 29, 30, 32, and 34 inches in diameter). Why You'll Love It: • Protects your spare tire from harsh weather. • Adds a custom look to your car quickly. • Lightweight, durable, and easy to install. Care Instructions: • Wipe clean with a soft damp cloth. • Do not bleach.","https://hellaprints.com/deep-red-butterfly-roses-hearts-home-decor-gift-for-butterfly-lover-spare-tire-cover","https://d2dytk4tvgwhb4.cloudfront.net/duiyfppz/products/6a1ecb0d1b6a2c6ae3536055/no-hole/cGWsGIpuvS/regular.jpg","34.95 USD","in stock","new","Vehicles & Parts > Vehicle Parts & Accessories > Vehicle Covers > Spare Tire Covers","Spare Tire Covers","https://d2dytk4tvgwhb4.cloudfront.net/duiyfppz/products/6a1ecb0d1b6a2c6ae3536055/gallery/m9wi6JY8mr/regular.jpg,https://d2dytk4tvgwhb4.cloudfront.net/duiyfppz/products/6a1ecb0d1b6a2c6ae3536055/gallery/XOil5I_G1z/regular.jpg,https://d2dytk4tvgwhb4.cloudfront.net/duiyfppz/products/6a1ecb0d1b6a2c6ae3536055/gallery/tMfldnqe6G/regular.jpg,https://d2dytk4tvgwhb4.cloudfront.net/duiyfppz/products/6a1ecb0d1b6a2c6ae3536055/gallery/MCoktt8fmY/regular.jpg,https://d2dytk4tvgwhb4.cloudfront.net/duiyfppz/products/6a1ecb0d1b6a2c6ae3536055/gallery/kfFFhwV3kE/regular.jpg","","HellaPrints","","","","","","harvester","https://hellaprints.com/deep-red-butterfly-roses-hearts-home-decor-gift-for-butterfly-lover-spare-tire-cover?utm_source=pinterest&utm_medium=cpc&utm_campaign=pinterest_shopping"
"6a1ebb662dcfa3de82f7cc0e","6a1ebb662dcfa3de82f7cc0e","Fuchsia Pink Paw Print Symbols On Black Background - Pet Lover Home Decor Gift Spare Tire Cover","Spare Tire Cover featuring vibrant fuchsia pink paw print symbols on a deep black background for pet lover home decor. The artwork showcases three bold paw prints and scattered smaller prints, subtly detailed with glowing trails and faint granular texture. A meaningful pick for birthdays, holidays, or any occasion to celebrate a love for pets. A thoughtful choice for pet owners, animal enthusiasts, or a special gift for pet parents. Add colors and some special twists to your car's rear end with our custom Spare Tire Cover. Other than a decoration accessory for your car, this Spare Tire Cover is also handy to protect your spare tire in ready-to-use condition. Product Details: • Multi-Function: Decorate the car's exterior and protect your car's spare tire against sunlight, rain, mud, and other harsh weather conditions. • Material: Waterproofing UV-Resistant fabric (118gr/m2). The material is light, soft, water and dust-proof, durable, and easy to clean. The material is tested to meet the color fastness standard TCVN 5823:1994. • Drawcord closure: Strong and durable 100% polypropylene drawcord keeps the cover firmly in place and ensures a snug fit. • Easy installation: Spare Tire Cover is easy to install and remove. Wrap the cover over the tire and then secure it with a cord lock. • Various sizes: Fits different car tires (27, 28, 29, 30, 32, and 34 inches in diameter). Why You'll Love It: • Protects your spare tire from harsh weather. • Adds a custom look to your car quickly. • Lightweight, durable, and easy to install. Care Instructions: • Wipe clean with a soft damp cloth. • Do not bleach.","https://hellaprints.com/fuchsia-pink-paw-print-symbols-on-black-background-pet-lover-home-decor-gift-spare-tire-cover","https://d2dytk4tvgwhb4.cloudfront.net/duiyfppz/products/6a1ebb662dcfa3de82f7cc0e/no-hole/yNh8uXQDK9/regular.jpg","34.95 USD","in stock","new","Vehicles & Parts > Vehicle Parts & Accessories > Vehicle Covers > Spare Tire Covers","Spare Tire Covers","https://d2dytk4tvgwhb4.cloudfront.net/duiyfppz/products/6a1ebb662dcfa3de82f7cc0e/gallery/2IxzFnXsGR/regular.jpg,https://d2dytk4tvgwhb4.cloudfront.net/duiyfppz/products/6a1ebb662dcfa3de82f7cc0e/gallery/tmIkvqM_lp/regular.jpg,https://d2dytk4tvgwhb4.cloudfront.net/duiyfppz/products/6a1ebb662dcfa3de82f7cc0e/gallery/kILLUTbq4q/regular.jpg,https://d2dytk4tvgwhb4.cloudfront.net/duiyfppz/products/6a1ebb662dcfa3de82f7cc0e/gallery/fz0xcFnsWt/regular.jpg,https://d2dytk4tvgwhb4.cloudfront.net/duiyfppz/products/6a1ebb662dcfa3de82f7cc0e/gallery/DSlf0hWgLz/regular.jpg","","HellaPrints","","","","","","harvester","https://hellaprints.com/fuchsia-pink-paw-print-symbols-on-black-background-pet-lover-home-decor-gift-spare-tire-cover?utm_source=pinterest&utm_medium=cpc&utm_campaign=pinterest_shopping"
"6a1eba98839c2088a087bd7a","6a1eba98839c2088a087bd7a","Majestic Blue Butterfly Hummingbird Pink Flowers Botanical Leaves - Nature Lover Gift Spare Tire Cover","Spare Tire Cover - Majestic Blue Butterfly wildlife design featuring a large iridescent butterfly. The composition shows a hummingbird near pink five-petal flowers and silver-blue botanical leaves, layered with blue swirling filigree and light-catching dust motes. This artwork offers a rich visual statement for vehicles and is a great choice for showcasing a love of nature or appreciation for wildlife. Add colors and some special twists to your car's rear end with our custom Spare Tire Cover. Other than a decoration accessory for your car, this Spare Tire Cover is also handy to protect your spare tire in ready-to-use condition. Product Details: • Multi-Function: Decorate the car's exterior and protect your car's spare tire against sunlight, rain, mud, and other harsh weather conditions. • Material: Waterproofing UV-Resistant fabric (118gr/m2). The material is light, soft, water and dust-proof, durable, and easy to clean. The material is tested to meet the color fastness standard TCVN 5823:1994. • Drawcord closure: Strong and durable 100% polypropylene drawcord keeps the cover firmly in place and ensures a snug fit. • Easy installation: Spare Tire Cover is easy to install and remove. Wrap the cover over the tire and then secure it with a cord lock. • Various sizes: Fits different car tires (27, 28, 29, 30, 32, and 34 inches in diameter). Why You'll Love It: • Protects your spare tire from harsh weather. • Adds a custom look to your car quickly. • Lightweight, durable, and easy to install. Care Instructions: • Wipe clean with a soft damp cloth. • Do not bleach.","https://hellaprints.com/majestic-blue-butterfly-hummingbird-pink-flowers-botanical-leaves-nature-lover-gift-spare-tire-cover","https://d2dytk4tvgwhb4.cloudfront.net/duiyfppz/products/6a1eba98839c2088a087bd7a/no-hole/SbRPRK7PBM/regular.jpg","34.95 USD","in stock","new","Vehicles & Parts > Vehicle Parts & Accessories > Vehicle Covers > Spare Tire Covers","Spare Tire Covers","https://d2dytk4tvgwhb4.cloudfront.net/duiyfppz/products/6a1eba98839c2088a087bd7a/gallery/ze5Cyz38Ec/regular.jpg,https://d2dytk4tvgwhb4.cloudfront.net/duiyfppz/products/6a1eba98839c2088a087bd7a/gallery/HYSgdk4WN7/regular.jpg,https://d2dytk4tvgwhb4.cloudfront.net/duiyfppz/products/6a1eba98839c2088a087bd7a/gallery/Ml2CbG4sw0/regular.jpg,https://d2dytk4tvgwhb4.cloudfront.net/duiyfppz/products/6a1eba98839c2088a087bd7a/gallery/GksjaYUyvz/regular.jpg,https://d2dytk4tvgwhb4.cloudfront.net/duiyfppz/products/6a1eba98839c2088a087bd7a/gallery/J1Lo2JXYKO/regular.jpg","","HellaPrints","","","","","","harvester","https://hellaprints.com/majestic-blue-butterfly-hummingbird-pink-flowers-botanical-leaves-nature-lover-gift-spare-tire-cover?utm_source=pinterest&utm_medium=cpc&utm_campaign=pinterest_shopping"
"6a1d79e10c3b6ef06b124eb0","6a1d79e10c3b6ef06b124eb0","Playful Posing Pigs Pink Snouts Hot Pink Wayfarer Sunglasses - Pig Lover Gift Men's Polo Shirt","Polo Shirt - Playful Posing Pigs design featuring pink snouts and hot pink wayfarer sunglasses. This artwork features white-bodied pigs, each with pink snouts and stylish hot pink wayfarer sunglasses, in various playful poses. A great choice for casual outings, pig lover gatherings, or as a unique farm animal gift. This design makes a meaningful pick for pig enthusiasts, farm life admirers, and anyone who enjoys unique animal imagery. Classy yet very comfortable to wear – That's what Polo Shirt can bring to you. Made from Bird-eye pique fabric, this polo shirt is perfect to keep you cool and dry all day. Product Details: • Material: Bird-eye pique fabric with 3-5% Spandex – Lightweight, breathable, moisture-wicking, stretchable quick-drying fabric that is comfortable to wear as a casual or activewear outfit. • Regular fit allows you to move freely and conveniently. • Pull-on closure with 3-button placket – Classic Polo style yet comfortable to put on and take off. • Double-stitch hems for durability. • Sublimation printing creates vibrant and clear prints on the fabric which won't come off. • Wide range of sizes: S to 5XL – Suitable for different body types. Why You'll Love It: • Versatile style – Works for both professional events and casual outings • All-day comfort – Breathable fabric keeps you cool and dry • Vibrant, lasting prints – Won't fade, crack, or peel after washing • Built to last – Double-stitch hems for durability • Perfect fit for everyone – Wide size range from S to 5XL Care Instructions: • Wash inside out. • Machine wash cold with like colors. • Gentle cycle. • Only non-chlorine bleach when needed. • Tumble dry low. • Cool iron if needed.","https://hellaprints.com/playful-posing-pigs-pink-snouts-hot-pink-wayfarer-sunglasses-pig-lover-gift-mens-polo-shirt","https://d2dytk4tvgwhb4.cloudfront.net/duiyfppz/products/6a1d79e10c3b6ef06b124eb0/gallery/7PIt32XrUH/regular.jpg","29.95 USD","in stock","new","Apparel & Accessories > Clothing > Shirts & Tops","Shirts & Tops","https://d2dytk4tvgwhb4.cloudfront.net/duiyfppz/products/6a1d79e10c3b6ef06b124eb0/gallery/L6zpzlRlYW/regular.jpg,https://d2dytk4tvgwhb4.cloudfront.net/duiyfppz/products/6a1d79e10c3b6ef06b124eb0/gallery/hbP8dAWEiZ/regular.jpg,https://d2dytk4tvgwhb4.cloudfront.net/duiyfppz/products/6a1d79e10c3b6ef06b124eb0/gallery/aAUd7Kbayu/regular.jpg,https://d2dytk4tvgwhb4.cloudfront.net/duiyfppz/products/6a1d79e10c3b6ef06b124eb0/gallery/NcxsH9GW6V/regular.jpg,https://d2dytk4tvgwhb4.cloudfront.net/duiyfppz/products/6a1d79e10c3b6ef06b124eb0/gallery/ZDUfiUlIRw/regular.jpg,https://d2dytk4tvgwhb4.cloudfront.net/duiyfppz/products/6a1d79e10c3b6ef06b124eb0/gallery/LvyuVPLfQe/regular.jpg,https://d2dytk4tvgwhb4.cloudfront.net/duiyfppz/products/6a1d79e10c3b6ef06b124eb0/gallery/kHPg-TXq3O/regular.jpg,https://d2dytk4tvgwhb4.cloudfront.net/duiyfppz/products/6a1d79e10c3b6ef06b124eb0/gallery/5VQsezRw_F/regular.jpg","","HellaPrints","","","","","","harvester","https://hellaprints.com/playful-posing-pigs-pink-snouts-hot-pink-wayfarer-sunglasses-pig-lover-gift-mens-polo-shirt?utm_source=pinterest&utm_medium=cpc&utm_campaign=pinterest_shopping"
"6a1d74ec18387495546d6f49","6a1d74ec18387495546d6f49","Wolf Head Feather Headdress Dreamcatcher - Wildlife Lover Gift Men's Polo Shirt","Polo Shirt - Majestic Wolf Head Feather Headdress design featuring an elaborate feathered headdress and intricate dreamcatcher charms. This stunning artwork displays a highly detailed realistic wolf head, framed by cascading feathers and vibrant turquoise beaded chains. A great choice for wildlife enthusiasts, it serves as a meaningful pick for everyday wear or as a unique Wildlife Lover Gift. A thoughtful choice for fathers, brothers, and friends who are passionate wildlife admirers. Classy yet very comfortable to wear – That's what Polo Shirt can bring to you. Made from Bird-eye pique fabric, this polo shirt is perfect to keep you cool and dry all day. Product Details: • Material: Bird-eye pique fabric with 3-5% Spandex – Lightweight, breathable, moisture-wicking, stretchable quick-drying fabric that is comfortable to wear as a casual or activewear outfit. • Regular fit allows you to move freely and conveniently. • Pull-on closure with 3-button placket – Classic Polo style yet comfortable to put on and take off. • Double-stitch hems for durability. • Sublimation printing creates vibrant and clear prints on the fabric which won't come off. • Wide range of sizes: S to 5XL – Suitable for different body types. Why You'll Love It: • Versatile style – Works for both professional events and casual outings • All-day comfort – Breathable fabric keeps you cool and dry • Vibrant, lasting prints – Won't fade, crack, or peel after washing • Built to last – Double-stitch hems for durability • Perfect fit for everyone – Wide size range from S to 5XL Care Instructions: • Wash inside out. • Machine wash cold with like colors. • Gentle cycle. • Only non-chlorine bleach when needed. • Tumble dry low. • Cool iron if needed.","https://hellaprints.com/wolf-head-feather-headdress-dreamcatcher-wildlife-lover-gift-mens-polo-shirt","https://d2dytk4tvgwhb4.cloudfront.net/duiyfppz/products/6a1d74ec18387495546d6f49/gallery/3RZhBFRdNs/regular.jpg","29.95 USD","in stock","new","Apparel & Accessories > Clothing > Shirts & Tops","Shirts & Tops","https://d2dytk4tvgwhb4.cloudfront.net/duiyfppz/products/6a1d74ec18387495546d6f49/gallery/AQjK6qAXNz/regular.jpg,https://d2dytk4tvgwhb4.cloudfront.net/duiyfppz/products/6a1d74ec18387495546d6f49/gallery/Uv-fWOp9SP/regular.jpg,https://d2dytk4tvgwhb4.cloudfront.net/duiyfppz/products/6a1d74ec18387495546d6f49/gallery/I5NeUDw63x/regular.jpg,https://d2dytk4tvgwhb4.cloudfront.net/duiyfppz/products/6a1d74ec18387495546d6f49/gallery/d23fd1egCV/regular.jpg,https://d2dytk4tvgwhb4.cloudfront.net/duiyfppz/products/6a1d74ec18387495546d6f49/gallery/RCFknsqJSo/regular.jpg,https://d2dytk4tvgwhb4.cloudfront.net/duiyfppz/products/6a1d74ec18387495546d6f49/gallery/1UVMnYJq3O/regular.jpg,https://d2dytk4tvgwhb4.cloudfront.net/duiyfppz/products/6a1d74ec18387495546d6f49/gallery/dPG7_8eugd/regular.jpg,https://d2dytk4tvgwhb4.cloudfront.net/duiyfppz/products/6a1d74ec18387495546d6f49/gallery/KgJiwGwdEN/regular.jpg","","HellaPrints","","","","","","harvester","https://hellaprints.com/wolf-head-feather-headdress-dreamcatcher-wildlife-lover-gift-mens-polo-shirt?utm_source=pinterest&utm_medium=cpc&utm_campaign=pinterest_shopping"
"6a1d7088251d1a08893f9d47","6a1d7088251d1a08893f9d47","Black White Dairy Cow Splotches - Everyday Style Gift for Farm Animal Enthusiast Men's Polo Shirt","Polo Shirt - Dairy cow splotches artwork features irregular black splotches against a crisp white background. The artwork depicts classic dairy cow spots arranged in a scattered all-over layout, showcasing crisp 2D illustration with strong contrast and clean edges. A great choice for everyday wear, casual outings, or as a thoughtful farm animal lover gift. Designed for cow enthusiasts, dairy farmers, and those who appreciate animal-themed fashion. Classy yet very comfortable to wear – That's what Polo Shirt can bring to you. Made from Bird-eye pique fabric, this polo shirt is perfect to keep you cool and dry all day. Product Details: • Material: Bird-eye pique fabric with 3-5% Spandex – Lightweight, breathable, moisture-wicking, stretchable quick-drying fabric that is comfortable to wear as a casual or activewear outfit. • Regular fit allows you to move freely and conveniently. • Pull-on closure with 3-button placket – Classic Polo style yet comfortable to put on and take off. • Double-stitch hems for durability. • Sublimation printing creates vibrant and clear prints on the fabric which won't come off. • Wide range of sizes: S to 5XL – Suitable for different body types. Why You'll Love It: • Versatile style – Works for both professional events and casual outings • All-day comfort – Breathable fabric keeps you cool and dry • Vibrant, lasting prints – Won't fade, crack, or peel after washing • Built to last – Double-stitch hems for durability • Perfect fit for everyone – Wide size range from S to 5XL Care Instructions: • Wash inside out. • Machine wash cold with like colors. • Gentle cycle. • Only non-chlorine bleach when needed. • Tumble dry low. • Cool iron if needed.","https://hellaprints.com/black-white-dairy-cow-splotches-everyday-style-gift-for-farm-animal-enthusiast-mens-polo-shirt","https://d2dytk4tvgwhb4.cloudfront.net/duiyfppz/products/6a1d7088251d1a08893f9d47/gallery/IzsRHwqzS_/regular.jpg","29.95 USD","in stock","new","Apparel & Accessories > Clothing > Shirts & Tops","Shirts & Tops","https://d2dytk4tvgwhb4.cloudfront.net/duiyfppz/products/6a1d7088251d1a08893f9d47/gallery/pu7fQ7FQJa/regular.jpg,https://d2dytk4tvgwhb4.cloudfront.net/duiyfppz/products/6a1d7088251d1a08893f9d47/gallery/i_wn9nUzvW/regular.jpg,https://d2dytk4tvgwhb4.cloudfront.net/duiyfppz/products/6a1d7088251d1a08893f9d47/gallery/OB8UE_7mVc/regular.jpg,https://d2dytk4tvgwhb4.cloudfront.net/duiyfppz/products/6a1d7088251d1a08893f9d47/gallery/STVChMHfUL/regular.jpg,https://d2dytk4tvgwhb4.cloudfront.net/duiyfppz/products/6a1d7088251d1a08893f9d47/gallery/_ja9378vb1/regular.jpg,https://d2dytk4tvgwhb4.cloudfront.net/duiyfppz/products/6a1d7088251d1a08893f9d47/gallery/tnvYupwvKq/regular.jpg,https://d2dytk4tvgwhb4.cloudfront.net/duiyfppz/products/6a1d7088251d1a08893f9d47/gallery/afvGe49rHW/regular.jpg,https://d2dytk4tvgwhb4.cloudfront.net/duiyfppz/products/6a1d7088251d1a08893f9d47/gallery/aql-ruO3Dx/regular.jpg","","HellaPrints","","","","","","harvester","https://hellaprints.com/black-white-dairy-cow-splotches-everyday-style-gift-for-farm-animal-enthusiast-mens-polo-shirt?utm_source=pinterest&utm_medium=cpc&utm_campaign=pinterest_shopping"
"6a1d6fd79ad3a9563fd675d9","6a1d6fd79ad3a9563fd675d9","Organic Floral Japanese Chrysanthemum Abstract Segmented Circle Fan Wave - Everyday Style Gift Men's Polo Shirt","Polo Shirt - Organic Floral Japanese Chrysanthemum Design with abstract segmented circular and fan wave elements. This artwork depicts stylized floral forms, segmented circular shapes, and wave bands in a dynamic, scattered layout. Dotted textures and linear accents add depth to this modern artistic vision. Well-suited for everyday style and casual outings, making a distinctive everyday style gift for artistic composition admirers. Classy yet very comfortable to wear – That's what Polo Shirt can bring to you. Made from Bird-eye pique fabric, this polo shirt is perfect to keep you cool and dry all day. Product Details: • Material: Bird-eye pique fabric with 3-5% Spandex – Lightweight, breathable, moisture-wicking, stretchable quick-drying fabric that is comfortable to wear as a casual or activewear outfit. • Regular fit allows you to move freely and conveniently. • Pull-on closure with 3-button placket – Classic Polo style yet comfortable to put on and take off. • Double-stitch hems for durability. • Sublimation printing creates vibrant and clear prints on the fabric which won't come off. • Wide range of sizes: S to 5XL – Suitable for different body types. Why You'll Love It: • Versatile style – Works for both professional events and casual outings • All-day comfort – Breathable fabric keeps you cool and dry • Vibrant, lasting prints – Won't fade, crack, or peel after washing • Built to last – Double-stitch hems for durability • Perfect fit for everyone – Wide size range from S to 5XL Care Instructions: • Wash inside out. • Machine wash cold with like colors. • Gentle cycle. • Only non-chlorine bleach when needed. • Tumble dry low. • Cool iron if needed.","https://hellaprints.com/organic-floral-japanese-chrysanthemum-abstract-segmented-circle-fan-wave-everyday-style-gift-mens-polo-shirt","https://d2dytk4tvgwhb4.cloudfront.net/duiyfppz/products/6a1d6fd79ad3a9563fd675d9/gallery/ZBA4soO4D1/regular.jpg","29.95 USD","in stock","new","Apparel & Accessories > Clothing > Shirts & Tops","Shirts & Tops","https://d2dytk4tvgwhb4.cloudfront.net/duiyfppz/products/6a1d6fd79ad3a9563fd675d9/gallery/RUITPGTFDS/regular.jpg,https://d2dytk4tvgwhb4.cloudfront.net/duiyfppz/products/6a1d6fd79ad3a9563fd675d9/gallery/sNR6xyYw8q/regular.jpg,https://d2dytk4tvgwhb4.cloudfront.net/duiyfppz/products/6a1d6fd79ad3a9563fd675d9/gallery/OLXjmqw2MC/regular.jpg,https://d2dytk4tvgwhb4.cloudfront.net/duiyfppz/products/6a1d6fd79ad3a9563fd675d9/gallery/yszeS74nT9/regular.jpg,https://d2dytk4tvgwhb4.cloudfront.net/duiyfppz/products/6a1d6fd79ad3a9563fd675d9/gallery/4CqcRAP-b_/regular.jpg,https://d2dytk4tvgwhb4.cloudfront.net/duiyfppz/products/6a1d6fd79ad3a9563fd675d9/gallery/6ydzxbYYD-/regular.jpg,https://d2dytk4tvgwhb4.cloudfront.net/duiyfppz/products/6a1d6fd79ad3a9563fd675d9/gallery/6g5JaLGfus/regular.jpg,https://d2dytk4tvgwhb4.cloudfront.net/duiyfppz/products/6a1d6fd79ad3a9563fd675d9/gallery/0F6ujPHAov/regular.jpg","","HellaPrints","","","","","","harvester","https://hellaprints.com/organic-floral-japanese-chrysanthemum-abstract-segmented-circle-fan-wave-everyday-style-gift-mens-polo-shirt?utm_source=pinterest&utm_medium=cpc&utm_campaign=pinterest_shopping"
"6a16c0fc69d9cf80078d5b96","6a16c0fc69d9cf80078d5b96","Skeletal Figure Scythe Purple Flora Moon Forest - Fantasy Lover Gift Spare Tire Cover","Spare Tire Cover - a deep fantasy forest scene featuring a majestic skeletal figure. This artwork displays a grand skeletal figure adorned with intricate robes and glowing purple flora, holding an ornate scythe. A luminous full moon casts violet and silver light over a dense forest of rich purple foliage and bioluminescent undergrowth. It makes a meaningful pick for enthusiasts of gothic aesthetics and imaginative tales. A thoughtful present for fantasy collectors, adventure seekers, and auto enthusiasts. Add colors and some special twists to your car's rear end with our custom Spare Tire Cover. Other than a decoration accessory for your car, this Spare Tire Cover is also handy to protect your spare tire in ready-to-use condition. Product Details: • Multi-Function: Decorate the car's exterior and protect your car's spare tire against sunlight, rain, mud, and other harsh weather conditions. • Material: Waterproofing UV-Resistant fabric (118gr/m2). The material is light, soft, water and dust-proof, durable, and easy to clean. The material is tested to meet the color fastness standard TCVN 5823:1994. • Drawcord closure: Strong and durable 100% polypropylene drawcord keeps the cover firmly in place and ensures a snug fit. • Easy installation: Spare Tire Cover is easy to install and remove. Wrap the cover over the tire and then secure it with a cord lock. • Various sizes: Fits different car tires (27, 28, 29, 30, 32, and 34 inches in diameter). Why You'll Love It: • Protects your spare tire from harsh weather. • Adds a custom look to your car quickly. • Lightweight, durable, and easy to install. Care Instructions: • Wipe clean with a soft damp cloth. • Do not bleach.","https://hellaprints.com/skeletal-figure-scythe-purple-flora-moon-forest-fantasy-lover-gift-spare-tire-cover","https://d2dytk4tvgwhb4.cloudfront.net/duiyfppz/products/6a16c0fc69d9cf80078d5b96/no-hole/SJRfgczMrn/regular.jpg","34.95 USD","in stock","new","Vehicles & Parts > Vehicle Parts & Accessories > Vehicle Covers > Spare Tire Covers","Spare Tire Covers","https://d2dytk4tvgwhb4.cloudfront.net/duiyfppz/products/6a16c0fc69d9cf80078d5b96/gallery/pGInOp5Jwj/regular.jpg,https://d2dytk4tvgwhb4.cloudfront.net/duiyfppz/products/6a16c0fc69d9cf80078d5b96/gallery/KGgpxxpMqi/regular.jpg,https://d2dytk4tvgwhb4.cloudfront.net/duiyfppz/products/6a16c0fc69d9cf80078d5b96/gallery/LB0ZWoNDz0/regular.jpg,https://d2dytk4tvgwhb4.cloudfront.net/duiyfppz/products/6a16c0fc69d9cf80078d5b96/gallery/zPeTrp7YRg/regular.jpg,https://d2dytk4tvgwhb4.cloudfront.net/duiyfppz/products/6a16c0fc69d9cf80078d5b96/gallery/vcTDcSrazV/regular.jpg","","HellaPrints","","","","","","harvester","https://hellaprints.com/skeletal-figure-scythe-purple-flora-moon-forest-fantasy-lover-gift-spare-tire-cover?utm_source=pinterest&utm_medium=cpc&utm_campaign=pinterest_shopping"
"6a16afec463238499cd3eb9d","6a16afec463238499cd3eb9d","Stained Glass Radiant Maple Leaf Mosaic - Autumn Home Decor Gift for Nature Lover Stained Glass Suncatcher","Suncatcher - Autumn stained glass design featuring a radiant maple leaf mosaic. This refined design portrays an intricately veined maple leaf radiating with transitioning yellow, orange, and deep red hues, set within a vibrant Tiffany-inspired stained glass mosaic. It is well-suited for autumn season home decor, fall displays, or as a vibrant accent throughout the year. A meaningful pick for nature lovers, autumn decor enthusiasts, and stained glass collectors. Bring vibrant color and dazzling light into your home with our beautifully crafted Stained Glass Suncatcher. Designed to captivate and built to last, this eye-catching, elegant piece will elevate any room and add a unique focal point to any interior. • Material: High-grade 0.5-cm thick glass with a unique texture for clarity and long-lasting durability. • Design: Combination of textured and smooth surfaces on both sides creates a mesmerizing interplay of light and color. • Prints: Vibrant, long-lasting prints protected by a special matte coating to resist fading from sunlight. • Durability: Reinforced zinc strips around the glass for extra strength and protection against impact. • Installation: Includes integrated hooks, a sleek black metal chain, and a suction cup for easy placement. • Sizes: Available in 3.5 inches, 4 inches, 6 inches, 7.8 inches, 9.8 inches, and 11.8 inches to suit any space. • Care: Easy-to-clean surface that stays looking fresh over time. • Packaging: Safe and secure foam packaging to ensure it arrives in pristine condition. Why You'll Love It: • Radiant color and light: lets sunlight pass through to create vivid, captivating color effects in any room. • Premium glass construction: made from high-grade 0.5-cm textured glass for clarity, strength, and a refined appearance. • Long-lasting prints: vibrant, fade-resistant prints protected by a matte coating to maintain their beauty over time. • Reinforced durability: zinc-edged framing adds extra protection against impact and improves overall longevity. • Easy installation: includes integrated hooks, a sleek black metal chain, and a suction cup for quick, flexible placement. • Thoughtful gift option: an elegant and artistic present suitable for birthdays, holidays, and special occasions. • Low-maintenance care: smooth, easy-to-clean surface that stays looking fresh with minimal effort. Care Instructions: • Avoid prolonged exposure to water and high temperatures.","https://hellaprints.com/stained-glass-radiant-maple-leaf-mosaic-autumn-home-decor-gift-for-nature-lover-stained-glass-suncatcher","https://d2dytk4tvgwhb4.cloudfront.net/duiyfppz/products/6a16afec463238499cd3eb9d/gallery/Rhwz0_IbNt/regular.jpg","24.95 USD","in stock","new","Home & Garden > Decor > Home Decor Accents > Suncatchers","Suncatchers","https://d2dytk4tvgwhb4.cloudfront.net/duiyfppz/products/6a16afec463238499cd3eb9d/gallery/MCochXiYsf/regular.jpg,https://d2dytk4tvgwhb4.cloudfront.net/duiyfppz/products/6a16afec463238499cd3eb9d/gallery/hGC69OYWF1/regular.jpg,https://d2dytk4tvgwhb4.cloudfront.net/duiyfppz/products/6a16afec463238499cd3eb9d/gallery/6jaGFmZtAZ/regular.jpg,https://d2dytk4tvgwhb4.cloudfront.net/duiyfppz/products/6a16afec463238499cd3eb9d/gallery/nG0GG3F77P/regular.jpg","","HellaPrints","","","","","","harvester","https://hellaprints.com/stained-glass-radiant-maple-leaf-mosaic-autumn-home-decor-gift-for-nature-lover-stained-glass-suncatcher?utm_source=pinterest&utm_medium=cpc&utm_campaign=pinterest_shopping"
"6a167b12aa9b34711bc6c036","6a167b12aa9b34711bc6c036","Majestic Dragon Glowing Reptilian Eyes Gold Filigree - Fantasy Lover Gift Spare Tire Cover","Spare Tire Cover - Majestic Dragon design featuring glowing reptilian eyes and ornate gold filigree. The artwork displays cinematic poster realism, presenting cracked scales against a mysterious backdrop of dark earthy tones and organic textures. This makes a great choice for fantasy enthusiasts, mythology fans, and collectors of creature artistry. Add colors and some special twists to your car's rear end with our custom Spare Tire Cover. Other than a decoration accessory for your car, this Spare Tire Cover is also handy to protect your spare tire in ready-to-use condition. Product Details: • Multi-Function: Decorate the car's exterior and protect your car's spare tire against sunlight, rain, mud, and other harsh weather conditions. • Material: Waterproofing UV-Resistant fabric (118gr/m2). The material is light, soft, water and dust-proof, durable, and easy to clean. The material is tested to meet the color fastness standard TCVN 5823:1994. • Drawcord closure: Strong and durable 100% polypropylene drawcord keeps the cover firmly in place and ensures a snug fit. • Easy installation: Spare Tire Cover is easy to install and remove. Wrap the cover over the tire and then secure it with a cord lock. • Various sizes: Fits different car tires (27, 28, 29, 30, 32, and 34 inches in diameter). Why You'll Love It: • Protects your spare tire from harsh weather. • Adds a custom look to your car quickly. • Lightweight, durable, and easy to install. Care Instructions: • Wipe clean with a soft damp cloth. • Do not bleach.","https://hellaprints.com/majestic-dragon-glowing-reptilian-eyes-gold-filigree-fantasy-lover-gift-spare-tire-cover","https://d2dytk4tvgwhb4.cloudfront.net/duiyfppz/products/6a167b12aa9b34711bc6c036/no-hole/3a6r_kZJHg/regular.jpg","34.95 USD","in stock","new","Vehicles & Parts > Vehicle Parts & Accessories > Vehicle Covers > Spare Tire Covers","Spare Tire Covers","https://d2dytk4tvgwhb4.cloudfront.net/duiyfppz/products/6a167b12aa9b34711bc6c036/gallery/NSykEEZTPh/regular.jpg,https://d2dytk4tvgwhb4.cloudfront.net/duiyfppz/products/6a167b12aa9b34711bc6c036/gallery/cXO6L1Xib5/regular.jpg,https://d2dytk4tvgwhb4.cloudfront.net/duiyfppz/products/6a167b12aa9b34711bc6c036/gallery/HleLFq2PxX/regular.jpg,https://d2dytk4tvgwhb4.cloudfront.net/duiyfppz/products/6a167b12aa9b34711bc6c036/gallery/_k_sEpys8h/regular.jpg,https://d2dytk4tvgwhb4.cloudfront.net/duiyfppz/products/6a167b12aa9b34711bc6c036/gallery/RpEzjM7Xhc/regular.jpg","","HellaPrints","","","","","","harvester","https://hellaprints.com/majestic-dragon-glowing-reptilian-eyes-gold-filigree-fantasy-lover-gift-spare-tire-cover?utm_source=pinterest&utm_medium=cpc&utm_campaign=pinterest_shopping"
"6a167aa0c61b596cdd97387e","6a167aa0c61b596cdd97387e","Spartan Helmet Dragon Greek Key Battle - Fantasy Lover Home Decor Gift Spare Tire Cover","Spare Tire Cover - Spartan Helmet Dragon Greek Key design featuring ancient battle motifs. This richly rendered stylized illustration features a central metallic silver-grey Spartan helmet with a vibrant red plume, flanked by glowing red-eyed red and black dragons. The composition includes a robust Greek key meander pattern, smoky mist, and subtle ancient battle etchings against a deep black background. A meaningful pick for fantasy enthusiasts, dragon lovers, or those who appreciate historical conflict themes. Add colors and some special twists to your car's rear end with our custom Spare Tire Cover. Other than a decoration accessory for your car, this Spare Tire Cover is also handy to protect your spare tire in ready-to-use condition. Product Details: • Multi-Function: Decorate the car's exterior and protect your car's spare tire against sunlight, rain, mud, and other harsh weather conditions. • Material: Waterproofing UV-Resistant fabric (118gr/m2). The material is light, soft, water and dust-proof, durable, and easy to clean. The material is tested to meet the color fastness standard TCVN 5823:1994. • Drawcord closure: Strong and durable 100% polypropylene drawcord keeps the cover firmly in place and ensures a snug fit. • Easy installation: Spare Tire Cover is easy to install and remove. Wrap the cover over the tire and then secure it with a cord lock. • Various sizes: Fits different car tires (27, 28, 29, 30, 32, and 34 inches in diameter). Why You'll Love It: • Protects your spare tire from harsh weather. • Adds a custom look to your car quickly. • Lightweight, durable, and easy to install. Care Instructions: • Wipe clean with a soft damp cloth. • Do not bleach.","https://hellaprints.com/spartan-helmet-dragon-greek-key-battle-fantasy-lover-home-decor-gift-spare-tire-cover","https://d2dytk4tvgwhb4.cloudfront.net/duiyfppz/products/6a167aa0c61b596cdd97387e/no-hole/8C5-UZ-3Vr/regular.jpg","34.95 USD","in stock","new","Vehicles & Parts > Vehicle Parts & Accessories > Vehicle Covers > Spare Tire Covers","Spare Tire Covers","https://d2dytk4tvgwhb4.cloudfront.net/duiyfppz/products/6a167aa0c61b596cdd97387e/gallery/WQXOfWliWp/regular.jpg,https://d2dytk4tvgwhb4.cloudfront.net/duiyfppz/products/6a167aa0c61b596cdd97387e/gallery/fITprJUrtR/regular.jpg,https://d2dytk4tvgwhb4.cloudfront.net/duiyfppz/products/6a167aa0c61b596cdd97387e/gallery/nS613ucN5h/regular.jpg,https://d2dytk4tvgwhb4.cloudfront.net/duiyfppz/products/6a167aa0c61b596cdd97387e/gallery/63gWVUC-je/regular.jpg,https://d2dytk4tvgwhb4.cloudfront.net/duiyfppz/products/6a167aa0c61b596cdd97387e/gallery/zd1wxPovhT/regular.jpg","","HellaPrints","","","","","","harvester","https://hellaprints.com/spartan-helmet-dragon-greek-key-battle-fantasy-lover-home-decor-gift-spare-tire-cover?utm_source=pinterest&utm_medium=cpc&utm_campaign=pinterest_shopping"
"6a1663a927787a2eb63cc4d1","6a1663a927787a2eb63cc4d1","Iridescent Purple Blue Butterflies Glowing Floral Light Trails - Fantasy Lover's Gift Spare Tire Cover","Spare Tire Cover - featuring iridescent purple and electric blue butterflies amidst glowing floral accents. This artwork depicts majestically spread purple and blue butterflies, surrounded by swirling light trails and luminous particle effects, all set against a deep indigo and mystical violet background. This design is a meaningful pick for home decor, offering a visual statement for any vehicle, and is well-suited for fantasy enthusiasts. A thoughtful gift for fantasy enthusiasts, butterfly lovers, and anyone appreciating a mystical glow. Add colors and some special twists to your car's rear end with our custom Spare Tire Cover. Other than a decoration accessory for your car, this Spare Tire Cover is also handy to protect your spare tire in ready-to-use condition. Product Details: • Multi-Function: Decorate the car's exterior and protect your car's spare tire against sunlight, rain, mud, and other harsh weather conditions. • Material: Waterproofing UV-Resistant fabric (118gr/m2). The material is light, soft, water and dust-proof, durable, and easy to clean. The material is tested to meet the color fastness standard TCVN 5823:1994. • Drawcord closure: Strong and durable 100% polypropylene drawcord keeps the cover firmly in place and ensures a snug fit. • Easy installation: Spare Tire Cover is easy to install and remove. Wrap the cover over the tire and then secure it with a cord lock. • Various sizes: Fits different car tires (27, 28, 29, 30, 32, and 34 inches in diameter). Why You'll Love It: • Protects your spare tire from harsh weather. • Adds a custom look to your car quickly. • Lightweight, durable, and easy to install. Care Instructions: • Wipe clean with a soft damp cloth. • Do not bleach.","https://hellaprints.com/iridescent-purple-blue-butterflies-glowing-floral-light-trails-fantasy-lovers-gift-spare-tire-cover","https://d2dytk4tvgwhb4.cloudfront.net/duiyfppz/products/6a1663a927787a2eb63cc4d1/no-hole/NO45-N7VjA/regular.jpg","34.95 USD","in stock","new","Vehicles & Parts > Vehicle Parts & Accessories > Vehicle Covers > Spare Tire Covers","Spare Tire Covers","https://d2dytk4tvgwhb4.cloudfront.net/duiyfppz/products/6a1663a927787a2eb63cc4d1/gallery/yh1mOx93iL/regular.jpg,https://d2dytk4tvgwhb4.cloudfront.net/duiyfppz/products/6a1663a927787a2eb63cc4d1/gallery/7Y1ZBhQbA-/regular.jpg,https://d2dytk4tvgwhb4.cloudfront.net/duiyfppz/products/6a1663a927787a2eb63cc4d1/gallery/Bks9ZudT3o/regular.jpg,https://d2dytk4tvgwhb4.cloudfront.net/duiyfppz/products/6a1663a927787a2eb63cc4d1/gallery/zW40GEF1Zx/regular.jpg,https://d2dytk4tvgwhb4.cloudfront.net/duiyfppz/products/6a1663a927787a2eb63cc4d1/gallery/EAjSN7bgJv/regular.jpg","","HellaPrints","","","","","","harvester","https://hellaprints.com/iridescent-purple-blue-butterflies-glowing-floral-light-trails-fantasy-lovers-gift-spare-tire-cover?utm_source=pinterest&utm_medium=cpc&utm_campaign=pinterest_shopping"
"6a165969487fbadf79b0db57","6a165969487fbadf79b0db57","Tropical Van Gogh Starry Night Moon Ocean Swirls Scene - Tropical Travel Gift Hawaiian Shirt","Hawaiian - Tropical Van Gogh Starry Night design featuring celestial moon and ocean swirls. This artwork depicts swirling formations of moonlit ocean currents and dynamic skies, accented with vibrant yellow stars and expressive impasto brushstrokes. It is a great choice for tropical travel adventures, ocean themed gatherings, and personal appreciation of natural beauty. A meaningful pick for dedicated travelers, passionate ocean enthusiasts, and art history lovers. A Hawaiian shirt is a breezy, summer essential – Perfect for trips to wear on vacation to tropical destinations. Product Details: • 100% woven polyester fabric offers outstanding durability, insulation, and wrinkle resistance. This lightweight, breathable, moisture-wicking fabric is perfect to keep you cool during the summer. • Simple and comfortable button closure makes it easy to style and layer with other trendy items. • Signature open Cuban collar with short sleeve and relaxed fit looks casual and fashionable. • The color of our custom aloha shirts could be slightly different on the screen than in real life. Why You'll Love It: • Lightweight, breathable fabric keeps you cool all day long. • Relaxed fit for maximum comfort in any setting. • Vibrant prints that let you stand out effortlessly. Care Instructions: • Wash inside out. • Machine wash cold with like colors. • Gentle cycle. • Only non-chlorine bleach when needed. • Tumble dry low. • Cool iron if needed.","https://hellaprints.com/tropical-van-gogh-starry-night-moon-ocean-swirls-scene-tropical-travel-gift-hawaiian-shirt","https://d2dytk4tvgwhb4.cloudfront.net/duiyfppz/products/6a165969487fbadf79b0db57/gallery/LCR5otLnJU/regular.jpg","29.95 USD","in stock","new","Apparel & Accessories > Clothing > Shirts & Tops","Shirts & Tops","https://d2dytk4tvgwhb4.cloudfront.net/duiyfppz/products/6a165969487fbadf79b0db57/gallery/NW9eGwaPNC/regular.jpg,https://d2dytk4tvgwhb4.cloudfront.net/duiyfppz/products/6a165969487fbadf79b0db57/gallery/ai1lqcRblJ/regular.jpg,https://d2dytk4tvgwhb4.cloudfront.net/duiyfppz/products/6a165969487fbadf79b0db57/gallery/bPahc5MkCB/regular.jpg,https://d2dytk4tvgwhb4.cloudfront.net/duiyfppz/products/6a165969487fbadf79b0db57/gallery/COisuz6FqO/regular.jpg,https://d2dytk4tvgwhb4.cloudfront.net/duiyfppz/products/6a165969487fbadf79b0db57/gallery/uT28Nh9j57/regular.jpg,https://d2dytk4tvgwhb4.cloudfront.net/duiyfppz/products/6a165969487fbadf79b0db57/gallery/-cTNaCLTvF/regular.jpg,https://d2dytk4tvgwhb4.cloudfront.net/duiyfppz/products/6a165969487fbadf79b0db57/gallery/lyuVzVlcoT/regular.jpg,https://d2dytk4tvgwhb4.cloudfront.net/duiyfppz/products/6a165969487fbadf79b0db57/gallery/2k1wNLiQrY/regular.jpg","","HellaPrints","","","","","","harvester","https://hellaprints.com/tropical-van-gogh-starry-night-moon-ocean-swirls-scene-tropical-travel-gift-hawaiian-shirt?utm_source=pinterest&utm_medium=cpc&utm_campaign=pinterest_shopping"
"6a16535f27787a87823c6ca6","6a16535f27787a87823c6ca6","Black Palm Tree Silhouettes Stripe Panel Tropical Island Landscape - Tropical Vacation Gift for Travelers Hawaiian Shirt","Hawaiian - Black Palm Tree Silhouettes design showcasing a bold stripe panel and a tropical island landscape. This artwork depicts three black palm trees, a vertical panel of black, warm brown, and white stripes, and soft-focus tropical foliage against a warm sandy brown, linen-textured background. A great choice for tropical travel, island getaways, or everyday styling that captures a vacation spirit. A thoughtful pick for travelers, beach lovers, and those who appreciate tropical island scenery. A Hawaiian shirt is a breezy, summer essential – Perfect for trips to wear on vacation to tropical destinations. Product Details: • 100% woven polyester fabric offers outstanding durability, insulation, and wrinkle resistance. This lightweight, breathable, moisture-wicking fabric is perfect to keep you cool during the summer. • Simple and comfortable button closure makes it easy to style and layer with other trendy items. • Signature open Cuban collar with short sleeve and relaxed fit looks casual and fashionable. • The color of our custom aloha shirts could be slightly different on the screen than in real life. Why You'll Love It: • Lightweight, breathable fabric keeps you cool all day long. • Relaxed fit for maximum comfort in any setting. • Vibrant prints that let you stand out effortlessly. Care Instructions: • Wash inside out. • Machine wash cold with like colors. • Gentle cycle. • Only non-chlorine bleach when needed. • Tumble dry low. • Cool iron if needed.","https://hellaprints.com/black-palm-tree-silhouettes-stripe-panel-tropical-island-landscape-tropical-vacation-gift-for-travelers-hawaiian-shirt","https://d2dytk4tvgwhb4.cloudfront.net/duiyfppz/products/6a16535f27787a87823c6ca6/gallery/VMvRdl1fr-/regular.jpg","29.95 USD","in stock","new","Apparel & Accessories > Clothing > Shirts & Tops","Shirts & Tops","https://d2dytk4tvgwhb4.cloudfront.net/duiyfppz/products/6a16535f27787a87823c6ca6/gallery/0Ic68NABG3/regular.jpg,https://d2dytk4tvgwhb4.cloudfront.net/duiyfppz/products/6a16535f27787a87823c6ca6/gallery/RBbqUPgU5r/regular.jpg,https://d2dytk4tvgwhb4.cloudfront.net/duiyfppz/products/6a16535f27787a87823c6ca6/gallery/u0b1j_XWkk/regular.jpg,https://d2dytk4tvgwhb4.cloudfront.net/duiyfppz/products/6a16535f27787a87823c6ca6/gallery/YfsYemlVKj/regular.jpg,https://d2dytk4tvgwhb4.cloudfront.net/duiyfppz/products/6a16535f27787a87823c6ca6/gallery/ioJpgnU4DF/regular.jpg,https://d2dytk4tvgwhb4.cloudfront.net/duiyfppz/products/6a16535f27787a87823c6ca6/gallery/8WK0SY0rBn/regular.jpg,https://d2dytk4tvgwhb4.cloudfront.net/duiyfppz/products/6a16535f27787a87823c6ca6/gallery/d1uk9WYElh/regular.jpg,https://d2dytk4tvgwhb4.cloudfront.net/duiyfppz/products/6a16535f27787a87823c6ca6/gallery/FYGLPCf_gJ/regular.jpg","","HellaPrints","","","","","","harvester","https://hellaprints.com/black-palm-tree-silhouettes-stripe-panel-tropical-island-landscape-tropical-vacation-gift-for-travelers-hawaiian-shirt?utm_source=pinterest&utm_medium=cpc&utm_campaign=pinterest_shopping"
"6a164d80aa9b3463c4c5f0d3","6a164d80aa9b3463c4c5f0d3","WELCOME Gold Baroque Fleur-de-lis Scrollwork Acanthus - Home Decor Entryway Gift Doormat","Doormat - opulent baroque scrollwork featuring majestic 'WELCOME' text and elegant fleur-de-lis symbols. The artwork showcases intricate gold details, swirling tendrils, and acanthus leaves, all set against a rich deep teal background with antique bronze patination. A well-suited choice for enhancing home entryway decor and welcoming guests. This thoughtful home gift is perfect for hosts, new homeowners, or anyone appreciating luxurious design. Greet your guest with our special custom doormat. Not only does this doormat keep the dust away, but it is also a great decoration item that helps to make the first impression before anyone enters the house. Product Details: • Material: Low-pile velvet fabric with anti-slip synthetic fiber backing. The mat surface is soft, plush, and water-absorbent, offering a comfortable feel to your feet. The non-slip underside prevents sliding, ensures safety, and keeps the mat from shifting. • The doormat's edges are carefully stitched to keep the doormat durable and long-lasting. • Low-profile custom doormat of only 0.2 inches, suitable for use in different rooms without blocking the door from closing. Why You'll Love It: • Our customizable doormat helps to keep all the dust and debris from entering your house. • This doormat is versatile – It helps absorb water, keeps the floor clean, and adds a soft layer of warmth to your floor. • You can place it at the front door, in your kitchen, bathroom, or even in your bedroom, and living room. • A personalized doormat can be a perfect gift for your friends and family. • Anti-slip backing ensures safety and keeps the mat firmly in place. Care Instructions: • Wipe with a damp cloth and mild soap, or use a garden hose to rinse the mat outdoors. • Our products are vacuum-sealed to protect them from dust and moisture during shipping. As a result, the item may appear thin and wrinkled when first opened. Let the product air out for 5–10 minutes to regain its original thickness. A quick wash will easily smooth out any remaining fold lines.","https://hellaprints.com/welcome-gold-baroque-fleur-de-lis-scrollwork-acanthus-home-decor-entryway-gift-doormat","https://d2dytk4tvgwhb4.cloudfront.net/duiyfppz/products/6a164d80aa9b3463c4c5f0d3/15x25/rR44W0Gf30/regular.jpg","32.50 USD","in stock","new","Home & Garden > Decor > Door Mats","Door Mats","https://d2dytk4tvgwhb4.cloudfront.net/duiyfppz/products/6a164d80aa9b3463c4c5f0d3/gallery/SuTt_KXI9y/regular.jpg,https://d2dytk4tvgwhb4.cloudfront.net/duiyfppz/products/6a164d80aa9b3463c4c5f0d3/gallery/BclNOGLfqM/regular.jpg,https://d2dytk4tvgwhb4.cloudfront.net/duiyfppz/products/6a164d80aa9b3463c4c5f0d3/gallery/_iEJbgLhPw/regular.jpg,https://d2dytk4tvgwhb4.cloudfront.net/duiyfppz/products/6a164d80aa9b3463c4c5f0d3/gallery/6b_WxPpb-z/regular.jpg,https://d2dytk4tvgwhb4.cloudfront.net/duiyfppz/products/6a164d80aa9b3463c4c5f0d3/gallery/7mtdiAfDAN/regular.jpg,https://d2dytk4tvgwhb4.cloudfront.net/duiyfppz/products/6a164d80aa9b3463c4c5f0d3/gallery/0yOHtD_l1j/regular.jpg","","HellaPrints","","","","","","harvester","https://hellaprints.com/welcome-gold-baroque-fleur-de-lis-scrollwork-acanthus-home-decor-entryway-gift-doormat?utm_source=pinterest&utm_medium=cpc&utm_campaign=pinterest_shopping"
"6a15be9baa9b344143c53f97","6a15be9baa9b344143c53f97","Pink Highland Cow Bubblegum Cosmic - Cow Lover Gift Spare Tire Cover","Spare Tire Cover - Pink Highland Cow design featuring fluffy pink fur, bubblegum bubbles, and a cosmic nebula background. This unique artwork depicts an adult pink Highland cow with a baby pink Highland calf, both blowing glossy light pink bubblegum, and adorned with sparkling glittery purple bows, set against a backdrop of swirling lavender purple and soft pink cosmic dust with glowing stars. This thoughtful design is well-suited for everyday display, adding a touch of distinct personality to any vehicle, and makes a memorable gift for a cow lover. Add colors and some special twists to your car's rear end with our custom Spare Tire Cover. Other than a decoration accessory for your car, this Spare Tire Cover is also handy to protect your spare tire in ready-to-use condition. Product Details: • Multi-Function: Decorate the car's exterior and protect your car's spare tire against sunlight, rain, mud, and other harsh weather conditions. • Material: Waterproofing UV-Resistant fabric (118gr/m2). The material is light, soft, water and dust-proof, durable, and easy to clean. The material is tested to meet the color fastness standard TCVN 5823:1994. • Drawcord closure: Strong and durable 100% polypropylene drawcord keeps the cover firmly in place and ensures a snug fit. • Easy installation: Spare Tire Cover is easy to install and remove. Wrap the cover over the tire and then secure it with a cord lock. • Various sizes: Fits different car tires (27, 28, 29, 30, 32, and 34 inches in diameter). Why You'll Love It: • Protects your spare tire from harsh weather. • Adds a custom look to your car quickly. • Lightweight, durable, and easy to install. Care Instructions: • Wipe clean with a soft damp cloth. • Do not bleach.","https://hellaprints.com/pink-highland-cow-bubblegum-cosmic-cow-lover-gift-spare-tire-cover","https://d2dytk4tvgwhb4.cloudfront.net/duiyfppz/products/6a15be9baa9b344143c53f97/no-hole/oKMFccENiL/regular.jpg","34.95 USD","in stock","new","Vehicles & Parts > Vehicle Parts & Accessories > Vehicle Covers > Spare Tire Covers","Spare Tire Covers","https://d2dytk4tvgwhb4.cloudfront.net/duiyfppz/products/6a15be9baa9b344143c53f97/gallery/eubEeqbn6w/regular.jpg,https://d2dytk4tvgwhb4.cloudfront.net/duiyfppz/products/6a15be9baa9b344143c53f97/gallery/9sLGhwvXfj/regular.jpg,https://d2dytk4tvgwhb4.cloudfront.net/duiyfppz/products/6a15be9baa9b344143c53f97/gallery/0RaqAgcpK3/regular.jpg,https://d2dytk4tvgwhb4.cloudfront.net/duiyfppz/products/6a15be9baa9b344143c53f97/gallery/Lgv4xQ85FE/regular.jpg,https://d2dytk4tvgwhb4.cloudfront.net/duiyfppz/products/6a15be9baa9b344143c53f97/gallery/R9L6LVri1v/regular.jpg","","HellaPrints","","","","","","harvester","https://hellaprints.com/pink-highland-cow-bubblegum-cosmic-cow-lover-gift-spare-tire-cover?utm_source=pinterest&utm_medium=cpc&utm_campaign=pinterest_shopping"
"6a1565f713564e6f284b6fa5","6a1565f713564e6f284b6fa5","Bald Eagle Liberty Bell American Flag - Independence Day Gift for Veterans Spare Tire Cover","Spare Tire Cover - Commemorate 250 Years of 1776-2026 with a bold Bald Eagle Liberty Bell design, featuring a majestic eagle clutching the historic bell. The artwork shows diverse American soldiers rising from a smoky battleground, set against a weathered American flag backdrop with 'FREEDOM' text. A compelling choice for Independence Day celebrations and national remembrance occasions. A meaningful pick for veterans and military families, history enthusiasts, and patriotic collectors. Add colors and some special twists to your car's rear end with our custom Spare Tire Cover. Other than a decoration accessory for your car, this Spare Tire Cover is also handy to protect your spare tire in ready-to-use condition. Product Details: • Multi-Function: Decorate the car's exterior and protect your car's spare tire against sunlight, rain, mud, and other harsh weather conditions. • Material: Waterproofing UV-Resistant fabric (118gr/m2). The material is light, soft, water and dust-proof, durable, and easy to clean. The material is tested to meet the color fastness standard TCVN 5823:1994. • Drawcord closure: Strong and durable 100% polypropylene drawcord keeps the cover firmly in place and ensures a snug fit. • Easy installation: Spare Tire Cover is easy to install and remove. Wrap the cover over the tire and then secure it with a cord lock. • Various sizes: Fits different car tires (27, 28, 29, 30, 32, and 34 inches in diameter). Why You'll Love It: • Protects your spare tire from harsh weather. • Adds a custom look to your car quickly. • Lightweight, durable, and easy to install. Care Instructions: • Wipe clean with a soft damp cloth. • Do not bleach.","https://hellaprints.com/bald-eagle-liberty-bell-american-flag-independence-day-gift-for-veterans-spare-tire-cover","https://d2dytk4tvgwhb4.cloudfront.net/duiyfppz/products/6a1565f713564e6f284b6fa5/no-hole/T-HMY4B5fi/regular.jpg","34.95 USD","in stock","new","Home & Garden > Lawn & Garden > Outdoor Living > Garden Flags","Garden Flags","https://d2dytk4tvgwhb4.cloudfront.net/duiyfppz/products/6a1565f713564e6f284b6fa5/gallery/ooxuV-mwoX/regular.jpg,https://d2dytk4tvgwhb4.cloudfront.net/duiyfppz/products/6a1565f713564e6f284b6fa5/gallery/puWPmsoXr6/regular.jpg,https://d2dytk4tvgwhb4.cloudfront.net/duiyfppz/products/6a1565f713564e6f284b6fa5/gallery/7MQeiP1ADC/regular.jpg,https://d2dytk4tvgwhb4.cloudfront.net/duiyfppz/products/6a1565f713564e6f284b6fa5/gallery/SciRO1_HhP/regular.jpg,https://d2dytk4tvgwhb4.cloudfront.net/duiyfppz/products/6a1565f713564e6f284b6fa5/gallery/ttRceekugQ/regular.jpg","","HellaPrints","","","","","","harvester","https://hellaprints.com/bald-eagle-liberty-bell-american-flag-independence-day-gift-for-veterans-spare-tire-cover?utm_source=pinterest&utm_medium=cpc&utm_campaign=pinterest_shopping"
"6a15654e13564e51774b6e32","6a15654e13564e51774b6e32","United States Eagle Liberty Bell Flag 250th Anniversary for Veterans Spare Tire Cover","Spare Tire Cover - United States patriotic heritage celebrating the 250th Anniversary (1776-2026) with a bald eagle, Liberty Bell, and flags. This high-detail illustration showcases a majestic eagle atop the Liberty Bell, flanked by historic and modern American flags and a saluting soldier amidst sunbursts and stars. A great choice for 250th Anniversary events, national holidays, and military history enthusiasts. Add colors and some special twists to your car's rear end with our custom Spare Tire Cover. Other than a decoration accessory for your car, this Spare Tire Cover is also handy to protect your spare tire in ready-to-use condition. Product Details: • Multi-Function: Decorate the car's exterior and protect your car's spare tire against sunlight, rain, mud, and other harsh weather conditions. • Material: Waterproofing UV-Resistant fabric (118gr/m2). The material is light, soft, water and dust-proof, durable, and easy to clean. The material is tested to meet the color fastness standard TCVN 5823:1994. • Drawcord closure: Strong and durable 100% polypropylene drawcord keeps the cover firmly in place and ensures a snug fit. • Easy installation: Spare Tire Cover is easy to install and remove. Wrap the cover over the tire and then secure it with a cord lock. • Various sizes: Fits different car tires (27, 28, 29, 30, 32, and 34 inches in diameter). Why You'll Love It: • Protects your spare tire from harsh weather. • Adds a custom look to your car quickly. • Lightweight, durable, and easy to install. Care Instructions: • Wipe clean with a soft damp cloth. • Do not bleach.","https://hellaprints.com/united-states-eagle-liberty-bell-flag-250th-anniversary-for-veterans-spare-tire-cover","https://d2dytk4tvgwhb4.cloudfront.net/duiyfppz/products/6a15654e13564e51774b6e32/no-hole/s7EV-DBaHH/regular.jpg","34.95 USD","in stock","new","Home & Garden > Lawn & Garden > Outdoor Living > Garden Flags","Garden Flags","https://d2dytk4tvgwhb4.cloudfront.net/duiyfppz/products/6a15654e13564e51774b6e32/gallery/4rx6fv7l9G/regular.jpg,https://d2dytk4tvgwhb4.cloudfront.net/duiyfppz/products/6a15654e13564e51774b6e32/gallery/qUxqVlSc22/regular.jpg,https://d2dytk4tvgwhb4.cloudfront.net/duiyfppz/products/6a15654e13564e51774b6e32/gallery/JCpxh_0zXs/regular.jpg,https://d2dytk4tvgwhb4.cloudfront.net/duiyfppz/products/6a15654e13564e51774b6e32/gallery/BWPb7W05Ne/regular.jpg,https://d2dytk4tvgwhb4.cloudfront.net/duiyfppz/products/6a15654e13564e51774b6e32/gallery/ZkhkHPLWhX/regular.jpg","","HellaPrints","","","","","","harvester","https://hellaprints.com/united-states-eagle-liberty-bell-flag-250th-anniversary-for-veterans-spare-tire-cover?utm_source=pinterest&utm_medium=cpc&utm_campaign=pinterest_shopping"
"6a1511a3f54d3ccaa5e66998","6a1511a3f54d3ccaa5e66998","Personalized Dad Photo Gift, Night Light for Dad, Best Dad Ever Gift, Fathers Day Gift, Dad Birthday Gift, Dad Christmas Gift","Create an ambient space for your bedroom, living room, or workspace with this magical Photo Night Light. The photo light night comes with a USB cable. No battery is required, working well with multiple devices. Material: • Natural beech wood with high quality and durability. • 3-mm Acrylic sheet for printing designs – Transparent, sturdy, durable, and easy to clean. • Three wooden base options: Oval, Round, and Rectangle. • You can choose to add engraved details to the wood base or not. Product Details: • Round wood base comes with two acrylic sheet sizes: 5.5""x5.5"" and 4.7""x7"". • Oval and Rectangle wood bases are available with 6""x9"" acrylic sheets. • You can customize the size of the acrylic sheet to whatever size you want as long as it is smaller than the mentioned standard sizes. • The wood base is connected to a USB cable with button controls for adjusting the lighting. • LED lights with 7 RGB colors and 4 flashing modes for impressive lighting effect – change colors to set the right mood or switch to your liking. • Button control for adjusting the brightness, changing the color or lighting modes, and turning on or off the lights. • No heat is emitted when the light is used. Safe for children. • The product may have a tolerance of approximately 1-3mm. Why You'll Love It: • Sets the perfect ambiance in any room – bedroom, living room, or workspace – with a single touch. • 7 RGB colors and 4 flashing modes let you match the lighting to any mood or occasion. • USB-powered with no battery needed – plug in and enjoy hassle-free, heat-free lighting that's safe for the whole family. • Transparent acrylic sheet makes your photo pop with stunning clarity and vibrant backlit colors. • Choose your base shape and add engraving for a truly personalized keepsake or gift. Care Instructions: • Wipe gently with a clean, dry cloth. • Avoid prolonged exposure to water, direct heat, or harsh cleaning chemicals.","https://hellaprints.com/personalized-dad-photo-gift-night-light-for-dad-best-dad-ever-gift-fathers-day-gift-dad-birthday-gift-dad-christmas-gift","https://d2dytk4tvgwhb4.cloudfront.net/duiyfppz/products/6a1511a3f54d3ccaa5e66998/rec-6x9/rLmOZYDLtA/regular.jpg","32.95 USD","in stock","new","Home & Garden > Lighting > Night Lights & Ambient Lighting","Night Lights & Ambient Lighting","https://d2dytk4tvgwhb4.cloudfront.net/duiyfppz/products/6a1511a3f54d3ccaa5e66998/gallery/c1ZdVz3fM/regular.jpg,https://d2dytk4tvgwhb4.cloudfront.net/duiyfppz/products/6a1511a3f54d3ccaa5e66998/gallery/0YOPhwfyQ/regular.jpg,https://d2dytk4tvgwhb4.cloudfront.net/duiyfppz/products/6a1511a3f54d3ccaa5e66998/gallery/Kci35u9cx/regular.jpg","","HellaPrints","","","","","","harvester","https://hellaprints.com/personalized-dad-photo-gift-night-light-for-dad-best-dad-ever-gift-fathers-day-gift-dad-birthday-gift-dad-christmas-gift?utm_source=pinterest&utm_medium=cpc&utm_campaign=pinterest_shopping"
"6a140708cd5a5c2d53fdb800","6a140708cd5a5c2d53fdb800","Barn Swallow Flight Sky Mosaic - Wildlife Lover Home Decor Gift Stained Glass Suncatcher","Suncatcher - Barn Swallow in Flight showcasing swirling sky mosaic and luminous translucent glass. The artwork depicts a graceful barn swallow in active flight, its wings extended against a dynamic background of cloud formations and abstract hills. A great choice for enhancing living spaces, celebrating nature, or a meaningful selection for year-round displays. A thoughtful gift for birdwatchers, nature enthusiasts, and those who appreciate intricate mosaic details. Bring vibrant color and dazzling light into your home with our beautifully crafted Stained Glass Suncatcher. Designed to captivate and built to last, this eye-catching, elegant piece will elevate any room and add a unique focal point to any interior. • Material: High-grade 0.5-cm thick glass with a unique texture for clarity and long-lasting durability. • Design: Combination of textured and smooth surfaces on both sides creates a mesmerizing interplay of light and color. • Prints: Vibrant, long-lasting prints protected by a special matte coating to resist fading from sunlight. • Durability: Reinforced zinc strips around the glass for extra strength and protection against impact. • Installation: Includes integrated hooks, a sleek black metal chain, and a suction cup for easy placement. • Sizes: Available in 3.5 inches, 4 inches, 6 inches, 7.8 inches, 9.8 inches, and 11.8 inches to suit any space. • Care: Easy-to-clean surface that stays looking fresh over time. • Packaging: Safe and secure foam packaging to ensure it arrives in pristine condition. Why You'll Love It: • Radiant color and light: lets sunlight pass through to create vivid, captivating color effects in any room. • Premium glass construction: made from high-grade 0.5-cm textured glass for clarity, strength, and a refined appearance. • Long-lasting prints: vibrant, fade-resistant prints protected by a matte coating to maintain their beauty over time. • Reinforced durability: zinc-edged framing adds extra protection against impact and improves overall longevity. • Easy installation: includes integrated hooks, a sleek black metal chain, and a suction cup for quick, flexible placement. • Thoughtful gift option: an elegant and artistic present suitable for birthdays, holidays, and special occasions. • Low-maintenance care: smooth, easy-to-clean surface that stays looking fresh with minimal effort. Care Instructions: • Avoid prolonged exposure to water and high temperatures.","https://hellaprints.com/barn-swallow-flight-sky-mosaic-wildlife-lover-home-decor-gift-stained-glass-suncatcher","https://d2dytk4tvgwhb4.cloudfront.net/duiyfppz/products/6a140708cd5a5c2d53fdb800/gallery/aO9xraAzbA/regular.jpg","24.95 USD","in stock","new","Home & Garden > Decor > Home Decor Accents > Suncatchers","Suncatchers","https://d2dytk4tvgwhb4.cloudfront.net/duiyfppz/products/6a140708cd5a5c2d53fdb800/gallery/F9CwMz3owI/regular.jpg,https://d2dytk4tvgwhb4.cloudfront.net/duiyfppz/products/6a140708cd5a5c2d53fdb800/gallery/lszDJ91OdT/regular.jpg,https://d2dytk4tvgwhb4.cloudfront.net/duiyfppz/products/6a140708cd5a5c2d53fdb800/gallery/c79kxmrgeb/regular.jpg,https://d2dytk4tvgwhb4.cloudfront.net/duiyfppz/products/6a140708cd5a5c2d53fdb800/gallery/-vhUc2bPbY/regular.jpg","","HellaPrints","","","","","","harvester","https://hellaprints.com/barn-swallow-flight-sky-mosaic-wildlife-lover-home-decor-gift-stained-glass-suncatcher?utm_source=pinterest&utm_medium=cpc&utm_campaign=pinterest_shopping"
"6a13f10b1c3a4bf048ad4577","6a13f10b1c3a4bf048ad4577","German Shepherd Dog Pastoral Landscape - Home Decor Gift for Dog Lovers Stained Glass Suncatcher","Suncatcher - German Shepherd Dog Pastoral Landscape featuring majestic canine and natural elements. This luminous artwork showcases a noble German Shepherd in a refined Tiffany-inspired stained glass mosaic, set against rolling hills and intricate pastoral landscape details. A great choice for home decor, thoughtful housewarming presents, or any dog lover's collection. A meaningful pick for German Shepherd owners, pet enthusiasts, and friends who cherish unique wildlife art. Bring vibrant color and dazzling light into your home with our beautifully crafted Stained Glass Suncatcher. Designed to captivate and built to last, this eye-catching, elegant piece will elevate any room and add a unique focal point to any interior. • Material: High-grade 0.5-cm thick glass with a unique texture for clarity and long-lasting durability. • Design: Combination of textured and smooth surfaces on both sides creates a mesmerizing interplay of light and color. • Prints: Vibrant, long-lasting prints protected by a special matte coating to resist fading from sunlight. • Durability: Reinforced zinc strips around the glass for extra strength and protection against impact. • Installation: Includes integrated hooks, a sleek black metal chain, and a suction cup for easy placement. • Sizes: Available in 3.5 inches, 4 inches, 6 inches, 7.8 inches, 9.8 inches, and 11.8 inches to suit any space. • Care: Easy-to-clean surface that stays looking fresh over time. • Packaging: Safe and secure foam packaging to ensure it arrives in pristine condition. Why You'll Love It: • Radiant color and light: lets sunlight pass through to create vivid, captivating color effects in any room. • Premium glass construction: made from high-grade 0.5-cm textured glass for clarity, strength, and a refined appearance. • Long-lasting prints: vibrant, fade-resistant prints protected by a matte coating to maintain their beauty over time. • Reinforced durability: zinc-edged framing adds extra protection against impact and improves overall longevity. • Easy installation: includes integrated hooks, a sleek black metal chain, and a suction cup for quick, flexible placement. • Thoughtful gift option: an elegant and artistic present suitable for birthdays, holidays, and special occasions. • Low-maintenance care: smooth, easy-to-clean surface that stays looking fresh with minimal effort. Care Instructions: • Avoid prolonged exposure to water and high temperatures.","https://hellaprints.com/german-shepherd-dog-pastoral-landscape-home-decor-gift-for-dog-lovers-stained-glass-suncatcher","https://d2dytk4tvgwhb4.cloudfront.net/duiyfppz/products/6a13f10b1c3a4bf048ad4577/gallery/ZCmFEjRUwE/regular.jpg","24.95 USD","in stock","new","Home & Garden > Decor > Home Decor Accents > Suncatchers","Suncatchers","https://d2dytk4tvgwhb4.cloudfront.net/duiyfppz/products/6a13f10b1c3a4bf048ad4577/gallery/vAD_I2cL6b/regular.jpg,https://d2dytk4tvgwhb4.cloudfront.net/duiyfppz/products/6a13f10b1c3a4bf048ad4577/gallery/HkFdoLnEWW/regular.jpg,https://d2dytk4tvgwhb4.cloudfront.net/duiyfppz/products/6a13f10b1c3a4bf048ad4577/gallery/I21DQLTjEh/regular.jpg,https://d2dytk4tvgwhb4.cloudfront.net/duiyfppz/products/6a13f10b1c3a4bf048ad4577/gallery/DXGKH6X9k1/regular.jpg","","HellaPrints","","","","","","harvester","https://hellaprints.com/german-shepherd-dog-pastoral-landscape-home-decor-gift-for-dog-lovers-stained-glass-suncatcher?utm_source=pinterest&utm_medium=cpc&utm_campaign=pinterest_shopping"
"6a13c591d8d2c24e69758d79","6a13c591d8d2c24e69758d79","Black Horse Head Red Eye Wildlife Lover Gift for Horse Lover Spare Tire Cover","Spare Tire Cover features a black horse head design with a striking red-orange eye. The artwork portrays a powerful three-quarter profile of the horse, its flowing mane intertwined with dark, ethereal smoke trails and abstract swirling patterns, presented as a high-detail realistic digital illustration. A great choice for wildlife enthusiasts and horse lovers, this artwork brings a sense of powerful mystery and elegance to any vehicle. Add colors and some special twists to your car's rear end with our custom Spare Tire Cover. Other than a decoration accessory for your car, this Spare Tire Cover is also handy to protect your spare tire in ready-to-use condition. Product Details: • Multi-Function: Decorate the car's exterior and protect your car's spare tire against sunlight, rain, mud, and other harsh weather conditions. • Material: Waterproofing UV-Resistant fabric (118gr/m2). The material is light, soft, water and dust-proof, durable, and easy to clean. The material is tested to meet the color fastness standard TCVN 5823:1994. • Drawcord closure: Strong and durable 100% polypropylene drawcord keeps the cover firmly in place and ensures a snug fit. • Easy installation: Spare Tire Cover is easy to install and remove. Wrap the cover over the tire and then secure it with a cord lock. • Various sizes: Fits different car tires (27, 28, 29, 30, 32, and 34 inches in diameter). Why You'll Love It: • Protects your spare tire from harsh weather. • Adds a custom look to your car quickly. • Lightweight, durable, and easy to install. Care Instructions: • Wipe clean with a soft damp cloth. • Do not bleach.","https://hellaprints.com/black-horse-head-red-eye-wildlife-lover-gift-for-horse-lover-spare-tire-cover","https://d2dytk4tvgwhb4.cloudfront.net/duiyfppz/products/6a13c591d8d2c24e69758d79/no-hole/Z-_zn7L0kL/regular.jpg","34.95 USD","in stock","new","Vehicles & Parts > Vehicle Parts & Accessories > Vehicle Covers > Spare Tire Covers","Spare Tire Covers","https://d2dytk4tvgwhb4.cloudfront.net/duiyfppz/products/6a13c591d8d2c24e69758d79/gallery/aAphwSpwjz/regular.jpg,https://d2dytk4tvgwhb4.cloudfront.net/duiyfppz/products/6a13c591d8d2c24e69758d79/gallery/RWmg0taAQf/regular.jpg,https://d2dytk4tvgwhb4.cloudfront.net/duiyfppz/products/6a13c591d8d2c24e69758d79/gallery/fvy7TdK8k0/regular.jpg,https://d2dytk4tvgwhb4.cloudfront.net/duiyfppz/products/6a13c591d8d2c24e69758d79/gallery/9dFuaiDFBZ/regular.jpg,https://d2dytk4tvgwhb4.cloudfront.net/duiyfppz/products/6a13c591d8d2c24e69758d79/gallery/Uzfl38UgCa/regular.jpg","","HellaPrints","","","","","","harvester","https://hellaprints.com/black-horse-head-red-eye-wildlife-lover-gift-for-horse-lover-spare-tire-cover?utm_source=pinterest&utm_medium=cpc&utm_campaign=pinterest_shopping"
"6a13b636ddff905ba3a63757","6a13b636ddff905ba3a63757","Industrial Mechanical Spider Skull Web - Home Decor Gift for Goth Lover Spare Tire Cover","Spare Tire Cover - Industrial Mechanical Spider Skull Web design featuring a menacing spider with a grim skull and intricate gear. The artwork depicts a highly detailed mechanical spider with segmented dark metallic legs ending in sharp claws, surrounded by a glowing silver and dark steel web on a deep matte black void. A well-suited choice for automotive enhancement, a striking visual for dark aesthetic enthusiasts, and a meaningful pick for home decor. Add colors and some special twists to your car's rear end with our custom Spare Tire Cover. Other than a decoration accessory for your car, this Spare Tire Cover is also handy to protect your spare tire in ready-to-use condition. Product Details: • Multi-Function: Decorate the car's exterior and protect your car's spare tire against sunlight, rain, mud, and other harsh weather conditions. • Material: Waterproofing UV-Resistant fabric (118gr/m2). The material is light, soft, water and dust-proof, durable, and easy to clean. The material is tested to meet the color fastness standard TCVN 5823:1994. • Drawcord closure: Strong and durable 100% polypropylene drawcord keeps the cover firmly in place and ensures a snug fit. • Easy installation: Spare Tire Cover is easy to install and remove. Wrap the cover over the tire and then secure it with a cord lock. • Various sizes: Fits different car tires (27, 28, 29, 30, 32, and 34 inches in diameter). Why You'll Love It: • Protects your spare tire from harsh weather. • Adds a custom look to your car quickly. • Lightweight, durable, and easy to install. Care Instructions: • Wipe clean with a soft damp cloth. • Do not bleach.","https://hellaprints.com/industrial-mechanical-spider-skull-web-home-decor-gift-for-goth-lover-spare-tire-cover","https://d2dytk4tvgwhb4.cloudfront.net/duiyfppz/products/6a13b636ddff905ba3a63757/no-hole/ChwgYQzFg8/regular.jpg","34.95 USD","in stock","new","Vehicles & Parts > Vehicle Parts & Accessories > Vehicle Covers > Spare Tire Covers","Spare Tire Covers","https://d2dytk4tvgwhb4.cloudfront.net/duiyfppz/products/6a13b636ddff905ba3a63757/gallery/_iwI5IY_ja/regular.jpg,https://d2dytk4tvgwhb4.cloudfront.net/duiyfppz/products/6a13b636ddff905ba3a63757/gallery/c0y5c1Ph3K/regular.jpg,https://d2dytk4tvgwhb4.cloudfront.net/duiyfppz/products/6a13b636ddff905ba3a63757/gallery/lQxfeExmp5/regular.jpg,https://d2dytk4tvgwhb4.cloudfront.net/duiyfppz/products/6a13b636ddff905ba3a63757/gallery/SZf6Pcn7mv/regular.jpg,https://d2dytk4tvgwhb4.cloudfront.net/duiyfppz/products/6a13b636ddff905ba3a63757/gallery/rsDfcwQaz5/regular.jpg","","HellaPrints","","","","","","harvester","https://hellaprints.com/industrial-mechanical-spider-skull-web-home-decor-gift-for-goth-lover-spare-tire-cover?utm_source=pinterest&utm_medium=cpc&utm_campaign=pinterest_shopping"
"6a13b53f2d69544529f65500","6a13b53f2d69544529f65500","Donkey Pair Rustic Meadow - Farmhouse Decor Gift for Animal Lovers Spare Tire Cover","Spare Tire Cover - Donkey Pair Rustic Meadow design featuring two detailed donkeys in a natural, rustic field. The artwork displays a full-canvas edge-to-edge composition, showcasing expressive brown and grey donkeys amidst atmospheric green and earthy brushstrokes with painterly textures. A meaningful choice for farmhouse decor settings, well-suited for adding character to any vehicle or as a thoughtful animal lovers gift. Add colors and some special twists to your car's rear end with our custom Spare Tire Cover. Other than a decoration accessory for your car, this Spare Tire Cover is also handy to protect your spare tire in ready-to-use condition. Product Details: • Multi-Function: Decorate the car's exterior and protect your car's spare tire against sunlight, rain, mud, and other harsh weather conditions. • Material: Waterproofing UV-Resistant fabric (118gr/m2). The material is light, soft, water and dust-proof, durable, and easy to clean. The material is tested to meet the color fastness standard TCVN 5823:1994. • Drawcord closure: Strong and durable 100% polypropylene drawcord keeps the cover firmly in place and ensures a snug fit. • Easy installation: Spare Tire Cover is easy to install and remove. Wrap the cover over the tire and then secure it with a cord lock. • Various sizes: Fits different car tires (27, 28, 29, 30, 32, and 34 inches in diameter). Why You'll Love It: • Protects your spare tire from harsh weather. • Adds a custom look to your car quickly. • Lightweight, durable, and easy to install. Care Instructions: • Wipe clean with a soft damp cloth. • Do not bleach.","https://hellaprints.com/donkey-pair-rustic-meadow-farmhouse-decor-gift-for-animal-lovers-spare-tire-cover","https://d2dytk4tvgwhb4.cloudfront.net/duiyfppz/products/6a13b53f2d69544529f65500/no-hole/lHXmSDPTju/regular.jpg","34.95 USD","in stock","new","Vehicles & Parts > Vehicle Parts & Accessories > Vehicle Covers > Spare Tire Covers","Spare Tire Covers","https://d2dytk4tvgwhb4.cloudfront.net/duiyfppz/products/6a13b53f2d69544529f65500/gallery/dLYSuEzDre/regular.jpg,https://d2dytk4tvgwhb4.cloudfront.net/duiyfppz/products/6a13b53f2d69544529f65500/gallery/XndRFGFPAf/regular.jpg,https://d2dytk4tvgwhb4.cloudfront.net/duiyfppz/products/6a13b53f2d69544529f65500/gallery/dji6TZSG0M/regular.jpg,https://d2dytk4tvgwhb4.cloudfront.net/duiyfppz/products/6a13b53f2d69544529f65500/gallery/ShLvQ6xeMc/regular.jpg,https://d2dytk4tvgwhb4.cloudfront.net/duiyfppz/products/6a13b53f2d69544529f65500/gallery/nntwDs-Aj8/regular.jpg","","HellaPrints","","","","","","harvester","https://hellaprints.com/donkey-pair-rustic-meadow-farmhouse-decor-gift-for-animal-lovers-spare-tire-cover?utm_source=pinterest&utm_medium=cpc&utm_campaign=pinterest_shopping"
"6a13abd080d7eb8ea5fb21f7","6a13abd080d7eb8ea5fb21f7","Black Bear American Flag Sunset Mountain - Patriotic Wildlife Lover Gift Spare Tire Cover","Spare Tire Cover features a compelling Black Bear American Flag sunset mountain design, showcasing a majestic bear and unfurling flag. This artwork depicts a powerful black bear on a rugged rock, framed by an American flag and lush evergreen trees against an expansive sunset mountain scenery. Well-suited for patriotic celebrations, outdoor adventures, and showing appreciation for wildlife. A meaningful pick for wildlife lovers, veterans, and anyone who appreciates American flag displays. Add colors and some special twists to your car's rear end with our custom Spare Tire Cover. Other than a decoration accessory for your car, this Spare Tire Cover is also handy to protect your spare tire in ready-to-use condition. Product Details: • Multi-Function: Decorate the car's exterior and protect your car's spare tire against sunlight, rain, mud, and other harsh weather conditions. • Material: Waterproofing UV-Resistant fabric (118gr/m2). The material is light, soft, water and dust-proof, durable, and easy to clean. The material is tested to meet the color fastness standard TCVN 5823:1994. • Drawcord closure: Strong and durable 100% polypropylene drawcord keeps the cover firmly in place and ensures a snug fit. • Easy installation: Spare Tire Cover is easy to install and remove. Wrap the cover over the tire and then secure it with a cord lock. • Various sizes: Fits different car tires (27, 28, 29, 30, 32, and 34 inches in diameter). Why You'll Love It: • Protects your spare tire from harsh weather. • Adds a custom look to your car quickly. • Lightweight, durable, and easy to install. Care Instructions: • Wipe clean with a soft damp cloth. • Do not bleach.","https://hellaprints.com/black-bear-american-flag-sunset-mountain-patriotic-wildlife-lover-gift-spare-tire-cover","https://d2dytk4tvgwhb4.cloudfront.net/duiyfppz/products/6a13abd080d7eb8ea5fb21f7/no-hole/nymsSgsHMm/regular.jpg","34.95 USD","in stock","new","Home & Garden > Lawn & Garden > Outdoor Living > Garden Flags","Garden Flags","https://d2dytk4tvgwhb4.cloudfront.net/duiyfppz/products/6a13abd080d7eb8ea5fb21f7/gallery/KBGhxvMwIO/regular.jpg,https://d2dytk4tvgwhb4.cloudfront.net/duiyfppz/products/6a13abd080d7eb8ea5fb21f7/gallery/4N87iR9tvR/regular.jpg,https://d2dytk4tvgwhb4.cloudfront.net/duiyfppz/products/6a13abd080d7eb8ea5fb21f7/gallery/iHbslIhNBg/regular.jpg,https://d2dytk4tvgwhb4.cloudfront.net/duiyfppz/products/6a13abd080d7eb8ea5fb21f7/gallery/FhR_8YntTC/regular.jpg,https://d2dytk4tvgwhb4.cloudfront.net/duiyfppz/products/6a13abd080d7eb8ea5fb21f7/gallery/4UAlr7zcr4/regular.jpg","","HellaPrints","","","","","","harvester","https://hellaprints.com/black-bear-american-flag-sunset-mountain-patriotic-wildlife-lover-gift-spare-tire-cover?utm_source=pinterest&utm_medium=cpc&utm_campaign=pinterest_shopping"
"6a13037bf910cbd813483ed0","6a13037bf910cbd813483ed0","Bald Eagle American Flag Independence Day Gift for Veterans Spare Tire Cover","Spare Tire Cover - Majestic bald eagle and distressed American flag artwork, a striking patriotic design for Independence Day. The artwork features a highly detailed bald eagle with white head feathers and a sharp golden yellow beak, layered over a dynamic, richly textured American flag background. A great choice for Independence Day celebrations, patriotic holidays, and year-round display. A meaningful pick for veterans, military families, and American flag lovers. Add colors and some special twists to your car's rear end with our custom Spare Tire Cover. Other than a decoration accessory for your car, this Spare Tire Cover is also handy to protect your spare tire in ready-to-use condition. Product Details: • Multi-Function: Decorate the car's exterior and protect your car's spare tire against sunlight, rain, mud, and other harsh weather conditions. • Material: Waterproofing UV-Resistant fabric (118gr/m2). The material is light, soft, water and dust-proof, durable, and easy to clean. The material is tested to meet the color fastness standard TCVN 5823:1994. • Drawcord closure: Strong and durable 100% polypropylene drawcord keeps the cover firmly in place and ensures a snug fit. • Easy installation: Spare Tire Cover is easy to install and remove. Wrap the cover over the tire and then secure it with a cord lock. • Various sizes: Fits different car tires (27, 28, 29, 30, 32, and 34 inches in diameter). Why You'll Love It: • Protects your spare tire from harsh weather. • Adds a custom look to your car quickly. • Lightweight, durable, and easy to install. Care Instructions: • Wipe clean with a soft damp cloth. • Do not bleach.","https://hellaprints.com/bald-eagle-american-flag-independence-day-gift-for-veterans-spare-tire-cover-9","https://d2dytk4tvgwhb4.cloudfront.net/duiyfppz/products/6a13037bf910cbd813483ed0/no-hole/8B10lJZb_j/regular.jpg","34.95 USD","in stock","new","Home & Garden > Lawn & Garden > Outdoor Living > Garden Flags","Garden Flags","https://d2dytk4tvgwhb4.cloudfront.net/duiyfppz/products/6a13037bf910cbd813483ed0/gallery/gTGqDAgfka/regular.jpg,https://d2dytk4tvgwhb4.cloudfront.net/duiyfppz/products/6a13037bf910cbd813483ed0/gallery/ydtjDNZhwH/regular.jpg,https://d2dytk4tvgwhb4.cloudfront.net/duiyfppz/products/6a13037bf910cbd813483ed0/gallery/YU7ff5EyfJ/regular.jpg,https://d2dytk4tvgwhb4.cloudfront.net/duiyfppz/products/6a13037bf910cbd813483ed0/gallery/ltH9btCbnQ/regular.jpg,https://d2dytk4tvgwhb4.cloudfront.net/duiyfppz/products/6a13037bf910cbd813483ed0/gallery/QMozFM-we0/regular.jpg","","HellaPrints","","","","","","harvester","https://hellaprints.com/bald-eagle-american-flag-independence-day-gift-for-veterans-spare-tire-cover-9?utm_source=pinterest&utm_medium=cpc&utm_campaign=pinterest_shopping"
"6a12fc7ff910cb5cf5482f6c","6a12fc7ff910cb5cf5482f6c","Black Panther Blue Lightning Cosmic Stars - Wildlife Lover Gift Spare Tire Cover","Spare Tire Cover - a mystical design featuring a black panther with glowing blue lightning and cosmic stars. The artwork depicts a powerful black panther enveloped by vivid blue electrical energy, set against a vast cosmic void filled with swirling nebulae and distant starlight. A striking choice for anyone who appreciates powerful animal imagery and celestial themes, suitable for everyday display or a thoughtful gift. An exceptional selection for wildlife enthusiasts, celestial fans, and those who admire unique visual art. Add colors and some special twists to your car's rear end with our custom Spare Tire Cover. Other than a decoration accessory for your car, this Spare Tire Cover is also handy to protect your spare tire in ready-to-use condition. Product Details: • Multi-Function: Decorate the car's exterior and protect your car's spare tire against sunlight, rain, mud, and other harsh weather conditions. • Material: Waterproofing UV-Resistant fabric (118gr/m2). The material is light, soft, water and dust-proof, durable, and easy to clean. The material is tested to meet the color fastness standard TCVN 5823:1994. • Drawcord closure: Strong and durable 100% polypropylene drawcord keeps the cover firmly in place and ensures a snug fit. • Easy installation: Spare Tire Cover is easy to install and remove. Wrap the cover over the tire and then secure it with a cord lock. • Various sizes: Fits different car tires (27, 28, 29, 30, 32, and 34 inches in diameter). Why You'll Love It: • Protects your spare tire from harsh weather. • Adds a custom look to your car quickly. • Lightweight, durable, and easy to install. Care Instructions: • Wipe clean with a soft damp cloth. • Do not bleach.","https://hellaprints.com/black-panther-blue-lightning-cosmic-stars-wildlife-lover-gift-spare-tire-cover","https://d2dytk4tvgwhb4.cloudfront.net/duiyfppz/products/6a12fc7ff910cb5cf5482f6c/no-hole/yUZLOw94Ap/regular.jpg","34.95 USD","in stock","new","Vehicles & Parts > Vehicle Parts & Accessories > Vehicle Covers > Spare Tire Covers","Spare Tire Covers","https://d2dytk4tvgwhb4.cloudfront.net/duiyfppz/products/6a12fc7ff910cb5cf5482f6c/gallery/o8Nalg6gSR/regular.jpg,https://d2dytk4tvgwhb4.cloudfront.net/duiyfppz/products/6a12fc7ff910cb5cf5482f6c/gallery/pkiVsWLEJg/regular.jpg,https://d2dytk4tvgwhb4.cloudfront.net/duiyfppz/products/6a12fc7ff910cb5cf5482f6c/gallery/Zmpu78liAM/regular.jpg,https://d2dytk4tvgwhb4.cloudfront.net/duiyfppz/products/6a12fc7ff910cb5cf5482f6c/gallery/-jt9mMGBkI/regular.jpg,https://d2dytk4tvgwhb4.cloudfront.net/duiyfppz/products/6a12fc7ff910cb5cf5482f6c/gallery/N_MIykNoPd/regular.jpg","","HellaPrints","","","","","","harvester","https://hellaprints.com/black-panther-blue-lightning-cosmic-stars-wildlife-lover-gift-spare-tire-cover?utm_source=pinterest&utm_medium=cpc&utm_campaign=pinterest_shopping"
"6a12f9e585f7c9b02955da44","6a12f9e585f7c9b02955da44","Pitbull Dog Mosaic Psychedelic Pop - Dog Lover Gift for Car Owners Spare Tire Cover","Spare Tire Cover - Pitbull Dog Mosaic Psychedelic Pop featuring a highly stylized full-face illustration of a happy Pitbull-type dog. The design showcases an intricate mosaic of abstract, curvilinear patterns, filled with intensely colorful hues and bold graphic outlines, all set against a deep black background. This accessory is a great choice for dog lovers, particularly Pitbull enthusiasts, and makes a thoughtful vehicle gift for car owners. Add colors and some special twists to your car's rear end with our custom Spare Tire Cover. Other than a decoration accessory for your car, this Spare Tire Cover is also handy to protect your spare tire in ready-to-use condition. Product Details: • Multi-Function: Decorate the car's exterior and protect your car's spare tire against sunlight, rain, mud, and other harsh weather conditions. • Material: Waterproofing UV-Resistant fabric (118gr/m2). The material is light, soft, water and dust-proof, durable, and easy to clean. The material is tested to meet the color fastness standard TCVN 5823:1994. • Drawcord closure: Strong and durable 100% polypropylene drawcord keeps the cover firmly in place and ensures a snug fit. • Easy installation: Spare Tire Cover is easy to install and remove. Wrap the cover over the tire and then secure it with a cord lock. • Various sizes: Fits different car tires (27, 28, 29, 30, 32, and 34 inches in diameter). Why You'll Love It: • Protects your spare tire from harsh weather. • Adds a custom look to your car quickly. • Lightweight, durable, and easy to install. Care Instructions: • Wipe clean with a soft damp cloth. • Do not bleach.","https://hellaprints.com/pitbull-dog-mosaic-psychedelic-pop-dog-lover-gift-for-car-owners-spare-tire-cover","https://d2dytk4tvgwhb4.cloudfront.net/duiyfppz/products/6a12f9e585f7c9b02955da44/no-hole/wmp93tSY2K/regular.jpg","34.95 USD","in stock","new","Vehicles & Parts > Vehicle Parts & Accessories > Vehicle Covers > Spare Tire Covers","Spare Tire Covers","https://d2dytk4tvgwhb4.cloudfront.net/duiyfppz/products/6a12f9e585f7c9b02955da44/gallery/tKopbos8X3/regular.jpg,https://d2dytk4tvgwhb4.cloudfront.net/duiyfppz/products/6a12f9e585f7c9b02955da44/gallery/QIVDkkhweF/regular.jpg,https://d2dytk4tvgwhb4.cloudfront.net/duiyfppz/products/6a12f9e585f7c9b02955da44/gallery/shl30YX14D/regular.jpg,https://d2dytk4tvgwhb4.cloudfront.net/duiyfppz/products/6a12f9e585f7c9b02955da44/gallery/kCw5zuMw-C/regular.jpg,https://d2dytk4tvgwhb4.cloudfront.net/duiyfppz/products/6a12f9e585f7c9b02955da44/gallery/qVkKiQN-Gw/regular.jpg","","HellaPrints","","","","","","harvester","https://hellaprints.com/pitbull-dog-mosaic-psychedelic-pop-dog-lover-gift-for-car-owners-spare-tire-cover?utm_source=pinterest&utm_medium=cpc&utm_campaign=pinterest_shopping"
"6a12eb396bb2a33468f7d07f","6a12eb396bb2a33468f7d07f","Calavera Woman Catrina Sugar Skull Red Roses Gothic Skull - Gothic Lover Gift Spare Tire Cover","Spare Tire Cover - Calavera Woman Catrina Sugar Skull design featuring a stunning profile adorned with elaborate face paint and gothic florals. The artwork depicts a serene woman's profile with red petal-like eye markings and a stitched mouth, her dark hair entwined with lush red and deep pink roses, delicate purple floral accents, and a weathered human skull, all set against a tapestry of dark gothic leaves and intricate patterns. This design, evoking a gothic romantic aesthetic with strong contrasts, is well-suited for vehicle enhancement and makes a meaningful pick for a gothic lover gift. Add colors and some special twists to your car's rear end with our custom Spare Tire Cover. Other than a decoration accessory for your car, this Spare Tire Cover is also handy to protect your spare tire in ready-to-use condition. Product Details: • Multi-Function: Decorate the car's exterior and protect your car's spare tire against sunlight, rain, mud, and other harsh weather conditions. • Material: Waterproofing UV-Resistant fabric (118gr/m2). The material is light, soft, water and dust-proof, durable, and easy to clean. The material is tested to meet the color fastness standard TCVN 5823:1994. • Drawcord closure: Strong and durable 100% polypropylene drawcord keeps the cover firmly in place and ensures a snug fit. • Easy installation: Spare Tire Cover is easy to install and remove. Wrap the cover over the tire and then secure it with a cord lock. • Various sizes: Fits different car tires (27, 28, 29, 30, 32, and 34 inches in diameter). Why You'll Love It: • Protects your spare tire from harsh weather. • Adds a custom look to your car quickly. • Lightweight, durable, and easy to install. Care Instructions: • Wipe clean with a soft damp cloth. • Do not bleach.","https://hellaprints.com/calavera-woman-catrina-sugar-skull-red-roses-gothic-skull-gothic-lover-gift-spare-tire-cover","https://d2dytk4tvgwhb4.cloudfront.net/duiyfppz/products/6a12eb396bb2a33468f7d07f/no-hole/Z0t0JF39us/regular.jpg","34.95 USD","in stock","new","Vehicles & Parts > Vehicle Parts & Accessories > Vehicle Covers > Spare Tire Covers","Spare Tire Covers","https://d2dytk4tvgwhb4.cloudfront.net/duiyfppz/products/6a12eb396bb2a33468f7d07f/gallery/9E0RUxNx2k/regular.jpg,https://d2dytk4tvgwhb4.cloudfront.net/duiyfppz/products/6a12eb396bb2a33468f7d07f/gallery/ypgTuRA5PV/regular.jpg,https://d2dytk4tvgwhb4.cloudfront.net/duiyfppz/products/6a12eb396bb2a33468f7d07f/gallery/4kf5vymJlS/regular.jpg,https://d2dytk4tvgwhb4.cloudfront.net/duiyfppz/products/6a12eb396bb2a33468f7d07f/gallery/6D-TvWpUJS/regular.jpg,https://d2dytk4tvgwhb4.cloudfront.net/duiyfppz/products/6a12eb396bb2a33468f7d07f/gallery/jcCJ-iApNq/regular.jpg","","HellaPrints","","","","","","harvester","https://hellaprints.com/calavera-woman-catrina-sugar-skull-red-roses-gothic-skull-gothic-lover-gift-spare-tire-cover?utm_source=pinterest&utm_medium=cpc&utm_campaign=pinterest_shopping"
"6a12ea878fd7f22bbab66649","6a12ea878fd7f22bbab66649","Alligator Murky Swamp Twilight Sky - Wildlife Lover Gift Spare Tire Cover","Spare Tire Cover - Alligator Murky Swamp design featuring an alligator with a scaly head and menacing teeth, set against a twilight sky. The artwork portrays dark swamp waters, scattered tall grasses, and a cool-toned mist, creating an atmospheric wetlands scene. This design is well-suited for outdoor living spaces and makes a thoughtful gift for a dedicated wildlife lover. A thoughtful gift for fathers, grandfathers, and adventure seekers who admire natural alligator habitats. Add colors and some special twists to your car's rear end with our custom Spare Tire Cover. Other than a decoration accessory for your car, this Spare Tire Cover is also handy to protect your spare tire in ready-to-use condition. Product Details: • Multi-Function: Decorate the car's exterior and protect your car's spare tire against sunlight, rain, mud, and other harsh weather conditions. • Material: Waterproofing UV-Resistant fabric (118gr/m2). The material is light, soft, water and dust-proof, durable, and easy to clean. The material is tested to meet the color fastness standard TCVN 5823:1994. • Drawcord closure: Strong and durable 100% polypropylene drawcord keeps the cover firmly in place and ensures a snug fit. • Easy installation: Spare Tire Cover is easy to install and remove. Wrap the cover over the tire and then secure it with a cord lock. • Various sizes: Fits different car tires (27, 28, 29, 30, 32, and 34 inches in diameter). Why You'll Love It: • Protects your spare tire from harsh weather. • Adds a custom look to your car quickly. • Lightweight, durable, and easy to install. Care Instructions: • Wipe clean with a soft damp cloth. • Do not bleach.","https://hellaprints.com/alligator-murky-swamp-twilight-sky-wildlife-lover-gift-spare-tire-cover","https://d2dytk4tvgwhb4.cloudfront.net/duiyfppz/products/6a12ea878fd7f22bbab66649/no-hole/UVmVaBySYF/regular.jpg","34.95 USD","in stock","new","Vehicles & Parts > Vehicle Parts & Accessories > Vehicle Covers > Spare Tire Covers","Spare Tire Covers","https://d2dytk4tvgwhb4.cloudfront.net/duiyfppz/products/6a12ea878fd7f22bbab66649/gallery/T63EWtRNCX/regular.jpg,https://d2dytk4tvgwhb4.cloudfront.net/duiyfppz/products/6a12ea878fd7f22bbab66649/gallery/f6H8NUAlEN/regular.jpg,https://d2dytk4tvgwhb4.cloudfront.net/duiyfppz/products/6a12ea878fd7f22bbab66649/gallery/PpC7Bi6YKC/regular.jpg,https://d2dytk4tvgwhb4.cloudfront.net/duiyfppz/products/6a12ea878fd7f22bbab66649/gallery/_fmFkRpX-x/regular.jpg,https://d2dytk4tvgwhb4.cloudfront.net/duiyfppz/products/6a12ea878fd7f22bbab66649/gallery/7dG3PLxC21/regular.jpg","","HellaPrints","","","","","","harvester","https://hellaprints.com/alligator-murky-swamp-twilight-sky-wildlife-lover-gift-spare-tire-cover?utm_source=pinterest&utm_medium=cpc&utm_campaign=pinterest_shopping"
"6a12d892d6643c2e541c144a","6a12d892d6643c2e541c144a","Iconic United Kingdom National Union Jack Flag - British Heritage Display Spare Tire Cover","Spare Tire Cover - United Kingdom National Flag design showcasing the iconic Union Jack. The artwork features the geometric cross and saltire patterns extending edge-to-edge, with a continuous woven fabric texture. It's a meaningful pick for British Heritage celebrations and patriotic displays throughout the year. A great choice for veterans, history enthusiasts, and anyone who appreciates British culture. Add colors and some special twists to your car's rear end with our custom Spare Tire Cover. Other than a decoration accessory for your car, this Spare Tire Cover is also handy to protect your spare tire in ready-to-use condition. Product Details: • Multi-Function: Decorate the car's exterior and protect your car's spare tire against sunlight, rain, mud, and other harsh weather conditions. • Material: Waterproofing UV-Resistant fabric (118gr/m2). The material is light, soft, water and dust-proof, durable, and easy to clean. The material is tested to meet the color fastness standard TCVN 5823:1994. • Drawcord closure: Strong and durable 100% polypropylene drawcord keeps the cover firmly in place and ensures a snug fit. • Easy installation: Spare Tire Cover is easy to install and remove. Wrap the cover over the tire and then secure it with a cord lock. • Various sizes: Fits different car tires (27, 28, 29, 30, 32, and 34 inches in diameter). Why You'll Love It: • Protects your spare tire from harsh weather. • Adds a custom look to your car quickly. • Lightweight, durable, and easy to install. Care Instructions: • Wipe clean with a soft damp cloth. • Do not bleach.","https://hellaprints.com/iconic-united-kingdom-national-union-jack-flag-british-heritage-display-spare-tire-cover","https://d2dytk4tvgwhb4.cloudfront.net/duiyfppz/products/6a12d892d6643c2e541c144a/no-hole/a2N-DTo1NG/regular.jpg","34.95 USD","in stock","new","Home & Garden > Lawn & Garden > Outdoor Living > Garden Flags","Garden Flags","https://d2dytk4tvgwhb4.cloudfront.net/duiyfppz/products/6a12d892d6643c2e541c144a/gallery/EtzuJZS7Ee/regular.jpg,https://d2dytk4tvgwhb4.cloudfront.net/duiyfppz/products/6a12d892d6643c2e541c144a/gallery/2CbZiLJ5_7/regular.jpg,https://d2dytk4tvgwhb4.cloudfront.net/duiyfppz/products/6a12d892d6643c2e541c144a/gallery/_lMHSTBjQB/regular.jpg,https://d2dytk4tvgwhb4.cloudfront.net/duiyfppz/products/6a12d892d6643c2e541c144a/gallery/5oDUJW2mG1/regular.jpg,https://d2dytk4tvgwhb4.cloudfront.net/duiyfppz/products/6a12d892d6643c2e541c144a/gallery/DV5hJpWdHH/regular.jpg","","HellaPrints","","","","","","harvester","https://hellaprints.com/iconic-united-kingdom-national-union-jack-flag-british-heritage-display-spare-tire-cover?utm_source=pinterest&utm_medium=cpc&utm_campaign=pinterest_shopping"
"6a12d5e585f7c96cda556e7d","6a12d5e585f7c96cda556e7d","Wise Crow Silhouette Forest Mountains - Vibrant Sunset Wildlife Lover Gift Spare Tire Cover","Spare Tire Cover - Wise Crow Forest Mountains design featuring a dramatic bird silhouette against a vibrant sunset sky. Richly rendered with atmospheric lighting and strong contrast, the design features stylized mountain ranges, dense pine forests, and smaller birds flying towards the horizon. A meaningful pick for inspiring road trips and celebrating majestic wildlife and natural landscapes. Add colors and some special twists to your car's rear end with our custom Spare Tire Cover. Other than a decoration accessory for your car, this Spare Tire Cover is also handy to protect your spare tire in ready-to-use condition. Product Details: • Multi-Function: Decorate the car's exterior and protect your car's spare tire against sunlight, rain, mud, and other harsh weather conditions. • Material: Waterproofing UV-Resistant fabric (118gr/m2). The material is light, soft, water and dust-proof, durable, and easy to clean. The material is tested to meet the color fastness standard TCVN 5823:1994. • Drawcord closure: Strong and durable 100% polypropylene drawcord keeps the cover firmly in place and ensures a snug fit. • Easy installation: Spare Tire Cover is easy to install and remove. Wrap the cover over the tire and then secure it with a cord lock. • Various sizes: Fits different car tires (27, 28, 29, 30, 32, and 34 inches in diameter). Why You'll Love It: • Protects your spare tire from harsh weather. • Adds a custom look to your car quickly. • Lightweight, durable, and easy to install. Care Instructions: • Wipe clean with a soft damp cloth. • Do not bleach.","https://hellaprints.com/wise-crow-silhouette-forest-mountains-vibrant-sunset-wildlife-lover-gift-spare-tire-cover","https://d2dytk4tvgwhb4.cloudfront.net/duiyfppz/products/6a12d5e585f7c96cda556e7d/no-hole/HQDOajyKsf/regular.jpg","34.95 USD","in stock","new","Vehicles & Parts > Vehicle Parts & Accessories > Vehicle Covers > Spare Tire Covers","Spare Tire Covers","https://d2dytk4tvgwhb4.cloudfront.net/duiyfppz/products/6a12d5e585f7c96cda556e7d/gallery/pFSI4ZkLrB/regular.jpg,https://d2dytk4tvgwhb4.cloudfront.net/duiyfppz/products/6a12d5e585f7c96cda556e7d/gallery/A2jA_E1A9-/regular.jpg,https://d2dytk4tvgwhb4.cloudfront.net/duiyfppz/products/6a12d5e585f7c96cda556e7d/gallery/mQFwlDNdb8/regular.jpg,https://d2dytk4tvgwhb4.cloudfront.net/duiyfppz/products/6a12d5e585f7c96cda556e7d/gallery/PTgnzWeo7q/regular.jpg,https://d2dytk4tvgwhb4.cloudfront.net/duiyfppz/products/6a12d5e585f7c96cda556e7d/gallery/9WDkl_S2C-/regular.jpg","","HellaPrints","","","","","","harvester","https://hellaprints.com/wise-crow-silhouette-forest-mountains-vibrant-sunset-wildlife-lover-gift-spare-tire-cover?utm_source=pinterest&utm_medium=cpc&utm_campaign=pinterest_shopping"
"6a12d21085f7c914a855674b","6a12d21085f7c914a855674b","Gothic Butterfly Crimson Rose Filigree - Statement Auto Decor for Gothic Lover Spare Tire Cover","Spare Tire Cover - Gothic Butterfly design featuring crimson roses and silver filigree. This opulent design showcases a highly detailed gothic-style butterfly with crimson red upper wings, set against ornate floral elements and swirling silver filigree, all on a velvety black damask background. A striking choice for vehicle personalization, expressing unique style and a love for gothic aesthetics. A meaningful pick for gothic enthusiasts, art collectors, and owners seeking distinctive auto decor. Add colors and some special twists to your car's rear end with our custom Spare Tire Cover. Other than a decoration accessory for your car, this Spare Tire Cover is also handy to protect your spare tire in ready-to-use condition. Product Details: • Multi-Function: Decorate the car's exterior and protect your car's spare tire against sunlight, rain, mud, and other harsh weather conditions. • Material: Waterproofing UV-Resistant fabric (118gr/m2). The material is light, soft, water and dust-proof, durable, and easy to clean. The material is tested to meet the color fastness standard TCVN 5823:1994. • Drawcord closure: Strong and durable 100% polypropylene drawcord keeps the cover firmly in place and ensures a snug fit. • Easy installation: Spare Tire Cover is easy to install and remove. Wrap the cover over the tire and then secure it with a cord lock. • Various sizes: Fits different car tires (27, 28, 29, 30, 32, and 34 inches in diameter). Why You'll Love It: • Protects your spare tire from harsh weather. • Adds a custom look to your car quickly. • Lightweight, durable, and easy to install. Care Instructions: • Wipe clean with a soft damp cloth. • Do not bleach.","https://hellaprints.com/gothic-butterfly-crimson-rose-filigree-statement-auto-decor-for-gothic-lover-spare-tire-cover","https://d2dytk4tvgwhb4.cloudfront.net/duiyfppz/products/6a12d21085f7c914a855674b/no-hole/Z5cpS4zLBi/regular.jpg","34.95 USD","in stock","new","Vehicles & Parts > Vehicle Parts & Accessories > Vehicle Covers > Spare Tire Covers","Spare Tire Covers","https://d2dytk4tvgwhb4.cloudfront.net/duiyfppz/products/6a12d21085f7c914a855674b/gallery/wwlVly4IQs/regular.jpg,https://d2dytk4tvgwhb4.cloudfront.net/duiyfppz/products/6a12d21085f7c914a855674b/gallery/dmvTG6u1SY/regular.jpg,https://d2dytk4tvgwhb4.cloudfront.net/duiyfppz/products/6a12d21085f7c914a855674b/gallery/JtBJllIum6/regular.jpg,https://d2dytk4tvgwhb4.cloudfront.net/duiyfppz/products/6a12d21085f7c914a855674b/gallery/TC4yPrfWVP/regular.jpg,https://d2dytk4tvgwhb4.cloudfront.net/duiyfppz/products/6a12d21085f7c914a855674b/gallery/lU5lOqSbjS/regular.jpg","","HellaPrints","","","","","","harvester","https://hellaprints.com/gothic-butterfly-crimson-rose-filigree-statement-auto-decor-for-gothic-lover-spare-tire-cover?utm_source=pinterest&utm_medium=cpc&utm_campaign=pinterest_shopping"
"6a10302f408678351d6276e2","6a10302f408678351d6276e2","White Palm Trees Blue Palm Foliage - Tropical Vacation Gift for Beach Lover Hawaiian Shirt","Hawaiian - Tropical Palm Tree Artwork featuring stylized white palms and dark blue silhouettes. The dense artwork showcases varied palm trees and abstract foliage on a deep navy background with tonal texture. A great choice for tropical getaways, beach visits, and enhancing any home decor. A thoughtful pick for beach enthusiasts, world travelers, and those who appreciate tropical scenes. A Hawaiian shirt is a breezy, summer essential – Perfect for trips to wear on vacation to tropical destinations. Product Details: • 100% woven polyester fabric offers outstanding durability, insulation, and wrinkle resistance. This lightweight, breathable, moisture-wicking fabric is perfect to keep you cool during the summer. • Simple and comfortable button closure makes it easy to style and layer with other trendy items. • Signature open Cuban collar with short sleeve and relaxed fit looks casual and fashionable. • The color of our custom aloha shirts could be slightly different on the screen than in real life. Why You'll Love It: • Lightweight, breathable fabric keeps you cool all day long. • Relaxed fit for maximum comfort in any setting. • Vibrant prints that let you stand out effortlessly. Care Instructions: • Wash inside out. • Machine wash cold with like colors. • Gentle cycle. • Only non-chlorine bleach when needed. • Tumble dry low. • Cool iron if needed.","https://hellaprints.com/white-palm-trees-blue-palm-foliage-tropical-vacation-gift-for-beach-lover-hawaiian-shirt","https://d2dytk4tvgwhb4.cloudfront.net/duiyfppz/products/6a10302f408678351d6276e2/gallery/cCFrkoxtEn/regular.jpg","29.95 USD","in stock","new","Apparel & Accessories > Clothing > Shirts & Tops","Shirts & Tops","https://d2dytk4tvgwhb4.cloudfront.net/duiyfppz/products/6a10302f408678351d6276e2/gallery/oJlMKHVRJP/regular.jpg,https://d2dytk4tvgwhb4.cloudfront.net/duiyfppz/products/6a10302f408678351d6276e2/gallery/8e3UOTMDzq/regular.jpg,https://d2dytk4tvgwhb4.cloudfront.net/duiyfppz/products/6a10302f408678351d6276e2/gallery/2JcL6SHUNh/regular.jpg,https://d2dytk4tvgwhb4.cloudfront.net/duiyfppz/products/6a10302f408678351d6276e2/gallery/MPvBPQOBGu/regular.jpg,https://d2dytk4tvgwhb4.cloudfront.net/duiyfppz/products/6a10302f408678351d6276e2/gallery/Z0OMgWloPy/regular.jpg,https://d2dytk4tvgwhb4.cloudfront.net/duiyfppz/products/6a10302f408678351d6276e2/gallery/rUK9ZI_y7D/regular.jpg,https://d2dytk4tvgwhb4.cloudfront.net/duiyfppz/products/6a10302f408678351d6276e2/gallery/rQBohljiks/regular.jpg,https://d2dytk4tvgwhb4.cloudfront.net/duiyfppz/products/6a10302f408678351d6276e2/gallery/_FSzqcznXm/regular.jpg","","HellaPrints","","","","","","harvester","https://hellaprints.com/white-palm-trees-blue-palm-foliage-tropical-vacation-gift-for-beach-lover-hawaiian-shirt?utm_source=pinterest&utm_medium=cpc&utm_campaign=pinterest_shopping"
"6a102fa615cc88e20fe5df04","6a102fa615cc88e20fe5df04","Exotic Leopard Fur Dark Brown Beige Rosettes - Wildlife Lover Gift Spare Tire Cover","Spare Tire Cover - Exotic Leopard Fur Design featuring dark brown rosettes and creamy beige undercoat. This artwork showcases richly textured leopard fur with prominent rosettes, extending seamlessly across the entire canvas for a true full-bleed animal print. Well-suited for those passionate about wildlife, this makes a meaningful pick for adventurers and exotic animal decor admirers. Add colors and some special twists to your car's rear end with our custom Spare Tire Cover. Other than a decoration accessory for your car, this Spare Tire Cover is also handy to protect your spare tire in ready-to-use condition. Product Details: • Multi-Function: Decorate the car's exterior and protect your car's spare tire against sunlight, rain, mud, and other harsh weather conditions. • Material: Waterproofing UV-Resistant fabric (118gr/m2). The material is light, soft, water and dust-proof, durable, and easy to clean. The material is tested to meet the color fastness standard TCVN 5823:1994. • Drawcord closure: Strong and durable 100% polypropylene drawcord keeps the cover firmly in place and ensures a snug fit. • Easy installation: Spare Tire Cover is easy to install and remove. Wrap the cover over the tire and then secure it with a cord lock. • Various sizes: Fits different car tires (27, 28, 29, 30, 32, and 34 inches in diameter). Why You'll Love It: • Protects your spare tire from harsh weather. • Adds a custom look to your car quickly. • Lightweight, durable, and easy to install. Care Instructions: • Wipe clean with a soft damp cloth. • Do not bleach.","https://hellaprints.com/exotic-leopard-fur-dark-brown-beige-rosettes-wildlife-lover-gift-spare-tire-cover","https://d2dytk4tvgwhb4.cloudfront.net/duiyfppz/products/6a102fa615cc88e20fe5df04/no-hole/r-KrxEVmhI/regular.jpg","34.95 USD","in stock","new","Vehicles & Parts > Vehicle Parts & Accessories > Vehicle Covers > Spare Tire Covers","Spare Tire Covers","https://d2dytk4tvgwhb4.cloudfront.net/duiyfppz/products/6a102fa615cc88e20fe5df04/gallery/Mojwyq0Ctb/regular.jpg,https://d2dytk4tvgwhb4.cloudfront.net/duiyfppz/products/6a102fa615cc88e20fe5df04/gallery/WZgXmg-58T/regular.jpg,https://d2dytk4tvgwhb4.cloudfront.net/duiyfppz/products/6a102fa615cc88e20fe5df04/gallery/kirvhCWn69/regular.jpg,https://d2dytk4tvgwhb4.cloudfront.net/duiyfppz/products/6a102fa615cc88e20fe5df04/gallery/f9pTrpJOaT/regular.jpg,https://d2dytk4tvgwhb4.cloudfront.net/duiyfppz/products/6a102fa615cc88e20fe5df04/gallery/ymvwfUUSlU/regular.jpg","","HellaPrints","","","","","","harvester","https://hellaprints.com/exotic-leopard-fur-dark-brown-beige-rosettes-wildlife-lover-gift-spare-tire-cover?utm_source=pinterest&utm_medium=cpc&utm_campaign=pinterest_shopping"
"6a101cb3db14a75702970f84","6a101cb3db14a75702970f84","Indigo Bunting Songbird Autumn Leaves - Wildlife Lover Home Decor Gift Stained Glass Suncatcher","Suncatcher - Indigo Bunting Autumn Leaves design showing a male Indigo Bunting songbird perched with amber and orange leaves and round beads. It showcases crisp lead lines, complex autumnal foliage, and a continuous square mosaic field extending to all edges. A great choice for home decor, it makes a thoughtful wildlife lover gift or a unique present for bird admirers. Bring vibrant color and dazzling light into your home with our beautifully crafted Stained Glass Suncatcher. Designed to captivate and built to last, this eye-catching, elegant piece will elevate any room and add a unique focal point to any interior. • Material: High-grade 0.5-cm thick glass with a unique texture for clarity and long-lasting durability. • Design: Combination of textured and smooth surfaces on both sides creates a mesmerizing interplay of light and color. • Prints: Vibrant, long-lasting prints protected by a special matte coating to resist fading from sunlight. • Durability: Reinforced zinc strips around the glass for extra strength and protection against impact. • Installation: Includes integrated hooks, a sleek black metal chain, and a suction cup for easy placement. • Sizes: Available in 3.5 inches, 4 inches, 6 inches, 7.8 inches, 9.8 inches, and 11.8 inches to suit any space. • Care: Easy-to-clean surface that stays looking fresh over time. • Packaging: Safe and secure foam packaging to ensure it arrives in pristine condition. Why You'll Love It: • Radiant color and light: lets sunlight pass through to create vivid, captivating color effects in any room. • Premium glass construction: made from high-grade 0.5-cm textured glass for clarity, strength, and a refined appearance. • Long-lasting prints: vibrant, fade-resistant prints protected by a matte coating to maintain their beauty over time. • Reinforced durability: zinc-edged framing adds extra protection against impact and improves overall longevity. • Easy installation: includes integrated hooks, a sleek black metal chain, and a suction cup for quick, flexible placement. • Thoughtful gift option: an elegant and artistic present suitable for birthdays, holidays, and special occasions. • Low-maintenance care: smooth, easy-to-clean surface that stays looking fresh with minimal effort. Care Instructions: • Avoid prolonged exposure to water and high temperatures.","https://hellaprints.com/indigo-bunting-songbird-autumn-leaves-wildlife-lover-home-decor-gift-stained-glass-suncatcher","https://d2dytk4tvgwhb4.cloudfront.net/duiyfppz/products/6a101cb3db14a75702970f84/gallery/AnkTiZ0mGO/regular.jpg","24.95 USD","in stock","new","Home & Garden > Decor > Home Decor Accents > Suncatchers","Suncatchers","https://d2dytk4tvgwhb4.cloudfront.net/duiyfppz/products/6a101cb3db14a75702970f84/gallery/f0in15SPWf/regular.jpg,https://d2dytk4tvgwhb4.cloudfront.net/duiyfppz/products/6a101cb3db14a75702970f84/gallery/YZgLkNp4Ag/regular.jpg,https://d2dytk4tvgwhb4.cloudfront.net/duiyfppz/products/6a101cb3db14a75702970f84/gallery/RU6ifDV9pw/regular.jpg,https://d2dytk4tvgwhb4.cloudfront.net/duiyfppz/products/6a101cb3db14a75702970f84/gallery/c8K2xMF5Wy/regular.jpg","","HellaPrints","","","","","","harvester","https://hellaprints.com/indigo-bunting-songbird-autumn-leaves-wildlife-lover-home-decor-gift-stained-glass-suncatcher?utm_source=pinterest&utm_medium=cpc&utm_campaign=pinterest_shopping"
"6a1004299240ef6615d53520","6a1004299240ef6615d53520","Realistic Black Bear Family Forest - Wildlife Lover Gift Spare Tire Cover","Spare Tire Cover - Realistic Black Bear Family design featuring adults and playful cubs nestled in plush upholstered furniture. The semi-photoreal digital painting shows detailed bears enveloped by cream and tan furnishings, against a deep-focus natural forest environment. This striking artwork is a great choice for wildlife lover gifts and unique forest decor for any season. Add colors and some special twists to your car's rear end with our custom Spare Tire Cover. Other than a decoration accessory for your car, this Spare Tire Cover is also handy to protect your spare tire in ready-to-use condition. Product Details: • Multi-Function: Decorate the car's exterior and protect your car's spare tire against sunlight, rain, mud, and other harsh weather conditions. • Material: Waterproofing UV-Resistant fabric (118gr/m2). The material is light, soft, water and dust-proof, durable, and easy to clean. The material is tested to meet the color fastness standard TCVN 5823:1994. • Drawcord closure: Strong and durable 100% polypropylene drawcord keeps the cover firmly in place and ensures a snug fit. • Easy installation: Spare Tire Cover is easy to install and remove. Wrap the cover over the tire and then secure it with a cord lock. • Various sizes: Fits different car tires (27, 28, 29, 30, 32, and 34 inches in diameter). Why You'll Love It: • Protects your spare tire from harsh weather. • Adds a custom look to your car quickly. • Lightweight, durable, and easy to install. Care Instructions: • Wipe clean with a soft damp cloth. • Do not bleach.","https://hellaprints.com/realistic-black-bear-family-forest-wildlife-lover-gift-spare-tire-cover","https://d2dytk4tvgwhb4.cloudfront.net/duiyfppz/products/6a1004299240ef6615d53520/no-hole/x7whUF-YjY/regular.jpg","34.95 USD","in stock","new","Vehicles & Parts > Vehicle Parts & Accessories > Vehicle Covers > Spare Tire Covers","Spare Tire Covers","https://d2dytk4tvgwhb4.cloudfront.net/duiyfppz/products/6a1004299240ef6615d53520/gallery/XbdSXS_Sbu/regular.jpg,https://d2dytk4tvgwhb4.cloudfront.net/duiyfppz/products/6a1004299240ef6615d53520/gallery/RZKkkE9222/regular.jpg,https://d2dytk4tvgwhb4.cloudfront.net/duiyfppz/products/6a1004299240ef6615d53520/gallery/U6UkL1SSl4/regular.jpg,https://d2dytk4tvgwhb4.cloudfront.net/duiyfppz/products/6a1004299240ef6615d53520/gallery/4e2cLrNaL1/regular.jpg,https://d2dytk4tvgwhb4.cloudfront.net/duiyfppz/products/6a1004299240ef6615d53520/gallery/U5kMQdmCZc/regular.jpg","","HellaPrints","","","","","","harvester","https://hellaprints.com/realistic-black-bear-family-forest-wildlife-lover-gift-spare-tire-cover?utm_source=pinterest&utm_medium=cpc&utm_campaign=pinterest_shopping"
"6a0edf1d9240efc452d40876","6a0edf1d9240efc452d40876","Orange Peach Hibiscus Royal Blue Tropical Leaves Palm Fronds - Summer Lifestyle Everyday Gift Hawaiian Shirt","Hawaiian hibiscus tropical leaves palm fronds design showcasing large orange peach flowers and royal blue fronds. This design presents a balanced all-over rhythm of broad tropical foliage, star-shaped orange blooms, feather-like deep purple fronds, and graphic leaves with prominent white veins. It's a great choice for summer style, outdoor living, or as a thoughtful everyday gift. A Hawaiian shirt is a breezy, summer essential – Perfect for trips to wear on vacation to tropical destinations. Product Details: • 100% woven polyester fabric offers outstanding durability, insulation, and wrinkle resistance. This lightweight, breathable, moisture-wicking fabric is perfect to keep you cool during the summer. • Simple and comfortable button closure makes it easy to style and layer with other trendy items. • Signature open Cuban collar with short sleeve and relaxed fit looks casual and fashionable. • The color of our custom aloha shirts could be slightly different on the screen than in real life. Why You'll Love It: • Lightweight, breathable fabric keeps you cool all day long. • Relaxed fit for maximum comfort in any setting. • Vibrant prints that let you stand out effortlessly. Care Instructions: • Wash inside out. • Machine wash cold with like colors. • Gentle cycle. • Only non-chlorine bleach when needed. • Tumble dry low. • Cool iron if needed.","https://hellaprints.com/orange-peach-hibiscus-royal-blue-tropical-leaves-palm-fronds-summer-lifestyle-everyday-gift-hawaiian-shirt","https://d2dytk4tvgwhb4.cloudfront.net/duiyfppz/products/6a0edf1d9240efc452d40876/gallery/ztJUzzVVXi/regular.jpg","29.95 USD","in stock","new","Apparel & Accessories > Clothing > Shirts & Tops","Shirts & Tops","https://d2dytk4tvgwhb4.cloudfront.net/duiyfppz/products/6a0edf1d9240efc452d40876/gallery/yBd6r9F4pt/regular.jpg,https://d2dytk4tvgwhb4.cloudfront.net/duiyfppz/products/6a0edf1d9240efc452d40876/gallery/yvhojiRfZy/regular.jpg,https://d2dytk4tvgwhb4.cloudfront.net/duiyfppz/products/6a0edf1d9240efc452d40876/gallery/7MjesQ-W1F/regular.jpg,https://d2dytk4tvgwhb4.cloudfront.net/duiyfppz/products/6a0edf1d9240efc452d40876/gallery/smfoTxBeeu/regular.jpg,https://d2dytk4tvgwhb4.cloudfront.net/duiyfppz/products/6a0edf1d9240efc452d40876/gallery/lcjVwiJhO7/regular.jpg,https://d2dytk4tvgwhb4.cloudfront.net/duiyfppz/products/6a0edf1d9240efc452d40876/gallery/PdgqOhVSKu/regular.jpg,https://d2dytk4tvgwhb4.cloudfront.net/duiyfppz/products/6a0edf1d9240efc452d40876/gallery/s5vOFu2LAb/regular.jpg,https://d2dytk4tvgwhb4.cloudfront.net/duiyfppz/products/6a0edf1d9240efc452d40876/gallery/ZW7aYxVzyr/regular.jpg","","HellaPrints","","","","","","harvester","https://hellaprints.com/orange-peach-hibiscus-royal-blue-tropical-leaves-palm-fronds-summer-lifestyle-everyday-gift-hawaiian-shirt?utm_source=pinterest&utm_medium=cpc&utm_campaign=pinterest_shopping"
"6a0eb4b3a647f4597ffaa67e","6a0eb4b3a647f4597ffaa67e","Personalized Garden Flag – Custom Outdoor Gift for Dog & Cat Lovers","Their yard, their personality — finally on display. Our Personalized Garden Flag lets pet parents, proud homeowners, and anyone who loves a touch of character outdoors show the world exactly who they are. Add a pet's name and photo, a family name, a seasonal design, or a message that puts a smile on every neighbor who walks by. It's a surprisingly personal gift for someone who's hard to shop for — practical enough to use immediately, unique enough to actually remember. Perfect for housewarming, birthdays, pet lovers, or anyone who takes pride in their outdoor space. Made from weather-resistant polyester that holds color through sun, rain, and wind. Lightweight enough to flutter beautifully in a breeze, durable enough to survive the seasons. Small flag. Big statement. Exactly the kind of gift people show their friends. Product Details: • Material: 100% Polyester fabric – Durable, weather-resistant & UV/fade-resistant fabric that is suitable to use outdoors. • Double-side printing, suitable to display in an open space. • Durable and sturdy construction with two layers of fabric. • Easy installation with open-ended pole sleeve. • Size: 12x18 inches (30.48 cm x 45.72 cm), 28x40 inches (71.1x101.6 cm). • Pole Sleeve Width: Approx 3.75 cm (1.5 inches). It can fit a flag pole with a maximum diameter of 2.4 cm (approx. 0.9 inch). Why You'll Love It: • Personalized double-side printing – your design looks great from every angle. • UV & fade-resistant fabric keeps colors vibrant through sun, rain, and wind. • Two-layer construction for extra durability and a premium feel. • Easy to install – just slide onto any standard garden flag pole. • A thoughtful, one-of-a-kind gift for gardening lovers, homeowners, and anyone who takes pride in their outdoor space. Care Instructions: • Better wash by hand with cold water.","https://hellaprints.com/personalized-garden-flag","https://d2dytk4tvgwhb4.cloudfront.net/duiyfppz/products/6a0eb4b3a647f4597ffaa67e/gallery/fwIp62ybC/regular.jpg","27.95 USD","in stock","new","Home & Garden > Lawn & Garden > Outdoor Living > Garden Flags","Garden Flags","https://d2dytk4tvgwhb4.cloudfront.net/duiyfppz/products/6a0eb4b3a647f4597ffaa67e/gallery/PneKpXvHa/regular.jpg,https://d2dytk4tvgwhb4.cloudfront.net/duiyfppz/products/6a0eb4b3a647f4597ffaa67e/gallery/CFKfJ9x8n/regular.jpg,https://d2dytk4tvgwhb4.cloudfront.net/duiyfppz/products/6a0eb4b3a647f4597ffaa67e/gallery/HFU90CFu1/regular.jpg,https://d2dytk4tvgwhb4.cloudfront.net/duiyfppz/products/6a0eb4b3a647f4597ffaa67e/gallery/ScykXxbai/regular.jpg,https://d2dytk4tvgwhb4.cloudfront.net/duiyfppz/products/6a0eb4b3a647f4597ffaa67e/gallery/60axOm9rH/regular.jpg","","HellaPrints","","","","","","harvester","https://hellaprints.com/personalized-garden-flag?utm_source=pinterest&utm_medium=cpc&utm_campaign=pinterest_shopping"
"6a0e7805caa744df6d808862","6a0e7805caa744df6d808862","Cartoon Doves NO WAR BUT CLASS WAR - Home Decor Gift for Peace Advocate Garden Flag","Flag - NO WAR BUT CLASS WAR design featuring charming cartoon doves snuggled on a dark brown branch. This richly rendered stylized artwork showcases two warm brown doves, subtly accented with blue, with peaceful eyes amidst white stars and text bubbles. It is a meaningful pick for peace gatherings, activist events, and as a powerful statement for home decoration. A thoughtful gift for peace advocates, activists, and anyone promoting social change. This garden flag can be a beautiful addition to your front yard, patios, and garden area. Product Details: • Material: 100% Polyester fabric – Durable, weather-resistant & UV/fade-resistant fabric that is suitable to use outdoors. • Double-side printing, suitable to display in an open space. • Durable and sturdy construction with two layers of fabric. • Easy installation with open-ended pole sleeve. • Size: 12x18 inches (30.48 cm x 45.72 cm), 28x40 inches (71.1x101.6 cm). • Pole Sleeve Width: Approx 3.75 cm (1.5 inches). It can fit a flag pole with a maximum diameter of 2.4 cm (approx. 0.9 inch). Why You'll Love It: • Personalized double-side printing – your design looks great from every angle. • UV & fade-resistant fabric keeps colors vibrant through sun, rain, and wind. • Two-layer construction for extra durability and a premium feel. • Easy to install – just slide onto any standard garden flag pole. • A thoughtful, one-of-a-kind gift for gardening lovers, homeowners, and anyone who takes pride in their outdoor space. Care Instructions: • Better wash by hand with cold water.","https://hellaprints.com/cartoon-doves-no-war-but-class-war-home-decor-gift-for-peace-advocate-garden-flag","https://d2dytk4tvgwhb4.cloudfront.net/duiyfppz/products/6a0e7805caa744df6d808862/gallery/CyVlv57X38/regular.jpg","27.95 USD","in stock","new","Home & Garden > Lawn & Garden > Outdoor Living > Garden Flags","Garden Flags","https://d2dytk4tvgwhb4.cloudfront.net/duiyfppz/products/6a0e7805caa744df6d808862/gallery/YQfr9f2rUa/regular.jpg,https://d2dytk4tvgwhb4.cloudfront.net/duiyfppz/products/6a0e7805caa744df6d808862/gallery/jT_f7O09Xw/regular.jpg,https://d2dytk4tvgwhb4.cloudfront.net/duiyfppz/products/6a0e7805caa744df6d808862/gallery/HeFNxxMZDX/regular.jpg,https://d2dytk4tvgwhb4.cloudfront.net/duiyfppz/products/6a0e7805caa744df6d808862/gallery/-oZkeEpSaY/regular.jpg,https://d2dytk4tvgwhb4.cloudfront.net/duiyfppz/products/6a0e7805caa744df6d808862/gallery/8c6GhPuup0/regular.jpg","","HellaPrints","","","","","","harvester","https://hellaprints.com/cartoon-doves-no-war-but-class-war-home-decor-gift-for-peace-advocate-garden-flag?utm_source=pinterest&utm_medium=cpc&utm_campaign=pinterest_shopping"
"6a0d73d4be51459b7459d547","6a0d73d4be51459b7459d547","Personalized Spare Tire Cover – Custom Gift for Jeep & Truck Owners","For the person whose vehicle is their personality — this is the gift that gets it. Our Personalized Spare Tire Cover transforms a functional necessity into a bold, custom statement that turns heads in every parking lot. Add a name, a photo, a favorite design, or something that's purely, unmistakably them . Perfect for Jeep owners, truck enthusiasts, off-road adventurers, and anyone who treats their vehicle like a second home. Whether it's a Father's Day gift, a birthday surprise, or a ""just because"" for the car lover in your life — this one hits different because no one else has it. Constructed from durable, weather-resistant material designed to handle UV exposure, rain, and road grime without fading or cracking. Easy to install, built to last, and guaranteed to spark a conversation at every red light. Product Details: • Multi-Function: Decorate the car's exterior and protect your car's spare tire against sunlight, rain, mud, and other harsh weather conditions. • Material: Waterproofing UV-Resistant fabric (118gr/m2). The material is light, soft, water and dust-proof, durable, and easy to clean. The material is tested to meet the color fastness standard TCVN 5823:1994. • Drawcord closure: Strong and durable 100% polypropylene drawcord keeps the cover firmly in place and ensures a snug fit. • Easy installation: Spare Tire Cover is easy to install and remove. Wrap the cover over the tire and then secure it with a cord lock. • Various sizes: Fits different car tires (27, 28, 29, 30, 32, and 34 inches in diameter). Why You'll Love It: • Protects your spare tire from harsh weather. • Adds a custom look to your car quickly. • Lightweight, durable, and easy to install. Care Instructions: • Wipe clean with a soft damp cloth. • Do not bleach.","https://hellaprints.com/personalized-spare-tire-cover-1","https://d2dytk4tvgwhb4.cloudfront.net/duiyfppz/products/6a0d73d4be51459b7459d547/gallery/y5a0OwNk5/regular.jpg","34.95 USD","in stock","new","Vehicles & Parts > Vehicle Parts & Accessories > Vehicle Covers > Spare Tire Covers","Spare Tire Covers","https://d2dytk4tvgwhb4.cloudfront.net/duiyfppz/products/6a0d73d4be51459b7459d547/gallery/ndtkdaPkC/regular.jpg,https://d2dytk4tvgwhb4.cloudfront.net/duiyfppz/products/6a0d73d4be51459b7459d547/gallery/8u-5gGV6o/regular.jpg,https://d2dytk4tvgwhb4.cloudfront.net/duiyfppz/products/6a0d73d4be51459b7459d547/gallery/dFvw9bbTT/regular.jpg,https://d2dytk4tvgwhb4.cloudfront.net/duiyfppz/products/6a0d73d4be51459b7459d547/gallery/ap92oCPIV/regular.jpg","","HellaPrints","","","","","","harvester","https://hellaprints.com/personalized-spare-tire-cover-1?utm_source=pinterest&utm_medium=cpc&utm_campaign=pinterest_shopping"
"6a0c6b728bee4989156de166","6a0c6b728bee4989156de166","Red Welsh Dragon Welcome Banner Celtic Knot Foliage Fleur-De-Lis - Entryway Home Decor Doormat","Doormat featuring a magnificent red Welsh dragon, intricate Celtic knot scrollwork, and a bold 'WELCOME' banner. This richly rendered artwork showcases the dragon's scales and wings amidst swirling organic foliage, complemented by stylized fleur-de-lis motifs and a deeply textured charcoal background, reminiscent of carved stone. It is well-suited for welcoming guests, enhancing entryway appeal, and makes a meaningful pick for home decor gifts. A thoughtful choice for Welsh heritage enthusiasts, dragon art collectors, or those who appreciate unique fantasy decor. Greet your guest with our special custom doormat. Not only does this doormat keep the dust away, but it is also a great decoration item that helps to make the first impression before anyone enters the house. Product Details: • Material: Low-pile velvet fabric with anti-slip synthetic fiber backing. The mat surface is soft, plush, and water-absorbent, offering a comfortable feel to your feet. The non-slip underside prevents sliding, ensures safety, and keeps the mat from shifting. • The doormat's edges are carefully stitched to keep the doormat durable and long-lasting. • Low-profile custom doormat of only 0.2 inches, suitable for use in different rooms without blocking the door from closing. Why You'll Love It: • Our customizable doormat helps to keep all the dust and debris from entering your house. • This doormat is versatile – It helps absorb water, keeps the floor clean, and adds a soft layer of warmth to your floor. • You can place it at the front door, in your kitchen, bathroom, or even in your bedroom, and living room. • A personalized doormat can be a perfect gift for your friends and family. • Anti-slip backing ensures safety and keeps the mat firmly in place. Care Instructions: • Wipe with a damp cloth and mild soap, or use a garden hose to rinse the mat outdoors. • Our products are vacuum-sealed to protect them from dust and moisture during shipping. As a result, the item may appear thin and wrinkled when first opened. Let the product air out for 5–10 minutes to regain its original thickness. A quick wash will easily smooth out any remaining fold lines.","https://hellaprints.com/red-welsh-dragon-welcome-banner-celtic-knot-foliage-fleur-de-lis-entryway-home-decor-doormat","https://d2dytk4tvgwhb4.cloudfront.net/duiyfppz/products/6a0c6b728bee4989156de166/15x25/ZbyhngZGnf/regular.jpg","32.50 USD","in stock","new","Home & Garden > Decor > Door Mats","Door Mats","https://d2dytk4tvgwhb4.cloudfront.net/duiyfppz/products/6a0c6b728bee4989156de166/gallery/iQPON3CTb3/regular.jpg,https://d2dytk4tvgwhb4.cloudfront.net/duiyfppz/products/6a0c6b728bee4989156de166/gallery/xf90Pt_YmS/regular.jpg,https://d2dytk4tvgwhb4.cloudfront.net/duiyfppz/products/6a0c6b728bee4989156de166/gallery/XaBa9u7q0j/regular.jpg,https://d2dytk4tvgwhb4.cloudfront.net/duiyfppz/products/6a0c6b728bee4989156de166/gallery/RvhnmNVn_c/regular.jpg,https://d2dytk4tvgwhb4.cloudfront.net/duiyfppz/products/6a0c6b728bee4989156de166/gallery/QrXaZkhyHk/regular.jpg,https://d2dytk4tvgwhb4.cloudfront.net/duiyfppz/products/6a0c6b728bee4989156de166/gallery/xJzEsg7r6_/regular.jpg","","HellaPrints","","","","","","harvester","https://hellaprints.com/red-welsh-dragon-welcome-banner-celtic-knot-foliage-fleur-de-lis-entryway-home-decor-doormat?utm_source=pinterest&utm_medium=cpc&utm_campaign=pinterest_shopping"
"6a0c4af7d295185d7a79b719","6a0c4af7d295185d7a79b719","Realistic Ginger Tabby Cat Sleeping Faux Fur - Animal Home Decor Gift for Cat Lovers Doormat","Doormat featuring a realistic ginger tabby cat sleeping peacefully amidst luxuriant faux fur. The artwork depicts a realistic ginger tabby cat stretching contentedly on its back with eyes closed and paws extended, deeply nestled into a thick, deep-pile faux fur backdrop. It's a great choice for enhancing home decor and adds visual interest to any space. A meaningful pick for cat lovers, pet owners, and those who appreciate realistic animal art. Greet your guest with our special custom doormat. Not only does this doormat keep the dust away, but it is also a great decoration item that helps to make the first impression before anyone enters the house. Product Details: • Material: Low-pile velvet fabric with anti-slip synthetic fiber backing. The mat surface is soft, plush, and water-absorbent, offering a comfortable feel to your feet. The non-slip underside prevents sliding, ensures safety, and keeps the mat from shifting. • The doormat's edges are carefully stitched to keep the doormat durable and long-lasting. • Low-profile custom doormat of only 0.2 inches, suitable for use in different rooms without blocking the door from closing. Why You'll Love It: • Our customizable doormat helps to keep all the dust and debris from entering your house. • This doormat is versatile – It helps absorb water, keeps the floor clean, and adds a soft layer of warmth to your floor. • You can place it at the front door, in your kitchen, bathroom, or even in your bedroom, and living room. • A personalized doormat can be a perfect gift for your friends and family. • Anti-slip backing ensures safety and keeps the mat firmly in place. Care Instructions: • Wipe with a damp cloth and mild soap, or use a garden hose to rinse the mat outdoors. • Our products are vacuum-sealed to protect them from dust and moisture during shipping. As a result, the item may appear thin and wrinkled when first opened. Let the product air out for 5–10 minutes to regain its original thickness. A quick wash will easily smooth out any remaining fold lines.","https://hellaprints.com/realistic-ginger-tabby-cat-sleeping-faux-fur-animal-home-decor-gift-for-cat-lovers-doormat","https://d2dytk4tvgwhb4.cloudfront.net/duiyfppz/products/6a0c4af7d295185d7a79b719/15x25/Fu93WvWKEt/regular.jpg","32.50 USD","in stock","new","Home & Garden > Decor > Door Mats","Door Mats","https://d2dytk4tvgwhb4.cloudfront.net/duiyfppz/products/6a0c4af7d295185d7a79b719/gallery/4fZzJwtxoP/regular.jpg,https://d2dytk4tvgwhb4.cloudfront.net/duiyfppz/products/6a0c4af7d295185d7a79b719/gallery/aTfv-6aocW/regular.jpg,https://d2dytk4tvgwhb4.cloudfront.net/duiyfppz/products/6a0c4af7d295185d7a79b719/gallery/WGaVc8m8j0/regular.jpg,https://d2dytk4tvgwhb4.cloudfront.net/duiyfppz/products/6a0c4af7d295185d7a79b719/gallery/dyHCSCwM1l/regular.jpg,https://d2dytk4tvgwhb4.cloudfront.net/duiyfppz/products/6a0c4af7d295185d7a79b719/gallery/HVs9Kqn16Y/regular.jpg,https://d2dytk4tvgwhb4.cloudfront.net/duiyfppz/products/6a0c4af7d295185d7a79b719/gallery/ze0wLTgh_P/regular.jpg","","HellaPrints","","","","","","harvester","https://hellaprints.com/realistic-ginger-tabby-cat-sleeping-faux-fur-animal-home-decor-gift-for-cat-lovers-doormat?utm_source=pinterest&utm_medium=cpc&utm_campaign=pinterest_shopping"
"6a0c087c0558987fb738c6f6","6a0c087c0558987fb738c6f6","American Flag Glowing Cross Jesus Crucifixion - One Nation Under God Faith Gift Spare Tire Cover","Spare Tire Cover - Patriotic faith design featuring an American flag with a glowing cross, the face of Jesus, and a crucifixion scene. This artwork vividly depicts a dramatically waving American flag, three crosses on a desolate hill, and the phrase 'One nation UNDER GOD' against a powerful stormy sky with dramatic light rays and fiery hues. A meaningful display for patriotic holidays, religious observances, or as a powerful statement of faith. Add colors and some special twists to your car's rear end with our custom Spare Tire Cover. Other than a decoration accessory for your car, this Spare Tire Cover is also handy to protect your spare tire in ready-to-use condition. Product Details: • Multi-Function: Decorate the car's exterior and protect your car's spare tire against sunlight, rain, mud, and other harsh weather conditions. • Material: Waterproofing UV-Resistant fabric (118gr/m2). The material is light, soft, water and dust-proof, durable, and easy to clean. The material is tested to meet the color fastness standard TCVN 5823:1994. • Drawcord closure: Strong and durable 100% polypropylene drawcord keeps the cover firmly in place and ensures a snug fit. • Easy installation: Spare Tire Cover is easy to install and remove. Wrap the cover over the tire and then secure it with a cord lock. • Various sizes: Fits different car tires (27, 28, 29, 30, 32, and 34 inches in diameter). Why You'll Love It: • Protects your spare tire from harsh weather. • Adds a custom look to your car quickly. • Lightweight, durable, and easy to install. Care Instructions: • Wipe clean with a soft damp cloth. • Do not bleach.","https://hellaprints.com/american-flag-glowing-cross-jesus-crucifixion-one-nation-under-god-faith-gift-spare-tire-cover","https://d2dytk4tvgwhb4.cloudfront.net/duiyfppz/products/6a0c087c0558987fb738c6f6/no-hole/e_RA7XeqHP/regular.jpg","34.95 USD","in stock","new","Home & Garden > Lawn & Garden > Outdoor Living > Garden Flags","Garden Flags","https://d2dytk4tvgwhb4.cloudfront.net/duiyfppz/products/6a0c087c0558987fb738c6f6/gallery/pNgSVxAF-Z/regular.jpg,https://d2dytk4tvgwhb4.cloudfront.net/duiyfppz/products/6a0c087c0558987fb738c6f6/gallery/qDeY_zJPEm/regular.jpg,https://d2dytk4tvgwhb4.cloudfront.net/duiyfppz/products/6a0c087c0558987fb738c6f6/gallery/5AW8UHI4UX/regular.jpg,https://d2dytk4tvgwhb4.cloudfront.net/duiyfppz/products/6a0c087c0558987fb738c6f6/gallery/INHNQexT8g/regular.jpg,https://d2dytk4tvgwhb4.cloudfront.net/duiyfppz/products/6a0c087c0558987fb738c6f6/gallery/FUZ1R3uaYQ/regular.jpg","","HellaPrints","","","","","","harvester","https://hellaprints.com/american-flag-glowing-cross-jesus-crucifixion-one-nation-under-god-faith-gift-spare-tire-cover?utm_source=pinterest&utm_medium=cpc&utm_campaign=pinterest_shopping"
"6a0c02ae8dcd612004bb685f","6a0c02ae8dcd612004bb685f","Patriotic 250 United States Flag Ribbon 1776-2026 - USA 250th Anniversary Spare Tire Cover","Spare Tire Cover - USA 250th Anniversary (1776-2026) featuring a bold '250' numerical motif intertwined with a patriotic flag ribbon, set against a deep navy blue background. This artwork displays 'UNITED STATES OF AMERICA ANNIVERSARY' text with decorative stars and flag-inspired patterns in crisp white and vibrant red. Well-suited for Independence Day celebrations, national heritage events, and anniversary gatherings. Add colors and some special twists to your car's rear end with our custom Spare Tire Cover. Other than a decoration accessory for your car, this Spare Tire Cover is also handy to protect your spare tire in ready-to-use condition. Product Details: • Multi-Function: Decorate the car's exterior and protect your car's spare tire against sunlight, rain, mud, and other harsh weather conditions. • Material: Waterproofing UV-Resistant fabric (118gr/m2). The material is light, soft, water and dust-proof, durable, and easy to clean. The material is tested to meet the color fastness standard TCVN 5823:1994. • Drawcord closure: Strong and durable 100% polypropylene drawcord keeps the cover firmly in place and ensures a snug fit. • Easy installation: Spare Tire Cover is easy to install and remove. Wrap the cover over the tire and then secure it with a cord lock. • Various sizes: Fits different car tires (27, 28, 29, 30, 32, and 34 inches in diameter). Why You'll Love It: • Protects your spare tire from harsh weather. • Adds a custom look to your car quickly. • Lightweight, durable, and easy to install. Care Instructions: • Wipe clean with a soft damp cloth. • Do not bleach.","https://hellaprints.com/patriotic-250-united-states-flag-ribbon-1776-2026-usa-250th-anniversary-spare-tire-cover","https://d2dytk4tvgwhb4.cloudfront.net/duiyfppz/products/6a0c02ae8dcd612004bb685f/no-hole/U9B3C2WVgA/regular.jpg","34.95 USD","in stock","new","Home & Garden > Lawn & Garden > Outdoor Living > Garden Flags","Garden Flags","https://d2dytk4tvgwhb4.cloudfront.net/duiyfppz/products/6a0c02ae8dcd612004bb685f/gallery/KOywzssTBz/regular.jpg,https://d2dytk4tvgwhb4.cloudfront.net/duiyfppz/products/6a0c02ae8dcd612004bb685f/gallery/BWJN9DisIy/regular.jpg,https://d2dytk4tvgwhb4.cloudfront.net/duiyfppz/products/6a0c02ae8dcd612004bb685f/gallery/NJ5y0A9nxq/regular.jpg,https://d2dytk4tvgwhb4.cloudfront.net/duiyfppz/products/6a0c02ae8dcd612004bb685f/gallery/pP3PJdfKpq/regular.jpg,https://d2dytk4tvgwhb4.cloudfront.net/duiyfppz/products/6a0c02ae8dcd612004bb685f/gallery/OqUyeiPDfJ/regular.jpg","","HellaPrints","","","","","","harvester","https://hellaprints.com/patriotic-250-united-states-flag-ribbon-1776-2026-usa-250th-anniversary-spare-tire-cover?utm_source=pinterest&utm_medium=cpc&utm_campaign=pinterest_shopping"
"6a0bffe08dcd610662bb5262","6a0bffe08dcd610662bb5262","Golden Cross One Nation Under God USA Map - USA 250th Anniversary Spare Tire Cover","Spare Tire Cover - USA 250th Anniversary (1776-2026) featuring a United States map filled with an American flag pattern and a radiant golden cross. This highly detailed graphic illustration displays a prominent golden cross over a waving American flag map, framed by the powerful text 'ONE NATION UNDER GOD' and '250 YEARS OF Blessings'. A great choice for Independence Day celebrations, Fourth of July events, and national pride gatherings. A meaningful pick for veterans, fathers, and American flag lovers. Add colors and some special twists to your car's rear end with our custom Spare Tire Cover. Other than a decoration accessory for your car, this Spare Tire Cover is also handy to protect your spare tire in ready-to-use condition. Product Details: • Multi-Function: Decorate the car's exterior and protect your car's spare tire against sunlight, rain, mud, and other harsh weather conditions. • Material: Waterproofing UV-Resistant fabric (118gr/m2). The material is light, soft, water and dust-proof, durable, and easy to clean. The material is tested to meet the color fastness standard TCVN 5823:1994. • Drawcord closure: Strong and durable 100% polypropylene drawcord keeps the cover firmly in place and ensures a snug fit. • Easy installation: Spare Tire Cover is easy to install and remove. Wrap the cover over the tire and then secure it with a cord lock. • Various sizes: Fits different car tires (27, 28, 29, 30, 32, and 34 inches in diameter). Why You'll Love It: • Protects your spare tire from harsh weather. • Adds a custom look to your car quickly. • Lightweight, durable, and easy to install. Care Instructions: • Wipe clean with a soft damp cloth. • Do not bleach.","https://hellaprints.com/golden-cross-one-nation-under-god-usa-map-usa-250th-anniversary-spare-tire-cover","https://d2dytk4tvgwhb4.cloudfront.net/duiyfppz/products/6a0bffe08dcd610662bb5262/no-hole/GwYgGpj3kb/regular.jpg","34.95 USD","in stock","new","Vehicles & Parts > Vehicle Parts & Accessories > Vehicle Covers > Spare Tire Covers","Spare Tire Covers","https://d2dytk4tvgwhb4.cloudfront.net/duiyfppz/products/6a0bffe08dcd610662bb5262/gallery/peSsBvQM4v/regular.jpg,https://d2dytk4tvgwhb4.cloudfront.net/duiyfppz/products/6a0bffe08dcd610662bb5262/gallery/ykiA0q89F_/regular.jpg,https://d2dytk4tvgwhb4.cloudfront.net/duiyfppz/products/6a0bffe08dcd610662bb5262/gallery/ZeJQlphl-G/regular.jpg,https://d2dytk4tvgwhb4.cloudfront.net/duiyfppz/products/6a0bffe08dcd610662bb5262/gallery/aytw3BU17Y/regular.jpg,https://d2dytk4tvgwhb4.cloudfront.net/duiyfppz/products/6a0bffe08dcd610662bb5262/gallery/xmkWh_rzjb/regular.jpg","","HellaPrints","","","","","","harvester","https://hellaprints.com/golden-cross-one-nation-under-god-usa-map-usa-250th-anniversary-spare-tire-cover?utm_source=pinterest&utm_medium=cpc&utm_campaign=pinterest_shopping"
"6a0bfecf8dcd617469bb4f5e","6a0bfecf8dcd617469bb4f5e","250 United States Anniversary 1776-2026 Stars Stripes Jewels Independence Day Spare Tire Cover","Spare Tire Cover - USA 250th Anniversary (1776-2026) featuring large '250' numbers, patriotic stars, stripes, and sparkling jewel details. This commemorative design showcases 'UNITED STATES OF AMERICA' text, surrounded by grand golden stars and an elaborate framework of red, white, blue, and gold jewels over a subtly textured background. A great choice for Independence Day celebrations, national holidays, and historical commemorations. A meaningful pick for veterans, history enthusiasts, and proud American citizens. Add colors and some special twists to your car's rear end with our custom Spare Tire Cover. Other than a decoration accessory for your car, this Spare Tire Cover is also handy to protect your spare tire in ready-to-use condition. Product Details: • Multi-Function: Decorate the car's exterior and protect your car's spare tire against sunlight, rain, mud, and other harsh weather conditions. • Material: Waterproofing UV-Resistant fabric (118gr/m2). The material is light, soft, water and dust-proof, durable, and easy to clean. The material is tested to meet the color fastness standard TCVN 5823:1994. • Drawcord closure: Strong and durable 100% polypropylene drawcord keeps the cover firmly in place and ensures a snug fit. • Easy installation: Spare Tire Cover is easy to install and remove. Wrap the cover over the tire and then secure it with a cord lock. • Various sizes: Fits different car tires (27, 28, 29, 30, 32, and 34 inches in diameter). Why You'll Love It: • Protects your spare tire from harsh weather. • Adds a custom look to your car quickly. • Lightweight, durable, and easy to install. Care Instructions: • Wipe clean with a soft damp cloth. • Do not bleach.","https://hellaprints.com/250-united-states-anniversary-1776-2026-stars-stripes-jewels-independence-day-spare-tire-cover","https://d2dytk4tvgwhb4.cloudfront.net/duiyfppz/products/6a0bfecf8dcd617469bb4f5e/no-hole/Du2AKKzWAB/regular.jpg","34.95 USD","in stock","new","Vehicles & Parts > Vehicle Parts & Accessories > Vehicle Covers > Spare Tire Covers","Spare Tire Covers","https://d2dytk4tvgwhb4.cloudfront.net/duiyfppz/products/6a0bfecf8dcd617469bb4f5e/gallery/eWN8K0oTin/regular.jpg,https://d2dytk4tvgwhb4.cloudfront.net/duiyfppz/products/6a0bfecf8dcd617469bb4f5e/gallery/SHe0VxV6v-/regular.jpg,https://d2dytk4tvgwhb4.cloudfront.net/duiyfppz/products/6a0bfecf8dcd617469bb4f5e/gallery/Bq0Dm2mhjN/regular.jpg,https://d2dytk4tvgwhb4.cloudfront.net/duiyfppz/products/6a0bfecf8dcd617469bb4f5e/gallery/IRMEAF7P8c/regular.jpg,https://d2dytk4tvgwhb4.cloudfront.net/duiyfppz/products/6a0bfecf8dcd617469bb4f5e/gallery/UOBhiYTlEt/regular.jpg","","HellaPrints","","","","","","harvester","https://hellaprints.com/250-united-states-anniversary-1776-2026-stars-stripes-jewels-independence-day-spare-tire-cover?utm_source=pinterest&utm_medium=cpc&utm_campaign=pinterest_shopping"
"6a0bf428227c75a7aacf37a7","6a0bf428227c75a7aacf37a7","Mountain Lake Black Bear Forest Landscape - Outdoor Adventure Gift Spare Tire Cover","Spare Tire Cover - Mountain Lake Black Bear design featuring a majestic forest landscape. This high-detail realistic oil painting showcases a majestic black bear traversing a moss-covered log, nestled among lush evergreen pine trees, deciduous foliage, and a tranquil mountain lake. A great choice for outdoor adventure lovers, this design is well-suited for camping trips, nature excursions, and makes a meaningful pick for wildlife enthusiasts. Add colors and some special twists to your car's rear end with our custom Spare Tire Cover. Other than a decoration accessory for your car, this Spare Tire Cover is also handy to protect your spare tire in ready-to-use condition. Product Details: • Multi-Function: Decorate the car's exterior and protect your car's spare tire against sunlight, rain, mud, and other harsh weather conditions. • Material: Waterproofing UV-Resistant fabric (118gr/m2). The material is light, soft, water and dust-proof, durable, and easy to clean. The material is tested to meet the color fastness standard TCVN 5823:1994. • Drawcord closure: Strong and durable 100% polypropylene drawcord keeps the cover firmly in place and ensures a snug fit. • Easy installation: Spare Tire Cover is easy to install and remove. Wrap the cover over the tire and then secure it with a cord lock. • Various sizes: Fits different car tires (27, 28, 29, 30, 32, and 34 inches in diameter). Why You'll Love It: • Protects your spare tire from harsh weather. • Adds a custom look to your car quickly. • Lightweight, durable, and easy to install. Care Instructions: • Wipe clean with a soft damp cloth. • Do not bleach.","https://hellaprints.com/mountain-lake-black-bear-forest-landscape-outdoor-adventure-gift-spare-tire-cover","https://d2dytk4tvgwhb4.cloudfront.net/duiyfppz/products/6a0bf428227c75a7aacf37a7/no-hole/Xxb4jyVA_Z/regular.jpg","34.95 USD","in stock","new","Vehicles & Parts > Vehicle Parts & Accessories > Vehicle Covers > Spare Tire Covers","Spare Tire Covers","https://d2dytk4tvgwhb4.cloudfront.net/duiyfppz/products/6a0bf428227c75a7aacf37a7/gallery/0RCyLBxzz8/regular.jpg,https://d2dytk4tvgwhb4.cloudfront.net/duiyfppz/products/6a0bf428227c75a7aacf37a7/gallery/6hAiP7MGaT/regular.jpg,https://d2dytk4tvgwhb4.cloudfront.net/duiyfppz/products/6a0bf428227c75a7aacf37a7/gallery/kPj0H8wLIC/regular.jpg,https://d2dytk4tvgwhb4.cloudfront.net/duiyfppz/products/6a0bf428227c75a7aacf37a7/gallery/FzH3az7srW/regular.jpg,https://d2dytk4tvgwhb4.cloudfront.net/duiyfppz/products/6a0bf428227c75a7aacf37a7/gallery/fyi2fyFmYR/regular.jpg","","HellaPrints","","","","","","harvester","https://hellaprints.com/mountain-lake-black-bear-forest-landscape-outdoor-adventure-gift-spare-tire-cover?utm_source=pinterest&utm_medium=cpc&utm_campaign=pinterest_shopping"
"6a0ab22a8f3708a566df032f","6a0ab22a8f3708a566df032f","Welcome Bumblebee Sunflower Honeycomb Garden - Home Decor Gift for Bee Lover Doormat","Doormat - featuring a vibrant welcome bumblebee design amidst sunflower garden elements. This unique artwork showcases a prominent bumblebee with checkered wings, an embossed welcome banner, and a rich array of golden sunflowers, white daisies, and smaller bees, honey pots, and beehives, all integrated within an abundant garden of varied flowers and intricate honeycomb textures. A great choice for enhancing home decor, celebrating garden life, or welcoming guests with its natural charm. Greet your guest with our special custom doormat. Not only does this doormat keep the dust away, but it is also a great decoration item that helps to make the first impression before anyone enters the house. Product Details: • Material: Low-pile velvet fabric with anti-slip synthetic fiber backing. The mat surface is soft, plush, and water-absorbent, offering a comfortable feel to your feet. The non-slip underside prevents sliding, ensures safety, and keeps the mat from shifting. • The doormat's edges are carefully stitched to keep the doormat durable and long-lasting. • Low-profile custom doormat of only 0.2 inches, suitable for use in different rooms without blocking the door from closing. Why You'll Love It: • Our customizable doormat helps to keep all the dust and debris from entering your house. • This doormat is versatile – It helps absorb water, keeps the floor clean, and adds a soft layer of warmth to your floor. • You can place it at the front door, in your kitchen, bathroom, or even in your bedroom, and living room. • A personalized doormat can be a perfect gift for your friends and family. • Anti-slip backing ensures safety and keeps the mat firmly in place. Care Instructions: • Wipe with a damp cloth and mild soap, or use a garden hose to rinse the mat outdoors. • Our products are vacuum-sealed to protect them from dust and moisture during shipping. As a result, the item may appear thin and wrinkled when first opened. Let the product air out for 5–10 minutes to regain its original thickness. A quick wash will easily smooth out any remaining fold lines.","https://hellaprints.com/welcome-bumblebee-sunflower-honeycomb-garden-home-decor-gift-for-bee-lover-doormat","https://d2dytk4tvgwhb4.cloudfront.net/duiyfppz/products/6a0ab22a8f3708a566df032f/15x25/3vzmY6pA_a/regular.jpg","32.50 USD","in stock","new","Home & Garden > Decor > Door Mats","Door Mats","https://d2dytk4tvgwhb4.cloudfront.net/duiyfppz/products/6a0ab22a8f3708a566df032f/gallery/uqX7qn_kAD/regular.jpg,https://d2dytk4tvgwhb4.cloudfront.net/duiyfppz/products/6a0ab22a8f3708a566df032f/gallery/I57TakLg0M/regular.jpg,https://d2dytk4tvgwhb4.cloudfront.net/duiyfppz/products/6a0ab22a8f3708a566df032f/gallery/SVkxNsllem/regular.jpg,https://d2dytk4tvgwhb4.cloudfront.net/duiyfppz/products/6a0ab22a8f3708a566df032f/gallery/fGA7xPQ5uA/regular.jpg,https://d2dytk4tvgwhb4.cloudfront.net/duiyfppz/products/6a0ab22a8f3708a566df032f/gallery/SVdIPLDFyR/regular.jpg,https://d2dytk4tvgwhb4.cloudfront.net/duiyfppz/products/6a0ab22a8f3708a566df032f/gallery/VOG8Ystvux/regular.jpg","","HellaPrints","","","","","","harvester","https://hellaprints.com/welcome-bumblebee-sunflower-honeycomb-garden-home-decor-gift-for-bee-lover-doormat?utm_source=pinterest&utm_medium=cpc&utm_campaign=pinterest_shopping"
"6a051f0dfcb7662ffd559c8e","6a051f0dfcb7662ffd559c8e","Sea Turtles Tropical Reef Coral Ocean Scene - Wildlife Lover Travel Essentials Gift Spare Tire Cover","Spare Tire Cover - an expansive underwater tropical reef scene featuring two majestic sea turtles. Vibrant tropical reef fish, intricate coral formations, and shimmering sunlight create a high-detail realistic ocean habitat. This design is well-suited for wildlife lover journeys, outdoor adventures, and travel essentials. A meaningful pick for fathers, brothers, and all who appreciate deep blue ocean scenes. Add colors and some special twists to your car's rear end with our custom Spare Tire Cover. Other than a decoration accessory for your car, this Spare Tire Cover is also handy to protect your spare tire in ready-to-use condition. Product Details: • Multi-Function: Decorate the car's exterior and protect your car's spare tire against sunlight, rain, mud, and other harsh weather conditions. • Material: Waterproofing UV-Resistant fabric (118gr/m2). The material is light, soft, water and dust-proof, durable, and easy to clean. The material is tested to meet the color fastness standard TCVN 5823:1994. • Drawcord closure: Strong and durable 100% polypropylene drawcord keeps the cover firmly in place and ensures a snug fit. • Easy installation: Spare Tire Cover is easy to install and remove. Wrap the cover over the tire and then secure it with a cord lock. • Various sizes: Fits different car tires (27, 28, 29, 30, 32, and 34 inches in diameter). Why You'll Love It: • Protects your spare tire from harsh weather. • Adds a custom look to your car quickly. • Lightweight, durable, and easy to install. Care Instructions: • Wipe clean with a soft damp cloth. • Do not bleach.","https://hellaprints.com/sea-turtles-tropical-reef-coral-ocean-scene-wildlife-lover-travel-essentials-gift-spare-tire-cover","https://d2dytk4tvgwhb4.cloudfront.net/duiyfppz/products/6a051f0dfcb7662ffd559c8e/no-hole/wv7g66ZbTj/regular.jpg","34.95 USD","in stock","new","Vehicles & Parts > Vehicle Parts & Accessories > Vehicle Covers > Spare Tire Covers","Spare Tire Covers","https://d2dytk4tvgwhb4.cloudfront.net/duiyfppz/products/6a051f0dfcb7662ffd559c8e/gallery/kXWPOfY7Oi/regular.jpg,https://d2dytk4tvgwhb4.cloudfront.net/duiyfppz/products/6a051f0dfcb7662ffd559c8e/gallery/qrv82zjZpM/regular.jpg,https://d2dytk4tvgwhb4.cloudfront.net/duiyfppz/products/6a051f0dfcb7662ffd559c8e/gallery/kx2qcSkz_U/regular.jpg,https://d2dytk4tvgwhb4.cloudfront.net/duiyfppz/products/6a051f0dfcb7662ffd559c8e/gallery/9S8fuhQZfb/regular.jpg,https://d2dytk4tvgwhb4.cloudfront.net/duiyfppz/products/6a051f0dfcb7662ffd559c8e/gallery/S7q_LRynEn/regular.jpg","","HellaPrints","","","","","","harvester","https://hellaprints.com/sea-turtles-tropical-reef-coral-ocean-scene-wildlife-lover-travel-essentials-gift-spare-tire-cover?utm_source=pinterest&utm_medium=cpc&utm_campaign=pinterest_shopping"
"6a0469b8dfc8d81e375cba55","6a0469b8dfc8d81e375cba55","Slow Duck Crossing Mother Duck Ducklings - Wildlife Lover Gift Yard Sign","Yard Sign - Slow Duck Crossing design featuring a mother duck and ducklings. This richly illustrated graphic depicts a confident mother duck leading her three ducklings across a golden-yellow field with green reeds and calm water. A great choice for outdoor decor, welcoming spring, or enhancing a wildlife garden. A meaningful pick for wildlife enthusiasts, nature admirers, and proud homeowners. A yard sign is a great option to show your message, demonstrate your support and belief, promote business, display ads, or simply brighten your garden. It can be easily installed in the yard, hung on the wall, or held in your hand. You can also bring the sign to political campaign rallies, conventions, and political parties. Product Details: • Material: 4mm corrugated plastic sheets – Lightweight and durable, weatherproof and fade-resistant – It is perfect for outdoor usage. • Durable metal step-in yard stakes (10x15 inch or 10x24 inch) are included for easy installation into any lawn. • Double-sided printing – It is visible from all angles. • Size: 18x12 inches (45.72 cm x 30.48 cm), 24x18 inches (60.96 cm x 45.72 cm). Why You'll Love It: • With strong construction, this sign can resist strong winds and heavy rain. • Lightweight and suitable for carrying from site to site. • Versatile use – yard display, wall hanging, hand-held at events, rallies, and parties. • Weatherproof and fade-resistant for long-lasting outdoor display. • Easy installation with included metal stakes – no tools required. Care Instructions: • Wipe the dust off gently with a clean, dry cloth.","https://hellaprints.com/slow-duck-crossing-mother-duck-ducklings-wildlife-lover-gift-yard-sign","https://d2dytk4tvgwhb4.cloudfront.net/duiyfppz/products/6a0469b8dfc8d81e375cba55/gallery/XLGz3JGP7P/regular.jpg","30.95 USD","in stock","new","","","https://d2dytk4tvgwhb4.cloudfront.net/duiyfppz/products/6a0469b8dfc8d81e375cba55/gallery/dlYnt3ypt_/regular.jpg,https://d2dytk4tvgwhb4.cloudfront.net/duiyfppz/products/6a0469b8dfc8d81e375cba55/gallery/PtTpqlfbCW/regular.jpg,https://d2dytk4tvgwhb4.cloudfront.net/duiyfppz/products/6a0469b8dfc8d81e375cba55/gallery/katy37qh2y/regular.jpg,https://d2dytk4tvgwhb4.cloudfront.net/duiyfppz/products/6a0469b8dfc8d81e375cba55/gallery/LO0qNR15d8/regular.jpg,https://d2dytk4tvgwhb4.cloudfront.net/duiyfppz/products/6a0469b8dfc8d81e375cba55/gallery/uu93aE8gwU/regular.jpg","","HellaPrints","","","","","","harvester","https://hellaprints.com/slow-duck-crossing-mother-duck-ducklings-wildlife-lover-gift-yard-sign?utm_source=pinterest&utm_medium=cpc&utm_campaign=pinterest_shopping"
"6a045bebdfc8d889f75c8e9f","6a045bebdfc8d889f75c8e9f","Clear Mountain Stream River Rocks Emerald Forest Snow Peaks - Road Trip Gift Car Sunshade","Car Sunshade featuring a clear mountain stream, majestic snow-capped peaks, and emerald pine forest vista. This high-detail realistic illustration showcases a vibrant stream cascading over textured river rocks, framed by lush green foliage and towering pine trees. Well-suited for road trip adventures, scenic drives, and enhancing any vehicle's interior. A meaningful pick for travel enthusiasts, adventure seekers, and those who cherish mountain landscapes. Don’t need to worry about your car interior getting beaten up by the harsh sunlight. This car sunshade will block the sunlight from entering the cabin and keep your interior intact and long-lasting. More than just a handy car sunshade, it is also an interesting car accessory. Product Details: • High-quality material with reflective mylar film on one side: Effectively blocks direct sunlight and heat to keep the interior cool even when the car is parked outside on a sunny day. It helps protect your dashboard and interior materials from fading or degrading due to heat and UV damage. • Easy setup: The car sunshade comes with two rubber suction cups that help it stick firmly to the windshield. It is also easy to install and remove. • Compact and lightweight: You can easily fold it up, keep it inside the car, and install it whenever needed. • Carefully bound edges for a clean finished look and extended durability. • Sublimation printing provides a vibrant and high-quality print. • Size: 57 x 27.5 inch - Universal size that fits the windshield of most cars. Why You Will Love It: • Blocks harsh sunlight and helps keep your car cabin noticeably cooler. • Protects your dashboard and interior from fading, cracking, and UV damage. • Quick and secure to use with suction cups for everyday convenience. • Folds down neatly for compact storage when not in use. • Adds both protection and personality as a practical car accessory. Care Instructions: • Wipe clean with a soft damp cloth. • Do not bleach. • Air dry only.","https://hellaprints.com/clear-mountain-stream-river-rocks-emerald-forest-snow-peaks-road-trip-gift-car-sunshade","https://d2dytk4tvgwhb4.cloudfront.net/duiyfppz/products/6a045bebdfc8d889f75c8e9f/57-x-27-5/nJ9MvIppa1/regular.jpg","41.95 USD","in stock","new","Vehicles & Parts > Vehicle Parts & Accessories > Vehicle Sunshades","Vehicle Sunshades","https://d2dytk4tvgwhb4.cloudfront.net/duiyfppz/products/6a045bebdfc8d889f75c8e9f/gallery/dAi5cMX1Yb/regular.jpg,https://d2dytk4tvgwhb4.cloudfront.net/duiyfppz/products/6a045bebdfc8d889f75c8e9f/gallery/QT60PXz3eg/regular.jpg,https://d2dytk4tvgwhb4.cloudfront.net/duiyfppz/products/6a045bebdfc8d889f75c8e9f/gallery/cuVydGiAp-/regular.jpg,https://d2dytk4tvgwhb4.cloudfront.net/duiyfppz/products/6a045bebdfc8d889f75c8e9f/gallery/jCwHeN9B2q/regular.jpg,https://d2dytk4tvgwhb4.cloudfront.net/duiyfppz/products/6a045bebdfc8d889f75c8e9f/gallery/b5CkMbjwyD/regular.jpg,https://d2dytk4tvgwhb4.cloudfront.net/duiyfppz/products/6a045bebdfc8d889f75c8e9f/gallery/NF6IdwDuiU/regular.jpg","","HellaPrints","","","57 x 27.5","","","harvester","https://hellaprints.com/clear-mountain-stream-river-rocks-emerald-forest-snow-peaks-road-trip-gift-car-sunshade?utm_source=pinterest&utm_medium=cpc&utm_campaign=pinterest_shopping"
"6a02ddd9e5eb82e22bfa68ed","6a02ddd9e5eb82e22bfa68ed","Majestic Mountain Range Forest Sunset Sky - Road Trip Travel Essentials Gift Car Sunshade","Car Sunshade featuring a majestic mountain range and dense pine forest scene under a dramatic sunset sky. This high-detail illustration showcases layered mountain ranges, deep pine forests, and atmospheric mist, all illuminated by soft diffused light from a vibrant sunset sky with painterly texture. A great choice for road trips, daily commutes, and enhancing any car interior. Don’t need to worry about your car interior getting beaten up by the harsh sunlight. This car sunshade will block the sunlight from entering the cabin and keep your interior intact and long-lasting. More than just a handy car sunshade, it is also an interesting car accessory. Product Details: • High-quality material with reflective mylar film on one side: Effectively blocks direct sunlight and heat to keep the interior cool even when the car is parked outside on a sunny day. It helps protect your dashboard and interior materials from fading or degrading due to heat and UV damage. • Easy setup: The car sunshade comes with two rubber suction cups that help it stick firmly to the windshield. It is also easy to install and remove. • Compact and lightweight: You can easily fold it up, keep it inside the car, and install it whenever needed. • Carefully bound edges for a clean finished look and extended durability. • Sublimation printing provides a vibrant and high-quality print. • Size: 57 x 27.5 inch - Universal size that fits the windshield of most cars. Why You Will Love It: • Blocks harsh sunlight and helps keep your car cabin noticeably cooler. • Protects your dashboard and interior from fading, cracking, and UV damage. • Quick and secure to use with suction cups for everyday convenience. • Folds down neatly for compact storage when not in use. • Adds both protection and personality as a practical car accessory. Care Instructions: • Wipe clean with a soft damp cloth. • Do not bleach. • Air dry only.","https://hellaprints.com/majestic-mountain-range-forest-sunset-sky-road-trip-travel-essentials-gift-car-sunshade","https://d2dytk4tvgwhb4.cloudfront.net/duiyfppz/products/6a02ddd9e5eb82e22bfa68ed/57-x-27-5/xLAXTnAYr4/regular.jpg","41.95 USD","in stock","new","Vehicles & Parts > Vehicle Parts & Accessories > Vehicle Sunshades","Vehicle Sunshades","https://d2dytk4tvgwhb4.cloudfront.net/duiyfppz/products/6a02ddd9e5eb82e22bfa68ed/gallery/TBfzBf2UGU/regular.jpg,https://d2dytk4tvgwhb4.cloudfront.net/duiyfppz/products/6a02ddd9e5eb82e22bfa68ed/gallery/6wE-v3Dsqr/regular.jpg,https://d2dytk4tvgwhb4.cloudfront.net/duiyfppz/products/6a02ddd9e5eb82e22bfa68ed/gallery/v6v6KxRs0z/regular.jpg,https://d2dytk4tvgwhb4.cloudfront.net/duiyfppz/products/6a02ddd9e5eb82e22bfa68ed/gallery/iodHu-pmrF/regular.jpg,https://d2dytk4tvgwhb4.cloudfront.net/duiyfppz/products/6a02ddd9e5eb82e22bfa68ed/gallery/YugGCWmLYF/regular.jpg,https://d2dytk4tvgwhb4.cloudfront.net/duiyfppz/products/6a02ddd9e5eb82e22bfa68ed/gallery/oQertaBvGz/regular.jpg","","HellaPrints","","","57 x 27.5","","","harvester","https://hellaprints.com/majestic-mountain-range-forest-sunset-sky-road-trip-travel-essentials-gift-car-sunshade?utm_source=pinterest&utm_medium=cpc&utm_campaign=pinterest_shopping"
"6a02c1822fd8cd55abdb58f0","6a02c1822fd8cd55abdb58f0","Stained Glass Mountain Sunset Pine Peaks - Road Trip Travel Essentials Car Upgrade Car Sunshade","Car Sunshade featuring a vibrant Stained Glass Mountain Sunset Pines and Cascading Peaks design, well-suited for road trip travel. This richly rendered artwork showcases a grand mountain range with prominent tall pine trees illuminated by a radiant sunset, all depicted with distinct segmented 'glass' panes and dark outlines. A great choice for memorable road trips, daily commutes, and any travel adventure. A thoughtful pick for mountain enthusiasts, outdoor adventurers, and anyone who appreciates unique car interior upgrades. Don’t need to worry about your car interior getting beaten up by the harsh sunlight. This car sunshade will block the sunlight from entering the cabin and keep your interior intact and long-lasting. More than just a handy car sunshade, it is also an interesting car accessory. Product Details: • High-quality material with reflective mylar film on one side: Effectively blocks direct sunlight and heat to keep the interior cool even when the car is parked outside on a sunny day. It helps protect your dashboard and interior materials from fading or degrading due to heat and UV damage. • Easy setup: The car sunshade comes with two rubber suction cups that help it stick firmly to the windshield. It is also easy to install and remove. • Compact and lightweight: You can easily fold it up, keep it inside the car, and install it whenever needed. • Carefully bound edges for a clean finished look and extended durability. • Sublimation printing provides a vibrant and high-quality print. • Size: 57 x 27.5 inch - Universal size that fits the windshield of most cars. Why You Will Love It: • Blocks harsh sunlight and helps keep your car cabin noticeably cooler. • Protects your dashboard and interior from fading, cracking, and UV damage. • Quick and secure to use with suction cups for everyday convenience. • Folds down neatly for compact storage when not in use. • Adds both protection and personality as a practical car accessory. Care Instructions: • Wipe clean with a soft damp cloth. • Do not bleach. • Air dry only.","https://hellaprints.com/stained-glass-mountain-sunset-pine-peaks-road-trip-travel-essentials-car-upgrade-car-sunshade","https://d2dytk4tvgwhb4.cloudfront.net/duiyfppz/products/6a02c1822fd8cd55abdb58f0/57-x-27-5/_tGkzV_pjU/regular.jpg","41.95 USD","in stock","new","Vehicles & Parts > Vehicle Parts & Accessories > Vehicle Sunshades","Vehicle Sunshades","https://d2dytk4tvgwhb4.cloudfront.net/duiyfppz/products/6a02c1822fd8cd55abdb58f0/gallery/3isJVGfx1o/regular.jpg,https://d2dytk4tvgwhb4.cloudfront.net/duiyfppz/products/6a02c1822fd8cd55abdb58f0/gallery/98uNFycuqh/regular.jpg,https://d2dytk4tvgwhb4.cloudfront.net/duiyfppz/products/6a02c1822fd8cd55abdb58f0/gallery/DLI3YzDhZ2/regular.jpg,https://d2dytk4tvgwhb4.cloudfront.net/duiyfppz/products/6a02c1822fd8cd55abdb58f0/gallery/EaCx3sGN5D/regular.jpg,https://d2dytk4tvgwhb4.cloudfront.net/duiyfppz/products/6a02c1822fd8cd55abdb58f0/gallery/prwHptpXxB/regular.jpg,https://d2dytk4tvgwhb4.cloudfront.net/duiyfppz/products/6a02c1822fd8cd55abdb58f0/gallery/CCDpL5TiL_/regular.jpg","","HellaPrints","","","57 x 27.5","","","harvester","https://hellaprints.com/stained-glass-mountain-sunset-pine-peaks-road-trip-travel-essentials-car-upgrade-car-sunshade?utm_source=pinterest&utm_medium=cpc&utm_campaign=pinterest_shopping"
"6a01bbb782ae01559f359260","6a01bbb782ae01559f359260","High-Detail Realistic High-Contrast Leopard Spots Rosettes Car Interior Upgrade Car Sunshade","Car Sunshade - High-Detail Realistic High-Contrast Leopard Spots Rosettes featuring dense rosettes on a charcoal grey background. This animal print design showcases a tactile fabric-like texture and nuanced shading, presenting believable material rendering and depth. A great choice for road trips, daily commutes, and enhancing your vehicle's interior. Don’t need to worry about your car interior getting beaten up by the harsh sunlight. This car sunshade will block the sunlight from entering the cabin and keep your interior intact and long-lasting. More than just a handy car sunshade, it is also an interesting car accessory. Product Details: • High-quality material with reflective mylar film on one side: Effectively blocks direct sunlight and heat to keep the interior cool even when the car is parked outside on a sunny day. It helps protect your dashboard and interior materials from fading or degrading due to heat and UV damage. • Easy setup: The car sunshade comes with two rubber suction cups that help it stick firmly to the windshield. It is also easy to install and remove. • Compact and lightweight: You can easily fold it up, keep it inside the car, and install it whenever needed. • Carefully bound edges for a clean finished look and extended durability. • Sublimation printing provides a vibrant and high-quality print. • Size: 57 x 27.5 inch - Universal size that fits the windshield of most cars. Why You Will Love It: • Blocks harsh sunlight and helps keep your car cabin noticeably cooler. • Protects your dashboard and interior from fading, cracking, and UV damage. • Quick and secure to use with suction cups for everyday convenience. • Folds down neatly for compact storage when not in use. • Adds both protection and personality as a practical car accessory. Care Instructions: • Wipe clean with a soft damp cloth. • Do not bleach. • Air dry only.","https://hellaprints.com/high-detail-realistic-high-contrast-leopard-spots-rosettes-car-interior-upgrade-car-sunshade","https://d2dytk4tvgwhb4.cloudfront.net/duiyfppz/products/6a01bbb782ae01559f359260/57-x-27-5/dmTFp1S8O6/regular.jpg","41.95 USD","in stock","new","Vehicles & Parts > Vehicle Parts & Accessories > Vehicle Sunshades","Vehicle Sunshades","https://d2dytk4tvgwhb4.cloudfront.net/duiyfppz/products/6a01bbb782ae01559f359260/gallery/Oqo51SS125/regular.jpg,https://d2dytk4tvgwhb4.cloudfront.net/duiyfppz/products/6a01bbb782ae01559f359260/gallery/WS-foy5w2J/regular.jpg,https://d2dytk4tvgwhb4.cloudfront.net/duiyfppz/products/6a01bbb782ae01559f359260/gallery/U5uXGNSCr3/regular.jpg,https://d2dytk4tvgwhb4.cloudfront.net/duiyfppz/products/6a01bbb782ae01559f359260/gallery/RtogPasfY5/regular.jpg,https://d2dytk4tvgwhb4.cloudfront.net/duiyfppz/products/6a01bbb782ae01559f359260/gallery/lyGY4IBnkr/regular.jpg,https://d2dytk4tvgwhb4.cloudfront.net/duiyfppz/products/6a01bbb782ae01559f359260/gallery/2qB_Rs92nr/regular.jpg","","HellaPrints","","","57 x 27.5","","","harvester","https://hellaprints.com/high-detail-realistic-high-contrast-leopard-spots-rosettes-car-interior-upgrade-car-sunshade?utm_source=pinterest&utm_medium=cpc&utm_campaign=pinterest_shopping"
"6a01a2595312a2ab54ca1dc7","6a01a2595312a2ab54ca1dc7","Crimson Red Ladybug White Daisy Welcome - Everyday Outdoor Home Decor Gift Garden Flag","Garden Flag - featuring a vibrant red ladybug, white daisy, and 'Welcome' script on a deep crimson red background. This richly rendered stylized illustration showcases a glossy red ladybug delicately perched on a finely textured white daisy, set against a velvety crimson field with subtle polka dots. This design is a great choice for welcoming guests, celebrating new seasons, and enhancing your everyday outdoor home decor. This garden flag can be a beautiful addition to your front yard, patios, and garden area. Product Details: • Material: 100% Polyester fabric – Durable, weather-resistant & UV/fade-resistant fabric that is suitable to use outdoors. • Double-side printing, suitable to display in an open space. • Durable and sturdy construction with two layers of fabric. • Easy installation with open-ended pole sleeve. • Size: 12x18 inches (30.48 cm x 45.72 cm), 28x40 inches (71.1x101.6 cm). • Pole Sleeve Width: Approx 3.75 cm (1.5 inches). It can fit a flag pole with a maximum diameter of 2.4 cm (approx. 0.9 inch). Why You'll Love It: • Personalized double-side printing – your design looks great from every angle. • UV & fade-resistant fabric keeps colors vibrant through sun, rain, and wind. • Two-layer construction for extra durability and a premium feel. • Easy to install – just slide onto any standard garden flag pole. • A thoughtful, one-of-a-kind gift for gardening lovers, homeowners, and anyone who takes pride in their outdoor space. Care Instructions: • Better wash by hand with cold water.","https://hellaprints.com/crimson-red-ladybug-white-daisy-welcome-everyday-outdoor-home-decor-gift-garden-flag","https://d2dytk4tvgwhb4.cloudfront.net/duiyfppz/products/6a01a2595312a2ab54ca1dc7/gallery/Ls6RRf2lpM/regular.jpg","27.95 USD","in stock","new","Home & Garden > Lawn & Garden > Outdoor Living > Garden Flags","Garden Flags","https://d2dytk4tvgwhb4.cloudfront.net/duiyfppz/products/6a01a2595312a2ab54ca1dc7/gallery/DW0hm5cnjv/regular.jpg,https://d2dytk4tvgwhb4.cloudfront.net/duiyfppz/products/6a01a2595312a2ab54ca1dc7/gallery/U3d_lotyBT/regular.jpg,https://d2dytk4tvgwhb4.cloudfront.net/duiyfppz/products/6a01a2595312a2ab54ca1dc7/gallery/xn4kA3Ra5_/regular.jpg,https://d2dytk4tvgwhb4.cloudfront.net/duiyfppz/products/6a01a2595312a2ab54ca1dc7/gallery/HGklFuaaaS/regular.jpg,https://d2dytk4tvgwhb4.cloudfront.net/duiyfppz/products/6a01a2595312a2ab54ca1dc7/gallery/0YEmZnq_GV/regular.jpg","","HellaPrints","","","","","","harvester","https://hellaprints.com/crimson-red-ladybug-white-daisy-welcome-everyday-outdoor-home-decor-gift-garden-flag?utm_source=pinterest&utm_medium=cpc&utm_campaign=pinterest_shopping"
"6a008e4cb506cfe902e00ddd","6a008e4cb506cfe902e00ddd","Bald Eagle American Flag Patriotic Display - Wildlife Enthusiast Gift Spare Tire Cover","Spare Tire Cover - featuring a majestic bald eagle and American flag design for a powerful patriotic display. This high-detail realistic illustration showcases the eagle's piercing gaze, set against flowing flag elements and a rugged rocky, cloudy sky. A great choice for showcasing national pride on vehicles, well-suited for Independence Day, national holidays, or year-round patriotic decor. Add colors and some special twists to your car's rear end with our custom Spare Tire Cover. Other than a decoration accessory for your car, this Spare Tire Cover is also handy to protect your spare tire in ready-to-use condition. Product Details: • Multi-Function: Decorate the car's exterior and protect your car's spare tire against sunlight, rain, mud, and other harsh weather conditions. • Material: Waterproofing UV-Resistant fabric (118gr/m2). The material is light, soft, water and dust-proof, durable, and easy to clean. The material is tested to meet the color fastness standard TCVN 5823:1994. • Drawcord closure: Strong and durable 100% polypropylene drawcord keeps the cover firmly in place and ensures a snug fit. • Easy installation: Spare Tire Cover is easy to install and remove. Wrap the cover over the tire and then secure it with a cord lock. • Various sizes: Fits different car tires (27, 28, 29, 30, 32, and 34 inches in diameter). Why You'll Love It: • Protects your spare tire from harsh weather. • Adds a custom look to your car quickly. • Lightweight, durable, and easy to install. Care Instructions: • Wipe clean with a soft damp cloth. • Do not bleach.","https://hellaprints.com/bald-eagle-american-flag-patriotic-display-wildlife-enthusiast-gift-spare-tire-cover","https://d2dytk4tvgwhb4.cloudfront.net/duiyfppz/products/6a008e4cb506cfe902e00ddd/no-hole/0Md9cmURxy/regular.jpg","34.95 USD","in stock","new","Home & Garden > Lawn & Garden > Outdoor Living > Garden Flags","Garden Flags","https://d2dytk4tvgwhb4.cloudfront.net/duiyfppz/products/6a008e4cb506cfe902e00ddd/gallery/wQGJAjDhYf/regular.jpg,https://d2dytk4tvgwhb4.cloudfront.net/duiyfppz/products/6a008e4cb506cfe902e00ddd/gallery/NhPN4dL8F3/regular.jpg,https://d2dytk4tvgwhb4.cloudfront.net/duiyfppz/products/6a008e4cb506cfe902e00ddd/gallery/4RqZplGLPT/regular.jpg,https://d2dytk4tvgwhb4.cloudfront.net/duiyfppz/products/6a008e4cb506cfe902e00ddd/gallery/aYh672VBKj/regular.jpg,https://d2dytk4tvgwhb4.cloudfront.net/duiyfppz/products/6a008e4cb506cfe902e00ddd/gallery/evvmmstp-l/regular.jpg","","HellaPrints","","","","","","harvester","https://hellaprints.com/bald-eagle-american-flag-patriotic-display-wildlife-enthusiast-gift-spare-tire-cover?utm_source=pinterest&utm_medium=cpc&utm_campaign=pinterest_shopping"
"6a00706bd411c8a3a157650c","6a00706bd411c8a3a157650c","Black Cat Flower Garden Van Gogh Sky - Cat Lover Home Decor Gift Garden Flag","Flag featuring a sleek black cat rising from a vibrant flower garden with a Van Gogh-inspired night sky. This richly rendered digital painting captures a striking black cat amidst blue irises, red poppies, and yellow sunflowers under a swirling, luminous night sky. A great choice for cat lovers, this unique design is well-suited for everyday home decor or as a thoughtful gift. It's a meaningful pick for cat enthusiasts, garden hobbyists, and admirers of unique artwork. This garden flag can be a beautiful addition to your front yard, patios, and garden area. Product Details: • Material: 100% Polyester fabric – Durable, weather-resistant & UV/fade-resistant fabric that is suitable to use outdoors. • Double-side printing, suitable to display in an open space. • Durable and sturdy construction with two layers of fabric. • Easy installation with open-ended pole sleeve. • Size: 12x18 inches (30.48 cm x 45.72 cm), 28x40 inches (71.1x101.6 cm). • Pole Sleeve Width: Approx 3.75 cm (1.5 inches). It can fit a flag pole with a maximum diameter of 2.4 cm (approx. 0.9 inch). Why You'll Love It: • Personalized double-side printing – your design looks great from every angle. • UV & fade-resistant fabric keeps colors vibrant through sun, rain, and wind. • Two-layer construction for extra durability and a premium feel. • Easy to install – just slide onto any standard garden flag pole. • A thoughtful, one-of-a-kind gift for gardening lovers, homeowners, and anyone who takes pride in their outdoor space. Care Instructions: • Better wash by hand with cold water.","https://hellaprints.com/black-cat-flower-garden-van-gogh-sky-cat-lover-home-decor-gift-garden-flag","https://d2dytk4tvgwhb4.cloudfront.net/duiyfppz/products/6a00706bd411c8a3a157650c/gallery/tepdu1OW4m/regular.jpg","27.95 USD","in stock","new","Home & Garden > Lawn & Garden > Outdoor Living > Garden Flags","Garden Flags","https://d2dytk4tvgwhb4.cloudfront.net/duiyfppz/products/6a00706bd411c8a3a157650c/gallery/kU3hgwMljZ/regular.jpg,https://d2dytk4tvgwhb4.cloudfront.net/duiyfppz/products/6a00706bd411c8a3a157650c/gallery/MPv88Q5S8V/regular.jpg,https://d2dytk4tvgwhb4.cloudfront.net/duiyfppz/products/6a00706bd411c8a3a157650c/gallery/sxhMFa3nZv/regular.jpg,https://d2dytk4tvgwhb4.cloudfront.net/duiyfppz/products/6a00706bd411c8a3a157650c/gallery/2ScbY288MY/regular.jpg,https://d2dytk4tvgwhb4.cloudfront.net/duiyfppz/products/6a00706bd411c8a3a157650c/gallery/o1jhz04IHp/regular.jpg","","HellaPrints","","","","","","harvester","https://hellaprints.com/black-cat-flower-garden-van-gogh-sky-cat-lover-home-decor-gift-garden-flag?utm_source=pinterest&utm_medium=cpc&utm_campaign=pinterest_shopping"
"69ff65f5fb0b322cf72c1093","69ff65f5fb0b322cf72c1093","Intense Luminous Emerald Green Reptilian Eyes – Wildlife Lover Gift Spare Tire Cover","Spare Tire Cover showcasing intense, luminous emerald green reptilian eyes with elongated vertical slit pupils. This high-detail realistic illustration features ethereal mist and shadowy textures emerging from a deep abyssal black environment, rendered with nuanced shading. A great choice for wildlife enthusiasts, those who appreciate realistic animal art, or anyone desiring a distinctive vehicle accessory. Add colors and some special twists to your car's rear end with our custom Spare Tire Cover. Other than a decoration accessory for your car, this Spare Tire Cover is also handy to protect your spare tire in ready-to-use condition. Product Details: • Multi-Function: Decorate the car's exterior and protect your car's spare tire against sunlight, rain, mud, and other harsh weather conditions. • Material: Waterproofing UV-Resistant fabric (118gr/m2). The material is light, soft, water and dust-proof, durable, and easy to clean. The material is tested to meet the color fastness standard TCVN 5823:1994. • Drawcord closure: Strong and durable 100% polypropylene drawcord keeps the cover firmly in place and ensures a snug fit. • Easy installation: Spare Tire Cover is easy to install and remove. Wrap the cover over the tire and then secure it with a cord lock. • Various sizes: Fits different car tires (27, 28, 29, 30, 32, and 34 inches in diameter). Why You'll Love It: • Protects your spare tire from harsh weather. • Adds a custom look to your car quickly. • Lightweight, durable, and easy to install. Care Instructions: • Wipe clean with a soft damp cloth. • Do not bleach.","https://hellaprints.com/intense-luminous-emerald-green-reptilian-eyes-%E2%80%93-wildlife-lover-gift-spare-tire-cover","https://d2dytk4tvgwhb4.cloudfront.net/duiyfppz/products/69ff65f5fb0b322cf72c1093/no-hole/wwD8-00Xb5/regular.jpg","34.95 USD","in stock","new","Vehicles & Parts > Vehicle Parts & Accessories > Vehicle Covers > Spare Tire Covers","Spare Tire Covers","https://d2dytk4tvgwhb4.cloudfront.net/duiyfppz/products/69ff65f5fb0b322cf72c1093/gallery/5H3RdwPyqd/regular.jpg,https://d2dytk4tvgwhb4.cloudfront.net/duiyfppz/products/69ff65f5fb0b322cf72c1093/gallery/eOcpjgSzu5/regular.jpg,https://d2dytk4tvgwhb4.cloudfront.net/duiyfppz/products/69ff65f5fb0b322cf72c1093/gallery/7GGKb--gXo/regular.jpg,https://d2dytk4tvgwhb4.cloudfront.net/duiyfppz/products/69ff65f5fb0b322cf72c1093/gallery/9mTGSQOKRb/regular.jpg,https://d2dytk4tvgwhb4.cloudfront.net/duiyfppz/products/69ff65f5fb0b322cf72c1093/gallery/HJd68KE2E0/regular.jpg","","HellaPrints","","","","","","harvester","https://hellaprints.com/intense-luminous-emerald-green-reptilian-eyes-%E2%80%93-wildlife-lover-gift-spare-tire-cover?utm_source=pinterest&utm_medium=cpc&utm_campaign=pinterest_shopping"
"69fd9f588e37f0938341f477","69fd9f588e37f0938341f477","American Flag Eagle Soldiers 250th Anniversary Road Trip Gift for Veterans Car Sunshade","Car Sunshade - 250 Years of American Independence (1776-2026) featuring a bald eagle, American flag, and brave soldier patriotic design. This cinematic poster realism design shows resolute soldiers, a weathered Liberty Bell, and poignant battlefield cross amidst vibrant red poppies, all under the rallying cries of ""FREEDOM IS NOT FREE"" and ""GOD BLESS AMERICA"". A meaningful choice for 250th Anniversary celebrations, Independence Day events, and national commemorative gatherings. This high-detail illustration is a thoughtful gift for veterans, military families, and history enthusiasts. Don’t need to worry about your car interior getting beaten up by the harsh sunlight. This car sunshade will block the sunlight from entering the cabin and keep your interior intact and long-lasting. More than just a handy car sunshade, it is also an interesting car accessory. Product Details: • High-quality material with reflective mylar film on one side: Effectively blocks direct sunlight and heat to keep the interior cool even when the car is parked outside on a sunny day. It helps protect your dashboard and interior materials from fading or degrading due to heat and UV damage. • Easy setup: The car sunshade comes with two rubber suction cups that help it stick firmly to the windshield. It is also easy to install and remove. • Compact and lightweight: You can easily fold it up, keep it inside the car, and install it whenever needed. • Carefully bound edges for a clean finished look and extended durability. • Sublimation printing provides a vibrant and high-quality print. • Size: 57 x 27.5 inch - Universal size that fits the windshield of most cars. Why You Will Love It: • Blocks harsh sunlight and helps keep your car cabin noticeably cooler. • Protects your dashboard and interior from fading, cracking, and UV damage. • Quick and secure to use with suction cups for everyday convenience. • Folds down neatly for compact storage when not in use. • Adds both protection and personality as a practical car accessory. Care Instructions: • Wipe clean with a soft damp cloth. • Do not bleach. • Air dry only.","https://hellaprints.com/american-flag-eagle-soldiers-250th-anniversary-road-trip-gift-for-veterans-car-sunshade","https://d2dytk4tvgwhb4.cloudfront.net/duiyfppz/products/69fd9f588e37f0938341f477/57-x-27-5/yQQQGh4QOj/regular.jpg","41.95 USD","in stock","new","Home & Garden > Lawn & Garden > Outdoor Living > Garden Flags","Garden Flags","https://d2dytk4tvgwhb4.cloudfront.net/duiyfppz/products/69fd9f588e37f0938341f477/gallery/zT3BBaKu1I/regular.jpg,https://d2dytk4tvgwhb4.cloudfront.net/duiyfppz/products/69fd9f588e37f0938341f477/gallery/WPo0ar7Ni0/regular.jpg,https://d2dytk4tvgwhb4.cloudfront.net/duiyfppz/products/69fd9f588e37f0938341f477/gallery/VnZr_T-JcX/regular.jpg,https://d2dytk4tvgwhb4.cloudfront.net/duiyfppz/products/69fd9f588e37f0938341f477/gallery/PMwFeQ6mp6/regular.jpg,https://d2dytk4tvgwhb4.cloudfront.net/duiyfppz/products/69fd9f588e37f0938341f477/gallery/1-PyFQ1dL9/regular.jpg,https://d2dytk4tvgwhb4.cloudfront.net/duiyfppz/products/69fd9f588e37f0938341f477/gallery/rTxkx0cEJo/regular.jpg","","HellaPrints","","","57 x 27.5","","","harvester","https://hellaprints.com/american-flag-eagle-soldiers-250th-anniversary-road-trip-gift-for-veterans-car-sunshade?utm_source=pinterest&utm_medium=cpc&utm_campaign=pinterest_shopping"
"69fd5fbd77335062604278a6","69fd5fbd77335062604278a6","Hot Pink Dark Brown Leopard Fur Animal Print - Car Decor Gift Spare Tire Cover","Spare Tire Cover - Hot pink and dark brown leopard print design showcasing realistic animal fur texture. This premium full-canvas artwork showcases intricate fur details and organic shapes, crafted with high-detail realistic illustration. A great choice for vehicle decoration, it makes a meaningful gift for animal lovers. Well-suited for drivers, wildlife enthusiasts, and car accessory collectors. Add colors and some special twists to your car's rear end with our custom Spare Tire Cover. Other than a decoration accessory for your car, this Spare Tire Cover is also handy to protect your spare tire in ready-to-use condition. Product Details: • Multi-Function: Decorate the car's exterior and protect your car's spare tire against sunlight, rain, mud, and other harsh weather conditions. • Material: Waterproofing UV-Resistant fabric (118gr/m2). The material is light, soft, water and dust-proof, durable, and easy to clean. The material is tested to meet the color fastness standard TCVN 5823:1994. • Drawcord closure: Strong and durable 100% polypropylene drawcord keeps the cover firmly in place and ensures a snug fit. • Easy installation: Spare Tire Cover is easy to install and remove. Wrap the cover over the tire and then secure it with a cord lock. • Various sizes: Fits different car tires (27, 28, 29, 30, 32, and 34 inches in diameter). Why You'll Love It: • Protects your spare tire from harsh weather. • Adds a custom look to your car quickly. • Lightweight, durable, and easy to install. Care Instructions: • Wipe clean with a soft damp cloth. • Do not bleach.","https://hellaprints.com/hot-pink-dark-brown-leopard-fur-animal-print-car-decor-gift-spare-tire-cover","https://d2dytk4tvgwhb4.cloudfront.net/duiyfppz/products/69fd5fbd77335062604278a6/no-hole/67x3kx0Yt7/regular.jpg","34.95 USD","in stock","new","Vehicles & Parts > Vehicle Parts & Accessories > Vehicle Covers > Spare Tire Covers","Spare Tire Covers","https://d2dytk4tvgwhb4.cloudfront.net/duiyfppz/products/69fd5fbd77335062604278a6/gallery/hhtd4h-8WM/regular.jpg,https://d2dytk4tvgwhb4.cloudfront.net/duiyfppz/products/69fd5fbd77335062604278a6/gallery/yJlv9EBKaG/regular.jpg,https://d2dytk4tvgwhb4.cloudfront.net/duiyfppz/products/69fd5fbd77335062604278a6/gallery/ggebKZ9cS1/regular.jpg,https://d2dytk4tvgwhb4.cloudfront.net/duiyfppz/products/69fd5fbd77335062604278a6/gallery/sKa9Upseo7/regular.jpg,https://d2dytk4tvgwhb4.cloudfront.net/duiyfppz/products/69fd5fbd77335062604278a6/gallery/lZfuotYyh4/regular.jpg","","HellaPrints","","","","","","harvester","https://hellaprints.com/hot-pink-dark-brown-leopard-fur-animal-print-car-decor-gift-spare-tire-cover?utm_source=pinterest&utm_medium=cpc&utm_campaign=pinterest_shopping"
"69fd5c1dde0d0927f3df92e6","69fd5c1dde0d0927f3df92e6","Jesus King of Kings Golden Crown - Faith Home Decor Gift for Believers Garden Flag","Flag displaying Jesus King of Kings in prominent gleaming gold 3D typography, featuring a regal golden crown and radiating golden light rays. The deep velvety black background transitions with subtle charcoal and midnight blue tones, embellished by golden filigree patterns and faint heavenly star dust. A great choice for spiritual celebrations, Christian gatherings, and everyday faith home decor. A meaningful pick for devoted Christians, family members, and those passionate about faith living. This garden flag can be a beautiful addition to your front yard, patios, and garden area. Product Details: • Material: 100% Polyester fabric – Durable, weather-resistant & UV/fade-resistant fabric that is suitable to use outdoors. • Double-side printing, suitable to display in an open space. • Durable and sturdy construction with two layers of fabric. • Easy installation with open-ended pole sleeve. • Size: 12x18 inches (30.48 cm x 45.72 cm), 28x40 inches (71.1x101.6 cm). • Pole Sleeve Width: Approx 3.75 cm (1.5 inches). It can fit a flag pole with a maximum diameter of 2.4 cm (approx. 0.9 inch). Why You'll Love It: • Personalized double-side printing – your design looks great from every angle. • UV & fade-resistant fabric keeps colors vibrant through sun, rain, and wind. • Two-layer construction for extra durability and a premium feel. • Easy to install – just slide onto any standard garden flag pole. • A thoughtful, one-of-a-kind gift for gardening lovers, homeowners, and anyone who takes pride in their outdoor space. Care Instructions: • Better wash by hand with cold water.","https://hellaprints.com/jesus-king-of-kings-golden-crown-faith-home-decor-gift-for-believers-garden-flag","https://d2dytk4tvgwhb4.cloudfront.net/duiyfppz/products/69fd5c1dde0d0927f3df92e6/gallery/c2qIDEuGVK/regular.jpg","27.95 USD","in stock","new","Home & Garden > Lawn & Garden > Outdoor Living > Garden Flags","Garden Flags","https://d2dytk4tvgwhb4.cloudfront.net/duiyfppz/products/69fd5c1dde0d0927f3df92e6/gallery/P2sFjCfdBQ/regular.jpg,https://d2dytk4tvgwhb4.cloudfront.net/duiyfppz/products/69fd5c1dde0d0927f3df92e6/gallery/UWwiGLkPvW/regular.jpg,https://d2dytk4tvgwhb4.cloudfront.net/duiyfppz/products/69fd5c1dde0d0927f3df92e6/gallery/aIXwG7ZFIn/regular.jpg,https://d2dytk4tvgwhb4.cloudfront.net/duiyfppz/products/69fd5c1dde0d0927f3df92e6/gallery/DMUozEtDWb/regular.jpg,https://d2dytk4tvgwhb4.cloudfront.net/duiyfppz/products/69fd5c1dde0d0927f3df92e6/gallery/dlYalTjidL/regular.jpg","","HellaPrints","","","","","","harvester","https://hellaprints.com/jesus-king-of-kings-golden-crown-faith-home-decor-gift-for-believers-garden-flag?utm_source=pinterest&utm_medium=cpc&utm_campaign=pinterest_shopping"
"69fd57e67733506ba442691a","69fd57e67733506ba442691a","Red Black Garden Ladybug Face Red Eyes Black Spots Antennae - Nature Lover Gift Spare Tire Cover","Spare Tire Cover - a Red Black Garden Ladybug Face design featuring prominent red eyes and distinctive antennae. This premium design showcases a large stylized ladybug with a black face, vibrant red body segments, and iconic black spots that extend across the entire canvas for edge-to-edge coverage. A well-suited accessory for nature lovers, this design captures the unique charm of garden insects for year-round appreciation. A thoughtful gift for insect lovers, gardening fans, and admirers of wildlife. Add colors and some special twists to your car's rear end with our custom Spare Tire Cover. Other than a decoration accessory for your car, this Spare Tire Cover is also handy to protect your spare tire in ready-to-use condition. Product Details: • Multi-Function: Decorate the car's exterior and protect your car's spare tire against sunlight, rain, mud, and other harsh weather conditions. • Material: Waterproofing UV-Resistant fabric (118gr/m2). The material is light, soft, water and dust-proof, durable, and easy to clean. The material is tested to meet the color fastness standard TCVN 5823:1994. • Drawcord closure: Strong and durable 100% polypropylene drawcord keeps the cover firmly in place and ensures a snug fit. • Easy installation: Spare Tire Cover is easy to install and remove. Wrap the cover over the tire and then secure it with a cord lock. • Various sizes: Fits different car tires (27, 28, 29, 30, 32, and 34 inches in diameter). Why You'll Love It: • Protects your spare tire from harsh weather. • Adds a custom look to your car quickly. • Lightweight, durable, and easy to install. Care Instructions: • Wipe clean with a soft damp cloth. • Do not bleach.","https://hellaprints.com/red-black-garden-ladybug-face-red-eyes-black-spots-antennae-nature-lover-gift-spare-tire-cover","https://d2dytk4tvgwhb4.cloudfront.net/duiyfppz/products/69fd57e67733506ba442691a/no-hole/qsHP78yjma/regular.jpg","34.95 USD","in stock","new","Vehicles & Parts > Vehicle Parts & Accessories > Vehicle Covers > Spare Tire Covers","Spare Tire Covers","https://d2dytk4tvgwhb4.cloudfront.net/duiyfppz/products/69fd57e67733506ba442691a/gallery/pMKOxHRiMt/regular.jpg,https://d2dytk4tvgwhb4.cloudfront.net/duiyfppz/products/69fd57e67733506ba442691a/gallery/MRg3ySvdI5/regular.jpg,https://d2dytk4tvgwhb4.cloudfront.net/duiyfppz/products/69fd57e67733506ba442691a/gallery/w44c_L5AVO/regular.jpg,https://d2dytk4tvgwhb4.cloudfront.net/duiyfppz/products/69fd57e67733506ba442691a/gallery/hPHKIIzfjH/regular.jpg,https://d2dytk4tvgwhb4.cloudfront.net/duiyfppz/products/69fd57e67733506ba442691a/gallery/_ys42Vw1qM/regular.jpg","","HellaPrints","","","","","","harvester","https://hellaprints.com/red-black-garden-ladybug-face-red-eyes-black-spots-antennae-nature-lover-gift-spare-tire-cover?utm_source=pinterest&utm_medium=cpc&utm_campaign=pinterest_shopping"
"69fd505d3195b9fe92c87c63","69fd505d3195b9fe92c87c63","Full Moon Ocean Waves Tropical Palm Trees Beach Stars - Coastal Lifestyle Gift Spare Tire Cover","Spare Tire Cover - Moonlit Tropical Ocean design featuring palm trees and a starry night sky. This artwork depicts a radiant full moon on calm ocean waves, flanked by tropical palm trees, with distant mountains under a shimmering moonlit sky filled with sparkling stars and a crescent moon. A great choice for anyone who loves coastal trips, beach adventures, or serene tropical night scenes. A thoughtful gift for beach lovers, ocean enthusiasts, and those who appreciate moonlit scenery. Add colors and some special twists to your car's rear end with our custom Spare Tire Cover. Other than a decoration accessory for your car, this Spare Tire Cover is also handy to protect your spare tire in ready-to-use condition. Product Details: • Multi-Function: Decorate the car's exterior and protect your car's spare tire against sunlight, rain, mud, and other harsh weather conditions. • Material: Waterproofing UV-Resistant fabric (118gr/m2). The material is light, soft, water and dust-proof, durable, and easy to clean. The material is tested to meet the color fastness standard TCVN 5823:1994. • Drawcord closure: Strong and durable 100% polypropylene drawcord keeps the cover firmly in place and ensures a snug fit. • Easy installation: Spare Tire Cover is easy to install and remove. Wrap the cover over the tire and then secure it with a cord lock. • Various sizes: Fits different car tires (27, 28, 29, 30, 32, and 34 inches in diameter). Why You'll Love It: • Protects your spare tire from harsh weather. • Adds a custom look to your car quickly. • Lightweight, durable, and easy to install. Care Instructions: • Wipe clean with a soft damp cloth. • Do not bleach.","https://hellaprints.com/full-moon-ocean-waves-tropical-palm-trees-beach-stars-coastal-lifestyle-gift-spare-tire-cover","https://d2dytk4tvgwhb4.cloudfront.net/duiyfppz/products/69fd505d3195b9fe92c87c63/no-hole/HhwYknwI1u/regular.jpg","34.95 USD","in stock","new","Vehicles & Parts > Vehicle Parts & Accessories > Vehicle Covers > Spare Tire Covers","Spare Tire Covers","https://d2dytk4tvgwhb4.cloudfront.net/duiyfppz/products/69fd505d3195b9fe92c87c63/gallery/s7IlbpM8Lq/regular.jpg,https://d2dytk4tvgwhb4.cloudfront.net/duiyfppz/products/69fd505d3195b9fe92c87c63/gallery/LExWXIcNMi/regular.jpg,https://d2dytk4tvgwhb4.cloudfront.net/duiyfppz/products/69fd505d3195b9fe92c87c63/gallery/gsknip7G6n/regular.jpg,https://d2dytk4tvgwhb4.cloudfront.net/duiyfppz/products/69fd505d3195b9fe92c87c63/gallery/oNvECjr7r9/regular.jpg,https://d2dytk4tvgwhb4.cloudfront.net/duiyfppz/products/69fd505d3195b9fe92c87c63/gallery/8WakhSN4ij/regular.jpg","","HellaPrints","","","","","","harvester","https://hellaprints.com/full-moon-ocean-waves-tropical-palm-trees-beach-stars-coastal-lifestyle-gift-spare-tire-cover?utm_source=pinterest&utm_medium=cpc&utm_campaign=pinterest_shopping"
"69fd4697da9dd51229c16778","69fd4697da9dd51229c16778","Snarling Wolf Blue Lightning Glowing Eyes Full Moon Dark Cosmic Night Sky - Wildlife Lover Gift Spare Tire Cover","Spare Tire Cover - Wolf Cosmic design featuring a snarling wolf with electric blue lightning and glowing eyes. A powerful wolf snarls fiercely, with electric blue lightning bolts erupting vividly and crackling across its fur, set against a luminous full moon and dark cosmic night sky filled with shimmering galaxies. This design is a meaningful pick for wildlife lovers and those drawn to cosmic themes. A great choice for wolf enthusiasts, cosmic art admirers, and individuals who appreciate dramatic visual content. Add colors and some special twists to your car's rear end with our custom Spare Tire Cover. Other than a decoration accessory for your car, this Spare Tire Cover is also handy to protect your spare tire in ready-to-use condition. Product Details: • Multi-Function: Decorate the car's exterior and protect your car's spare tire against sunlight, rain, mud, and other harsh weather conditions. • Material: Waterproofing UV-Resistant fabric (118gr/m2). The material is light, soft, water and dust-proof, durable, and easy to clean. The material is tested to meet the color fastness standard TCVN 5823:1994. • Drawcord closure: Strong and durable 100% polypropylene drawcord keeps the cover firmly in place and ensures a snug fit. • Easy installation: Spare Tire Cover is easy to install and remove. Wrap the cover over the tire and then secure it with a cord lock. • Various sizes: Fits different car tires (27, 28, 29, 30, 32, and 34 inches in diameter). Why You'll Love It: • Protects your spare tire from harsh weather. • Adds a custom look to your car quickly. • Lightweight, durable, and easy to install. Care Instructions: • Wipe clean with a soft damp cloth. • Do not bleach.","https://hellaprints.com/snarling-wolf-blue-lightning-glowing-eyes-full-moon-dark-cosmic-night-sky-wildlife-lover-gift-spare-tire-cover","https://d2dytk4tvgwhb4.cloudfront.net/duiyfppz/products/69fd4697da9dd51229c16778/no-hole/7KcC1fzkzP/regular.jpg","34.95 USD","in stock","new","Vehicles & Parts > Vehicle Parts & Accessories > Vehicle Covers > Spare Tire Covers","Spare Tire Covers","https://d2dytk4tvgwhb4.cloudfront.net/duiyfppz/products/69fd4697da9dd51229c16778/gallery/2-0yOw0jhn/regular.jpg,https://d2dytk4tvgwhb4.cloudfront.net/duiyfppz/products/69fd4697da9dd51229c16778/gallery/eJ_6-cEbCS/regular.jpg,https://d2dytk4tvgwhb4.cloudfront.net/duiyfppz/products/69fd4697da9dd51229c16778/gallery/83Wgph43Ar/regular.jpg,https://d2dytk4tvgwhb4.cloudfront.net/duiyfppz/products/69fd4697da9dd51229c16778/gallery/f3VPOHKTrv/regular.jpg,https://d2dytk4tvgwhb4.cloudfront.net/duiyfppz/products/69fd4697da9dd51229c16778/gallery/qXA9u7fqN-/regular.jpg","","HellaPrints","","","","","","harvester","https://hellaprints.com/snarling-wolf-blue-lightning-glowing-eyes-full-moon-dark-cosmic-night-sky-wildlife-lover-gift-spare-tire-cover?utm_source=pinterest&utm_medium=cpc&utm_campaign=pinterest_shopping"
"69fcae05da9dd51ff5c0bee4","69fcae05da9dd51ff5c0bee4","African Elephant Lion Zebra Rhinoceros Giraffe Savanna Sunset Wildlife Lover Gift Spare Tire Cover","Spare Tire Cover - African savanna design featuring a majestic elephant, powerful lion, and diverse wildlife. This richly rendered illustration captures a vibrant African savanna at sunset with rhinoceros, zebras, and a tall giraffe, surrounded by acacia trees and a soaring eagle, crafted with strong outlines and dynamic shading. It's a meaningful pick for wildlife enthusiasts, safari adventurers, and anyone who appreciates the beauty of African nature. A thoughtful gift for nature lovers, adventure seekers, and those with a passion for wildlife. Add colors and some special twists to your car's rear end with our custom Spare Tire Cover. Other than a decoration accessory for your car, this Spare Tire Cover is also handy to protect your spare tire in ready-to-use condition. Product Details: • Multi-Function: Decorate the car's exterior and protect your car's spare tire against sunlight, rain, mud, and other harsh weather conditions. • Material: Waterproofing UV-Resistant fabric (118gr/m2). The material is light, soft, water and dust-proof, durable, and easy to clean. The material is tested to meet the color fastness standard TCVN 5823:1994. • Drawcord closure: Strong and durable 100% polypropylene drawcord keeps the cover firmly in place and ensures a snug fit. • Easy installation: Spare Tire Cover is easy to install and remove. Wrap the cover over the tire and then secure it with a cord lock. • Various sizes: Fits different car tires (27, 28, 29, 30, 32, and 34 inches in diameter). Why You'll Love It: • Protects your spare tire from harsh weather. • Adds a custom look to your car quickly. • Lightweight, durable, and easy to install. Care Instructions: • Wipe clean with a soft damp cloth. • Do not bleach.","https://hellaprints.com/african-elephant-lion-zebra-rhinoceros-giraffe-savanna-sunset-wildlife-lover-gift-spare-tire-cover","https://d2dytk4tvgwhb4.cloudfront.net/duiyfppz/products/69fcae05da9dd51ff5c0bee4/no-hole/nFtBlM4PsJ/regular.jpg","34.95 USD","in stock","new","Vehicles & Parts > Vehicle Parts & Accessories > Vehicle Covers > Spare Tire Covers","Spare Tire Covers","https://d2dytk4tvgwhb4.cloudfront.net/duiyfppz/products/69fcae05da9dd51ff5c0bee4/gallery/0aIplqwYIL/regular.jpg,https://d2dytk4tvgwhb4.cloudfront.net/duiyfppz/products/69fcae05da9dd51ff5c0bee4/gallery/xketoXVIH-/regular.jpg,https://d2dytk4tvgwhb4.cloudfront.net/duiyfppz/products/69fcae05da9dd51ff5c0bee4/gallery/qvyqUC71QL/regular.jpg,https://d2dytk4tvgwhb4.cloudfront.net/duiyfppz/products/69fcae05da9dd51ff5c0bee4/gallery/DwiD-6xse8/regular.jpg,https://d2dytk4tvgwhb4.cloudfront.net/duiyfppz/products/69fcae05da9dd51ff5c0bee4/gallery/sD5AgDzHxp/regular.jpg","","HellaPrints","","","","","","harvester","https://hellaprints.com/african-elephant-lion-zebra-rhinoceros-giraffe-savanna-sunset-wildlife-lover-gift-spare-tire-cover?utm_source=pinterest&utm_medium=cpc&utm_campaign=pinterest_shopping"
"69fcac270b48835a8a112d95","69fcac270b48835a8a112d95","Rustic American Flag White Daisy - Road Trip Travel Essential Car Sunshade","Car Sunshade - featuring a rustic American flag design with distressed wood grain and white daisy flowers. This artwork showcases a beautifully rendered, aged American flag composed of weathered wooden planks, accented by cheerful white daisies and vibrant green foliage. A great choice for patriotic celebrations, national holidays, or as a travel essential for long road trips. This meaningful pick is designed for veterans, history enthusiasts, and American flag lovers. Don’t need to worry about your car interior getting beaten up by the harsh sunlight. This car sunshade will block the sunlight from entering the cabin and keep your interior intact and long-lasting. More than just a handy car sunshade, it is also an interesting car accessory. Product Details: • High-quality material with reflective mylar film on one side: Effectively blocks direct sunlight and heat to keep the interior cool even when the car is parked outside on a sunny day. It helps protect your dashboard and interior materials from fading or degrading due to heat and UV damage. • Easy setup: The car sunshade comes with two rubber suction cups that help it stick firmly to the windshield. It is also easy to install and remove. • Compact and lightweight: You can easily fold it up, keep it inside the car, and install it whenever needed. • Carefully bound edges for a clean finished look and extended durability. • Sublimation printing provides a vibrant and high-quality print. • Size: 57 x 27.5 inch - Universal size that fits the windshield of most cars. Why You Will Love It: • Blocks harsh sunlight and helps keep your car cabin noticeably cooler. • Protects your dashboard and interior from fading, cracking, and UV damage. • Quick and secure to use with suction cups for everyday convenience. • Folds down neatly for compact storage when not in use. • Adds both protection and personality as a practical car accessory. Care Instructions: • Wipe clean with a soft damp cloth. • Do not bleach. • Air dry only.","https://hellaprints.com/rustic-american-flag-white-daisy-road-trip-travel-essential-car-sunshade","https://d2dytk4tvgwhb4.cloudfront.net/duiyfppz/products/69fcac270b48835a8a112d95/57-x-27-5/G8LrjpczaI/regular.jpg","41.95 USD","in stock","new","Home & Garden > Lawn & Garden > Outdoor Living > Garden Flags","Garden Flags","https://d2dytk4tvgwhb4.cloudfront.net/duiyfppz/products/69fcac270b48835a8a112d95/gallery/gFyd8ds2cv/regular.jpg,https://d2dytk4tvgwhb4.cloudfront.net/duiyfppz/products/69fcac270b48835a8a112d95/gallery/Wqvo7GZrBn/regular.jpg,https://d2dytk4tvgwhb4.cloudfront.net/duiyfppz/products/69fcac270b48835a8a112d95/gallery/lniWmgH1TH/regular.jpg,https://d2dytk4tvgwhb4.cloudfront.net/duiyfppz/products/69fcac270b48835a8a112d95/gallery/-2NSklZ_zG/regular.jpg,https://d2dytk4tvgwhb4.cloudfront.net/duiyfppz/products/69fcac270b48835a8a112d95/gallery/SJcxuQ0i6S/regular.jpg,https://d2dytk4tvgwhb4.cloudfront.net/duiyfppz/products/69fcac270b48835a8a112d95/gallery/3TeS1qLZ4L/regular.jpg","","HellaPrints","","","57 x 27.5","","","harvester","https://hellaprints.com/rustic-american-flag-white-daisy-road-trip-travel-essential-car-sunshade?utm_source=pinterest&utm_medium=cpc&utm_campaign=pinterest_shopping"
"69fca6808bf4bd3254b556c8","69fca6808bf4bd3254b556c8","Nebula Glowing Electric Blue Magenta Paw Print Heart Animal Lover Gift Spare Tire Cover","Spare Tire Cover - featuring a nebula glowing paw print heart design with vibrant electric blue and magenta gradients. This full-canvas digital illustration showcases a central heart and paw print, shimmering with gradients of electric blue, magenta, cyan, and violet, encircled by luminous energy lines and light trails on a deep cosmic black field. It is a great choice for animal lovers, pet enthusiasts, and those who appreciate high-contrast graphic art with subtle depth and rich finishes. Add colors and some special twists to your car's rear end with our custom Spare Tire Cover. Other than a decoration accessory for your car, this Spare Tire Cover is also handy to protect your spare tire in ready-to-use condition. Product Details: • Multi-Function: Decorate the car's exterior and protect your car's spare tire against sunlight, rain, mud, and other harsh weather conditions. • Material: Waterproofing UV-Resistant fabric (118gr/m2). The material is light, soft, water and dust-proof, durable, and easy to clean. The material is tested to meet the color fastness standard TCVN 5823:1994. • Drawcord closure: Strong and durable 100% polypropylene drawcord keeps the cover firmly in place and ensures a snug fit. • Easy installation: Spare Tire Cover is easy to install and remove. Wrap the cover over the tire and then secure it with a cord lock. • Various sizes: Fits different car tires (27, 28, 29, 30, 32, and 34 inches in diameter). Why You'll Love It: • Protects your spare tire from harsh weather. • Adds a custom look to your car quickly. • Lightweight, durable, and easy to install. Care Instructions: • Wipe clean with a soft damp cloth. • Do not bleach.","https://hellaprints.com/nebula-glowing-electric-blue-magenta-paw-print-heart-animal-lover-gift-spare-tire-cover","https://d2dytk4tvgwhb4.cloudfront.net/duiyfppz/products/69fca6808bf4bd3254b556c8/no-hole/m2lRzTH_TS/regular.jpg","34.95 USD","in stock","new","Vehicles & Parts > Vehicle Parts & Accessories > Vehicle Covers > Spare Tire Covers","Spare Tire Covers","https://d2dytk4tvgwhb4.cloudfront.net/duiyfppz/products/69fca6808bf4bd3254b556c8/gallery/J2HubFyCcr/regular.jpg,https://d2dytk4tvgwhb4.cloudfront.net/duiyfppz/products/69fca6808bf4bd3254b556c8/gallery/WYRpadGARA/regular.jpg,https://d2dytk4tvgwhb4.cloudfront.net/duiyfppz/products/69fca6808bf4bd3254b556c8/gallery/UGYY4c7tCu/regular.jpg,https://d2dytk4tvgwhb4.cloudfront.net/duiyfppz/products/69fca6808bf4bd3254b556c8/gallery/HFjnYphAsU/regular.jpg,https://d2dytk4tvgwhb4.cloudfront.net/duiyfppz/products/69fca6808bf4bd3254b556c8/gallery/U159TAWIwL/regular.jpg","","HellaPrints","","","","","","harvester","https://hellaprints.com/nebula-glowing-electric-blue-magenta-paw-print-heart-animal-lover-gift-spare-tire-cover?utm_source=pinterest&utm_medium=cpc&utm_campaign=pinterest_shopping"
"69fae239895b7d138f36ea6b","69fae239895b7d138f36ea6b","Piglet Daisy Wildflower Small Vintage Floral Everyday Carry Gift Quilted Tote Bag","Bag - Piglet Daisy Wildflower design featuring a piglet holding a white daisy, surrounded by a field of wildflowers. A central piglet amidst wildflowers combines with a continuous background of small vintage floral motifs and delicate roses. It is a meaningful pick for birthdays, baby showers, or as an everyday carry item, featuring a floral wreath for a name. This makes a great choice for daughters, mothers, or any enthusiastic pig lover. Quilted Tote Bag creates a unique, handcrafted feel. Whether you are heading out for a casual day, running errands, or looking for a thoughtful gift, this tote adds a cozy, personalized touch to every moment. Product Details: • Material: 100% polyester outer fabric and soft cotton padded. • Lightweight yet durable, designed to be easy to carry without sacrificing strength, making it perfect for everyday use without feeling bulky or heavy. • Quilted fabric construction with a soft padded texture that adds a cozy premium feel while enhancing durability and structure. • Soft interior protection helps protect belongings like tablets, notebooks, and gifts. • Spacious main compartment offers generous capacity for daily essentials, shopping, books, and travel items. • Sturdy double handles with reinforced shoulder straps provide comfortable carrying and reliable support, even when fully loaded. • Versatile everyday use for shopping, work, school, travel, or casual outings. Why You'll Love It: • It delivers a handcrafted, personalized look that adds cozy character to your daily style. • You get a lightweight but durable tote that is comfortable to carry throughout the day. • The padded quilted build combines soft protection with practical storage for everyday essentials. • Its all-in-one versatility makes it a reliable companion for errands, school, work, and travel. • It is also a thoughtful gift choice thanks to its cozy feel and useful design. Care Instructions: • Wash inside out. • Machine wash cold with like colors. • Gentle cycle. • Only non-chlorine bleach when needed. • Tumble dry low. • Cool iron if needed.","https://hellaprints.com/piglet-daisy-wildflower-small-vintage-floral-everyday-carry-gift-quilted-tote-bag","https://d2dytk4tvgwhb4.cloudfront.net/duiyfppz/products/69fae239895b7d138f36ea6b/13x16-1-inches/piyQcAdZHq/regular.jpg","32.95 USD","in stock","new","Apparel & Accessories > Handbags, Wallets & Cases > Handbags","Handbags","https://d2dytk4tvgwhb4.cloudfront.net/duiyfppz/products/69fae239895b7d138f36ea6b/gallery/6U3ohga3q/regular.jpg,https://d2dytk4tvgwhb4.cloudfront.net/duiyfppz/products/69fae239895b7d138f36ea6b/gallery/xEYmIBYqP/regular.jpg,https://d2dytk4tvgwhb4.cloudfront.net/duiyfppz/products/69fae239895b7d138f36ea6b/gallery/kutJu2Wa-/regular.jpg,https://d2dytk4tvgwhb4.cloudfront.net/duiyfppz/products/69fae239895b7d138f36ea6b/gallery/Gexjs2fSj/regular.jpg,https://d2dytk4tvgwhb4.cloudfront.net/duiyfppz/products/69fae239895b7d138f36ea6b/gallery/RZpMuMiD4/regular.jpg,https://d2dytk4tvgwhb4.cloudfront.net/duiyfppz/products/69fae239895b7d138f36ea6b/gallery/E04wMLL2S/regular.jpg","","HellaPrints","","","","","","harvester","https://hellaprints.com/piglet-daisy-wildflower-small-vintage-floral-everyday-carry-gift-quilted-tote-bag?utm_source=pinterest&utm_medium=cpc&utm_campaign=pinterest_shopping"
"69f8a0ca17fe228054565c4b","69f8a0ca17fe228054565c4b","Dark Skull Spider Jack-o-Lanterns Gothic Castle - Halloween Home Decor Gift Spare Tire Cover","Spare Tire Cover - spooky design featuring a monstrous skull spider, glowing orange eyes, and carved jack-o'-lanterns. Twisted bare trees and a distant gothic castle spire emerge from a stormy night sky, creating a richly rendered dark fantasy illustration. A meaningful pick for Halloween festivities and gothic-themed events. Well-suited for dark fantasy enthusiasts, gothic fans, and horror genre collectors. Add colors and some special twists to your car's rear end with our custom Spare Tire Cover. Other than a decoration accessory for your car, this Spare Tire Cover is also handy to protect your spare tire in ready-to-use condition. Product Details: • Multi-Function: Decorate the car's exterior and protect your car's spare tire against sunlight, rain, mud, and other harsh weather conditions. • Material: Waterproofing UV-Resistant fabric (118gr/m2). The material is light, soft, water and dust-proof, durable, and easy to clean. The material is tested to meet the color fastness standard TCVN 5823:1994. • Drawcord closure: Strong and durable 100% polypropylene drawcord keeps the cover firmly in place and ensures a snug fit. • Easy installation: Spare Tire Cover is easy to install and remove. Wrap the cover over the tire and then secure it with a cord lock. • Various sizes: Fits different car tires (27, 28, 29, 30, 32, and 34 inches in diameter). Why You'll Love It: • Protects your spare tire from harsh weather. • Adds a custom look to your car quickly. • Lightweight, durable, and easy to install. Care Instructions: • Wipe clean with a soft damp cloth. • Do not bleach.","https://hellaprints.com/dark-skull-spider-jack-o-lanterns-gothic-castle-halloween-home-decor-gift-spare-tire-cover","https://d2dytk4tvgwhb4.cloudfront.net/duiyfppz/products/69f8a0ca17fe228054565c4b/no-hole/QV9gAhHGns/regular.jpg","34.95 USD","in stock","new","Vehicles & Parts > Vehicle Parts & Accessories > Vehicle Covers > Spare Tire Covers","Spare Tire Covers","https://d2dytk4tvgwhb4.cloudfront.net/duiyfppz/products/69f8a0ca17fe228054565c4b/gallery/BxVT9Davkx/regular.jpg,https://d2dytk4tvgwhb4.cloudfront.net/duiyfppz/products/69f8a0ca17fe228054565c4b/gallery/L65s0w6JS4/regular.jpg,https://d2dytk4tvgwhb4.cloudfront.net/duiyfppz/products/69f8a0ca17fe228054565c4b/gallery/3lrcJ6TavB/regular.jpg,https://d2dytk4tvgwhb4.cloudfront.net/duiyfppz/products/69f8a0ca17fe228054565c4b/gallery/01Va18WffP/regular.jpg,https://d2dytk4tvgwhb4.cloudfront.net/duiyfppz/products/69f8a0ca17fe228054565c4b/gallery/iYTkt2l1dI/regular.jpg","","HellaPrints","","","","","","harvester","https://hellaprints.com/dark-skull-spider-jack-o-lanterns-gothic-castle-halloween-home-decor-gift-spare-tire-cover?utm_source=pinterest&utm_medium=cpc&utm_campaign=pinterest_shopping"
"69f7ea13086dfa64370ecfbd","69f7ea13086dfa64370ecfbd","Monochrome Distressed American Flag - Everyday USA Patriotism Spare Tire Cover","Spare Tire Cover - Everyday USA patriotism featuring a monochrome distressed American flag design. This artwork depicts a high-detail American flag with black and dark charcoal grey stripes, contrasted by white and light grey stars. Subtle weathered metallic textures and gritty grunge elements enhance its worn aesthetic. A meaningful pick for Independence Day, national holidays, and any patriotic display. A thoughtful gift for veterans, military families, and flag enthusiasts. Add colors and some special twists to your car's rear end with our custom Spare Tire Cover. Other than a decoration accessory for your car, this Spare Tire Cover is also handy to protect your spare tire in ready-to-use condition. Product Details: • Multi-Function: Decorate the car's exterior and protect your car's spare tire against sunlight, rain, mud, and other harsh weather conditions. • Material: Waterproofing UV-Resistant fabric (118gr/m2). The material is light, soft, water and dust-proof, durable, and easy to clean. The material is tested to meet the color fastness standard TCVN 5823:1994. • Drawcord closure: Strong and durable 100% polypropylene drawcord keeps the cover firmly in place and ensures a snug fit. • Easy installation: Spare Tire Cover is easy to install and remove. Wrap the cover over the tire and then secure it with a cord lock. • Various sizes: Fits different car tires (27, 28, 29, 30, 32, and 34 inches in diameter). Why You'll Love It: • Protects your spare tire from harsh weather. • Adds a custom look to your car quickly. • Lightweight, durable, and easy to install. Care Instructions: • Wipe clean with a soft damp cloth. • Do not bleach.","https://hellaprints.com/monochrome-distressed-american-flag-everyday-usa-patriotism-spare-tire-cover","https://d2dytk4tvgwhb4.cloudfront.net/duiyfppz/products/69f7ea13086dfa64370ecfbd/no-hole/5q9uykuG0e/regular.jpg","34.95 USD","in stock","new","Home & Garden > Lawn & Garden > Outdoor Living > Garden Flags","Garden Flags","https://d2dytk4tvgwhb4.cloudfront.net/duiyfppz/products/69f7ea13086dfa64370ecfbd/gallery/644_bdOq0x/regular.jpg,https://d2dytk4tvgwhb4.cloudfront.net/duiyfppz/products/69f7ea13086dfa64370ecfbd/gallery/0-VdfeOxXC/regular.jpg,https://d2dytk4tvgwhb4.cloudfront.net/duiyfppz/products/69f7ea13086dfa64370ecfbd/gallery/XQ_6XPh5mk/regular.jpg,https://d2dytk4tvgwhb4.cloudfront.net/duiyfppz/products/69f7ea13086dfa64370ecfbd/gallery/pRB91OygY8/regular.jpg,https://d2dytk4tvgwhb4.cloudfront.net/duiyfppz/products/69f7ea13086dfa64370ecfbd/gallery/faB5ldTpuz/regular.jpg","","HellaPrints","","","","","","harvester","https://hellaprints.com/monochrome-distressed-american-flag-everyday-usa-patriotism-spare-tire-cover?utm_source=pinterest&utm_medium=cpc&utm_campaign=pinterest_shopping"
"69f770c1300b01fbe6e5efb4","69f770c1300b01fbe6e5efb4","Black Bear Fallen Log Mountain Forest Lake - Wildlife Lover Gift Spare Tire Cover","Spare Tire Cover – realistic black bear nature scene featuring a majestic black bear confidently striding across a sturdy fallen log. Surrounding the bear are tall pine trees, a serene mountain lake, distant snow-capped mountains, and a clear blue sky, rendered with high-detail realistic illustration. This artwork is a great choice for outdoor enthusiasts and nature lovers, reflecting a timeless, premium feel. A thoughtful gift for fathers, grandfathers, and anyone who appreciates detailed wildlife art. Add colors and some special twists to your car's rear end with our custom Spare Tire Cover. Other than a decoration accessory for your car, this Spare Tire Cover is also handy to protect your spare tire in ready-to-use condition. Product Details: • Multi-Function: Decorate the car's exterior and protect your car's spare tire against sunlight, rain, mud, and other harsh weather conditions. • Material: Waterproofing UV-Resistant fabric (118gr/m2). The material is light, soft, water and dust-proof, durable, and easy to clean. The material is tested to meet the color fastness standard TCVN 5823:1994. • Drawcord closure: Strong and durable 100% polypropylene drawcord keeps the cover firmly in place and ensures a snug fit. • Easy installation: Spare Tire Cover is easy to install and remove. Wrap the cover over the tire and then secure it with a cord lock. • Various sizes: Fits different car tires (27, 28, 29, 30, 32, and 34 inches in diameter). Why You'll Love It: • Protects your spare tire from harsh weather. • Adds a custom look to your car quickly. • Lightweight, durable, and easy to install. Care Instructions: • Wipe clean with a soft damp cloth. • Do not bleach.","https://hellaprints.com/black-bear-fallen-log-mountain-forest-lake-wildlife-lover-gift-spare-tire-cover","https://d2dytk4tvgwhb4.cloudfront.net/duiyfppz/products/69f770c1300b01fbe6e5efb4/no-hole/HEtkEcC8Hp/regular.jpg","34.95 USD","in stock","new","Vehicles & Parts > Vehicle Parts & Accessories > Vehicle Covers > Spare Tire Covers","Spare Tire Covers","https://d2dytk4tvgwhb4.cloudfront.net/duiyfppz/products/69f770c1300b01fbe6e5efb4/gallery/NjHwKpQ2SZ/regular.jpg,https://d2dytk4tvgwhb4.cloudfront.net/duiyfppz/products/69f770c1300b01fbe6e5efb4/gallery/V58ojgoAnG/regular.jpg,https://d2dytk4tvgwhb4.cloudfront.net/duiyfppz/products/69f770c1300b01fbe6e5efb4/gallery/s2qd1omecL/regular.jpg,https://d2dytk4tvgwhb4.cloudfront.net/duiyfppz/products/69f770c1300b01fbe6e5efb4/gallery/dbajFUfAbF/regular.jpg,https://d2dytk4tvgwhb4.cloudfront.net/duiyfppz/products/69f770c1300b01fbe6e5efb4/gallery/EZw20H28zZ/regular.jpg","","HellaPrints","","","","","","harvester","https://hellaprints.com/black-bear-fallen-log-mountain-forest-lake-wildlife-lover-gift-spare-tire-cover?utm_source=pinterest&utm_medium=cpc&utm_campaign=pinterest_shopping"
"69f76aac01fc008d56c09af1","69f76aac01fc008d56c09af1","Majestic Moose Antlers Forest Landscape - Wildlife Lover Outdoor Gift Spare Tire Cover","Spare Tire Cover - Majestic Moose Design featuring broad antlers and an evergreen forest landscape. This high-detail realistic digital painting captures a large moose with textured fur, its intelligent gaze set amidst a serene, misty forest. The rich naturalistic color palette of dark browns, forest green, and atmospheric greige creates atmospheric depth. A meaningful choice for wildlife lovers, outdoor adventurers, and those who appreciate the beauty of natural forest scenes. Add colors and some special twists to your car's rear end with our custom Spare Tire Cover. Other than a decoration accessory for your car, this Spare Tire Cover is also handy to protect your spare tire in ready-to-use condition. Product Details: • Multi-Function: Decorate the car's exterior and protect your car's spare tire against sunlight, rain, mud, and other harsh weather conditions. • Material: Waterproofing UV-Resistant fabric (118gr/m2). The material is light, soft, water and dust-proof, durable, and easy to clean. The material is tested to meet the color fastness standard TCVN 5823:1994. • Drawcord closure: Strong and durable 100% polypropylene drawcord keeps the cover firmly in place and ensures a snug fit. • Easy installation: Spare Tire Cover is easy to install and remove. Wrap the cover over the tire and then secure it with a cord lock. • Various sizes: Fits different car tires (27, 28, 29, 30, 32, and 34 inches in diameter). Why You'll Love It: • Protects your spare tire from harsh weather. • Adds a custom look to your car quickly. • Lightweight, durable, and easy to install. Care Instructions: • Wipe clean with a soft damp cloth. • Do not bleach.","https://hellaprints.com/majestic-moose-antlers-forest-landscape-wildlife-lover-outdoor-gift-spare-tire-cover","https://d2dytk4tvgwhb4.cloudfront.net/duiyfppz/products/69f76aac01fc008d56c09af1/no-hole/VpGyj-s-tp/regular.jpg","34.95 USD","in stock","new","Vehicles & Parts > Vehicle Parts & Accessories > Vehicle Covers > Spare Tire Covers","Spare Tire Covers","https://d2dytk4tvgwhb4.cloudfront.net/duiyfppz/products/69f76aac01fc008d56c09af1/gallery/qB8yMIld_1/regular.jpg,https://d2dytk4tvgwhb4.cloudfront.net/duiyfppz/products/69f76aac01fc008d56c09af1/gallery/DcalDOE7xI/regular.jpg,https://d2dytk4tvgwhb4.cloudfront.net/duiyfppz/products/69f76aac01fc008d56c09af1/gallery/GBQsEOso4i/regular.jpg,https://d2dytk4tvgwhb4.cloudfront.net/duiyfppz/products/69f76aac01fc008d56c09af1/gallery/hREXN1837B/regular.jpg,https://d2dytk4tvgwhb4.cloudfront.net/duiyfppz/products/69f76aac01fc008d56c09af1/gallery/pqK2QIKuMF/regular.jpg","","HellaPrints","","","","","","harvester","https://hellaprints.com/majestic-moose-antlers-forest-landscape-wildlife-lover-outdoor-gift-spare-tire-cover?utm_source=pinterest&utm_medium=cpc&utm_campaign=pinterest_shopping"
"69f764e601fc0018adc087f3","69f764e601fc0018adc087f3","Silhouetted Palm Trees Tropical Sunset Beach - Beach Lover Travel Essentials Gift Spare Tire Cover","Spare Tire Cover - tropical vista design featuring prominent silhouetted palm trees on a small tropical beach at sunset. This richly rendered artwork showcases a continuous tropical vista, where a vibrant gradient sunset sky meets a calm tropical ocean, framed by subtle foliage. A meaningful pick for tropical travel adventures and enjoying scenic views. Add colors and some special twists to your car's rear end with our custom Spare Tire Cover. Other than a decoration accessory for your car, this Spare Tire Cover is also handy to protect your spare tire in ready-to-use condition. Product Details: • Multi-Function: Decorate the car's exterior and protect your car's spare tire against sunlight, rain, mud, and other harsh weather conditions. • Material: Waterproofing UV-Resistant fabric (118gr/m2). The material is light, soft, water and dust-proof, durable, and easy to clean. The material is tested to meet the color fastness standard TCVN 5823:1994. • Drawcord closure: Strong and durable 100% polypropylene drawcord keeps the cover firmly in place and ensures a snug fit. • Easy installation: Spare Tire Cover is easy to install and remove. Wrap the cover over the tire and then secure it with a cord lock. • Various sizes: Fits different car tires (27, 28, 29, 30, 32, and 34 inches in diameter). Why You'll Love It: • Protects your spare tire from harsh weather. • Adds a custom look to your car quickly. • Lightweight, durable, and easy to install. Care Instructions: • Wipe clean with a soft damp cloth. • Do not bleach.","https://hellaprints.com/silhouetted-palm-trees-tropical-sunset-beach-beach-lover-travel-essentials-gift-spare-tire-cover","https://d2dytk4tvgwhb4.cloudfront.net/duiyfppz/products/69f764e601fc0018adc087f3/no-hole/IReU4BOr70/regular.jpg","34.95 USD","in stock","new","Vehicles & Parts > Vehicle Parts & Accessories > Vehicle Covers > Spare Tire Covers","Spare Tire Covers","https://d2dytk4tvgwhb4.cloudfront.net/duiyfppz/products/69f764e601fc0018adc087f3/gallery/SLZXxlFFKz/regular.jpg,https://d2dytk4tvgwhb4.cloudfront.net/duiyfppz/products/69f764e601fc0018adc087f3/gallery/BLqBy8udhb/regular.jpg,https://d2dytk4tvgwhb4.cloudfront.net/duiyfppz/products/69f764e601fc0018adc087f3/gallery/KmoUtVwV_E/regular.jpg,https://d2dytk4tvgwhb4.cloudfront.net/duiyfppz/products/69f764e601fc0018adc087f3/gallery/4ZPsH4PoXs/regular.jpg,https://d2dytk4tvgwhb4.cloudfront.net/duiyfppz/products/69f764e601fc0018adc087f3/gallery/eulvSNnaBc/regular.jpg","","HellaPrints","","","","","","harvester","https://hellaprints.com/silhouetted-palm-trees-tropical-sunset-beach-beach-lover-travel-essentials-gift-spare-tire-cover?utm_source=pinterest&utm_medium=cpc&utm_campaign=pinterest_shopping"
"69f74e41300b013c76e54913","69f74e41300b013c76e54913","Majestic Realistic Black Bear Gnarled Log Forest Lake Mountain - Starry Night Gift Spare Tire Cover","Spare Tire Cover - Majestic black bear design set in a detailed dark wilderness landscape under a vibrant starry night sky. This high-detail realistic digital painting depicts a majestic black bear with prominent claws on a gnarled log, surrounded by dense forests, a calm lake, and distant snow-capped mountains. It is a meaningful choice for outdoor adventures, camping trips, and celebrating the beauty of natural wildlife. Add colors and some special twists to your car's rear end with our custom Spare Tire Cover. Other than a decoration accessory for your car, this Spare Tire Cover is also handy to protect your spare tire in ready-to-use condition. Product Details: • Multi-Function: Decorate the car's exterior and protect your car's spare tire against sunlight, rain, mud, and other harsh weather conditions. • Material: Waterproofing UV-Resistant fabric (118gr/m2). The material is light, soft, water and dust-proof, durable, and easy to clean. The material is tested to meet the color fastness standard TCVN 5823:1994. • Drawcord closure: Strong and durable 100% polypropylene drawcord keeps the cover firmly in place and ensures a snug fit. • Easy installation: Spare Tire Cover is easy to install and remove. Wrap the cover over the tire and then secure it with a cord lock. • Various sizes: Fits different car tires (27, 28, 29, 30, 32, and 34 inches in diameter). Why You'll Love It: • Protects your spare tire from harsh weather. • Adds a custom look to your car quickly. • Lightweight, durable, and easy to install. Care Instructions: • Wipe clean with a soft damp cloth. • Do not bleach.","https://hellaprints.com/majestic-realistic-black-bear-gnarled-log-forest-lake-mountain-starry-night-gift-spare-tire-cover","https://d2dytk4tvgwhb4.cloudfront.net/duiyfppz/products/69f74e41300b013c76e54913/no-hole/h1WRHas6Xt/regular.jpg","34.95 USD","in stock","new","Vehicles & Parts > Vehicle Parts & Accessories > Vehicle Covers > Spare Tire Covers","Spare Tire Covers","https://d2dytk4tvgwhb4.cloudfront.net/duiyfppz/products/69f74e41300b013c76e54913/gallery/YLH-DUirvS/regular.jpg,https://d2dytk4tvgwhb4.cloudfront.net/duiyfppz/products/69f74e41300b013c76e54913/gallery/tm32wqtORd/regular.jpg,https://d2dytk4tvgwhb4.cloudfront.net/duiyfppz/products/69f74e41300b013c76e54913/gallery/DkWRLiSAyx/regular.jpg,https://d2dytk4tvgwhb4.cloudfront.net/duiyfppz/products/69f74e41300b013c76e54913/gallery/aPxMD-gnhh/regular.jpg,https://d2dytk4tvgwhb4.cloudfront.net/duiyfppz/products/69f74e41300b013c76e54913/gallery/9M15Gp9jNE/regular.jpg","","HellaPrints","","","","","","harvester","https://hellaprints.com/majestic-realistic-black-bear-gnarled-log-forest-lake-mountain-starry-night-gift-spare-tire-cover?utm_source=pinterest&utm_medium=cpc&utm_campaign=pinterest_shopping"
"69f746ea300b0180f6e53d17","69f746ea300b0180f6e53d17","Majestic Bull Elk Antlers Snowy Mountain Pine Forest - Wildlife Lover Gift Spare Tire Cover","Spare Tire Cover - serene winter mountainous wilderness design featuring a majestic male elk with large antlers. This realistic painting captures a bull elk in a snowy landscape, surrounded by snow-covered pine trees and frosted bushes, illuminated by soft golden light. A great choice for wildlife enthusiasts, outdoor adventurers, and those who appreciate breathtaking winter scenes. A thoughtful gift for fathers, grandfathers, and husbands who cherish wilderness and nature. Add colors and some special twists to your car's rear end with our custom Spare Tire Cover. Other than a decoration accessory for your car, this Spare Tire Cover is also handy to protect your spare tire in ready-to-use condition. Product Details: • Multi-Function: Decorate the car's exterior and protect your car's spare tire against sunlight, rain, mud, and other harsh weather conditions. • Material: Waterproofing UV-Resistant fabric (118gr/m2). The material is light, soft, water and dust-proof, durable, and easy to clean. The material is tested to meet the color fastness standard TCVN 5823:1994. • Drawcord closure: Strong and durable 100% polypropylene drawcord keeps the cover firmly in place and ensures a snug fit. • Easy installation: Spare Tire Cover is easy to install and remove. Wrap the cover over the tire and then secure it with a cord lock. • Various sizes: Fits different car tires (27, 28, 29, 30, 32, and 34 inches in diameter). Why You'll Love It: • Protects your spare tire from harsh weather. • Adds a custom look to your car quickly. • Lightweight, durable, and easy to install. Care Instructions: • Wipe clean with a soft damp cloth. • Do not bleach","https://hellaprints.com/majestic-bull-elk-antlers-snowy-mountain-pine-forest-wildlife-lover-gift-spare-tire-cover","https://d2dytk4tvgwhb4.cloudfront.net/duiyfppz/products/69f746ea300b0180f6e53d17/no-hole/hZzCdjw0uQ/regular.jpg","34.95 USD","in stock","new","Vehicles & Parts > Vehicle Parts & Accessories > Vehicle Covers > Spare Tire Covers","Spare Tire Covers","https://d2dytk4tvgwhb4.cloudfront.net/duiyfppz/products/69f746ea300b0180f6e53d17/gallery/olZgpTEDkD/regular.jpg,https://d2dytk4tvgwhb4.cloudfront.net/duiyfppz/products/69f746ea300b0180f6e53d17/gallery/SNq2WTW04d/regular.jpg,https://d2dytk4tvgwhb4.cloudfront.net/duiyfppz/products/69f746ea300b0180f6e53d17/gallery/lf5cPi7c89/regular.jpg,https://d2dytk4tvgwhb4.cloudfront.net/duiyfppz/products/69f746ea300b0180f6e53d17/gallery/f4aqGItqfs/regular.jpg,https://d2dytk4tvgwhb4.cloudfront.net/duiyfppz/products/69f746ea300b0180f6e53d17/gallery/PuLhPi6B4K/regular.jpg","","HellaPrints","","","","","","harvester","https://hellaprints.com/majestic-bull-elk-antlers-snowy-mountain-pine-forest-wildlife-lover-gift-spare-tire-cover?utm_source=pinterest&utm_medium=cpc&utm_campaign=pinterest_shopping"
"69f72aa701fc001405bf7f61","69f72aa701fc001405bf7f61","Rainbow Trout Fishing Fly Leaping Water - Fishing Enthusiast Gift Spare Tire Cover","Spare Tire Cover - Leaping rainbow trout fishing design capturing vibrant water action. This artwork showcases an iridescent rainbow trout dynamically leaping from turbulent water, attempting to catch a detailed brown fishing fly. The continuous full-canvas composition features deep blue-green aquatic textures with subtle light rays. Its high-detail realistic digital painting style and strong volumetric rendering make it a well-suited pick for fishing enthusiasts. Add colors and some special twists to your car's rear end with our custom Spare Tire Cover. Other than a decoration accessory for your car, this Spare Tire Cover is also handy to protect your spare tire in ready-to-use condition. Product Details: • Multi-Function: Decorate the car's exterior and protect your car's spare tire against sunlight, rain, mud, and other harsh weather conditions. • Material: Waterproofing UV-Resistant fabric (118gr/m2). The material is light, soft, water and dust-proof, durable, and easy to clean. The material is tested to meet the color fastness standard TCVN 5823:1994. • Drawcord closure: Strong and durable 100% polypropylene drawcord keeps the cover firmly in place and ensures a snug fit. • Easy installation: Spare Tire Cover is easy to install and remove. Wrap the cover over the tire and then secure it with a cord lock. • Various sizes: Fits different car tires (27, 28, 29, 30, 32, and 34 inches in diameter). Why You'll Love It: • Protects your spare tire from harsh weather. • Adds a custom look to your car quickly. • Lightweight, durable, and easy to install. Care Instructions: • Wipe clean with a soft damp cloth. • Do not bleach.","https://hellaprints.com/rainbow-trout-fishing-fly-leaping-water-fishing-enthusiast-gift-spare-tire-cover","https://d2dytk4tvgwhb4.cloudfront.net/duiyfppz/products/69f72aa701fc001405bf7f61/no-hole/T_AHgaVWmS/regular.jpg","34.95 USD","in stock","new","Vehicles & Parts > Vehicle Parts & Accessories > Vehicle Covers > Spare Tire Covers","Spare Tire Covers","https://d2dytk4tvgwhb4.cloudfront.net/duiyfppz/products/69f72aa701fc001405bf7f61/gallery/J26WNe2yZb/regular.jpg,https://d2dytk4tvgwhb4.cloudfront.net/duiyfppz/products/69f72aa701fc001405bf7f61/gallery/7hq_OlNAHj/regular.jpg,https://d2dytk4tvgwhb4.cloudfront.net/duiyfppz/products/69f72aa701fc001405bf7f61/gallery/YS3eq56SzX/regular.jpg,https://d2dytk4tvgwhb4.cloudfront.net/duiyfppz/products/69f72aa701fc001405bf7f61/gallery/V9wajtHITh/regular.jpg,https://d2dytk4tvgwhb4.cloudfront.net/duiyfppz/products/69f72aa701fc001405bf7f61/gallery/SEOf5VoQFK/regular.jpg","","HellaPrints","","","","","","harvester","https://hellaprints.com/rainbow-trout-fishing-fly-leaping-water-fishing-enthusiast-gift-spare-tire-cover?utm_source=pinterest&utm_medium=cpc&utm_campaign=pinterest_shopping"
"69f6e31b9bc8b25fe2ea2747","69f6e31b9bc8b25fe2ea2747","Ladybug Off-White Black Eyes Red Spotted Carapace - Wildlife Lover Gift Car Sunshade","Car Sunshade - charming ladybug design featuring expressive off-white black eyes and a red spotted carapace. A sleek, deep black head adorned with delicate white speckles frames the primary visual anchor, complemented by the curving vibrant red shell. Enriched with hints of glistening dew drops and soft organic patterns, this artwork offers strong visual impact, a great choice for wildlife lovers and nature enthusiasts. Don’t need to worry about your car interior getting beaten up by the harsh sunlight. This car sunshade will block the sunlight from entering the cabin and keep your interior intact and long-lasting. More than just a handy car sunshade, it is also an interesting car accessory. Product Details: • High-quality material with reflective mylar film on one side: Effectively blocks direct sunlight and heat to keep the interior cool even when the car is parked outside on a sunny day. It helps protect your dashboard and interior materials from fading or degrading due to heat and UV damage. • Easy setup: The car sunshade comes with two rubber suction cups that help it stick firmly to the windshield. It is also easy to install and remove. • Compact and lightweight: You can easily fold it up, keep it inside the car, and install it whenever needed. • Carefully bound edges for a clean finished look and extended durability. • Sublimation printing provides a vibrant and high-quality print. • Size: 57 x 27.5 inch - Universal size that fits the windshield of most cars. Why You Will Love It: • Blocks harsh sunlight and helps keep your car cabin noticeably cooler. • Protects your dashboard and interior from fading, cracking, and UV damage. • Quick and secure to use with suction cups for everyday convenience. • Folds down neatly for compact storage when not in use. • Adds both protection and personality as a practical car accessory. Care Instructions: • Wipe clean with a soft damp cloth. • Do not bleach. • Air dry only.","https://hellaprints.com/ladybug-off-white-black-eyes-red-spotted-carapace-wildlife-lover-gift-car-sunshade","https://d2dytk4tvgwhb4.cloudfront.net/duiyfppz/products/69f6e31b9bc8b25fe2ea2747/57-x-27-5/PmZ-H823st/regular.jpg","41.95 USD","in stock","new","Vehicles & Parts > Vehicle Parts & Accessories > Vehicle Sunshades","Vehicle Sunshades","https://d2dytk4tvgwhb4.cloudfront.net/duiyfppz/products/69f6e31b9bc8b25fe2ea2747/gallery/XZpB3SI4Ia/regular.jpg,https://d2dytk4tvgwhb4.cloudfront.net/duiyfppz/products/69f6e31b9bc8b25fe2ea2747/gallery/CgewQWHbST/regular.jpg,https://d2dytk4tvgwhb4.cloudfront.net/duiyfppz/products/69f6e31b9bc8b25fe2ea2747/gallery/cCdhd_k-Oo/regular.jpg,https://d2dytk4tvgwhb4.cloudfront.net/duiyfppz/products/69f6e31b9bc8b25fe2ea2747/gallery/hoNYwJxaKs/regular.jpg,https://d2dytk4tvgwhb4.cloudfront.net/duiyfppz/products/69f6e31b9bc8b25fe2ea2747/gallery/7e1ktJZ31y/regular.jpg,https://d2dytk4tvgwhb4.cloudfront.net/duiyfppz/products/69f6e31b9bc8b25fe2ea2747/gallery/nCeuKkMlqB/regular.jpg","","HellaPrints","","","57 x 27.5","","","harvester","https://hellaprints.com/ladybug-off-white-black-eyes-red-spotted-carapace-wildlife-lover-gift-car-sunshade?utm_source=pinterest&utm_medium=cpc&utm_campaign=pinterest_shopping"
"69f5c6f4cc88e007730e24af","69f5c6f4cc88e007730e24af","Ghostly Pirate Ship Stormy Ocean Full Moon - Adventure Lover Gift Spare Tire Cover","Spare Tire Cover - featuring a haunting ghostly pirate ship battling turbulent ocean waves. This high-detail artwork depicts the ship with tattered black sails and a dark hull, surrounded by soaring ravens under a dramatic, heavily clouded night sky and a luminous full moon. This powerful imagery offers a bold statement for those who appreciate maritime legends and dramatic nautical scenes. A great choice for drivers, explorers, and adventure lovers. Add colors and some special twists to your car's rear end with our custom Spare Tire Cover. Other than a decoration accessory for your car, this Spare Tire Cover is also handy to protect your spare tire in ready-to-use condition. Product Details: • Multi-Function: Decorate the car's exterior and protect your car's spare tire against sunlight, rain, mud, and other harsh weather conditions. • Material: Waterproofing UV-Resistant fabric (118gr/m2). The material is light, soft, water and dust-proof, durable, and easy to clean. The material is tested to meet the color fastness standard TCVN 5823:1994. • Drawcord closure: Strong and durable 100% polypropylene drawcord keeps the cover firmly in place and ensures a snug fit. • Easy installation: Spare Tire Cover is easy to install and remove. Wrap the cover over the tire and then secure it with a cord lock. • Various sizes: Fits different car tires (27, 28, 29, 30, 32, and 34 inches in diameter). Why You'll Love It: • Protects your spare tire from harsh weather. • Adds a custom look to your car quickly. • Lightweight, durable, and easy to install. Care Instructions: • Wipe clean with a soft damp cloth. • Do not bleach","https://hellaprints.com/ghostly-pirate-ship-stormy-ocean-full-moon-adventure-lover-gift-spare-tire-cover","https://d2dytk4tvgwhb4.cloudfront.net/duiyfppz/products/69f5c6f4cc88e007730e24af/no-hole/KOeIGKuDtZ/regular.jpg","34.95 USD","in stock","new","Vehicles & Parts > Vehicle Parts & Accessories > Vehicle Covers > Spare Tire Covers","Spare Tire Covers","https://d2dytk4tvgwhb4.cloudfront.net/duiyfppz/products/69f5c6f4cc88e007730e24af/gallery/TKqNn5tEaa/regular.jpg,https://d2dytk4tvgwhb4.cloudfront.net/duiyfppz/products/69f5c6f4cc88e007730e24af/gallery/3pM5lGkZGg/regular.jpg,https://d2dytk4tvgwhb4.cloudfront.net/duiyfppz/products/69f5c6f4cc88e007730e24af/gallery/-dQuVdb3PA/regular.jpg,https://d2dytk4tvgwhb4.cloudfront.net/duiyfppz/products/69f5c6f4cc88e007730e24af/gallery/RDRePAqQhf/regular.jpg,https://d2dytk4tvgwhb4.cloudfront.net/duiyfppz/products/69f5c6f4cc88e007730e24af/gallery/UIKNFDzfPw/regular.jpg","","HellaPrints","","","","","","harvester","https://hellaprints.com/ghostly-pirate-ship-stormy-ocean-full-moon-adventure-lover-gift-spare-tire-cover?utm_source=pinterest&utm_medium=cpc&utm_campaign=pinterest_shopping"
"69f5c686a773ff3e7a99a146","69f5c686a773ff3e7a99a146","Bigfoot Full Moon Forest Night Sky Mountains - Wildlife Lover Gift Spare Tire Cover","Spare Tire Cover - Bigfoot Full Moon Forest Night Sky Mountains design, showcasing a prominent Bigfoot silhouette. This high-detail illustration captures an imposing Bigfoot walking through a dense forest, framed by towering pine and spruce trees under an immense, detailed full moon and star-filled night sky. A great choice for outdoor explorers and a thoughtful wildlife lover gift. Add colors and some special twists to your car's rear end with our custom Spare Tire Cover. Other than a decoration accessory for your car, this Spare Tire Cover is also handy to protect your spare tire in ready-to-use condition. Product Details: • Multi-Function: Decorate the car's exterior and protect your car's spare tire against sunlight, rain, mud, and other harsh weather conditions. • Material: Waterproofing UV-Resistant fabric (118gr/m2). The material is light, soft, water and dust-proof, durable, and easy to clean. The material is tested to meet the color fastness standard TCVN 5823:1994. • Drawcord closure: Strong and durable 100% polypropylene drawcord keeps the cover firmly in place and ensures a snug fit. • Easy installation: Spare Tire Cover is easy to install and remove. Wrap the cover over the tire and then secure it with a cord lock. • Various sizes: Fits different car tires (27, 28, 29, 30, 32, and 34 inches in diameter). Why You'll Love It: • Protects your spare tire from harsh weather. • Adds a custom look to your car quickly. • Lightweight, durable, and easy to install. Care Instructions: • Wipe clean with a soft damp cloth. • Do not bleach.","https://hellaprints.com/bigfoot-full-moon-forest-night-sky-mountains-wildlife-lover-gift-spare-tire-cover","https://d2dytk4tvgwhb4.cloudfront.net/duiyfppz/products/69f5c686a773ff3e7a99a146/no-hole/WD-sMeL4x3/regular.jpg","34.95 USD","in stock","new","Vehicles & Parts > Vehicle Parts & Accessories > Vehicle Covers > Spare Tire Covers","Spare Tire Covers","https://d2dytk4tvgwhb4.cloudfront.net/duiyfppz/products/69f5c686a773ff3e7a99a146/gallery/VmXaPZLjxD/regular.jpg,https://d2dytk4tvgwhb4.cloudfront.net/duiyfppz/products/69f5c686a773ff3e7a99a146/gallery/wc9rATAH-n/regular.jpg,https://d2dytk4tvgwhb4.cloudfront.net/duiyfppz/products/69f5c686a773ff3e7a99a146/gallery/W0ChzzqJtt/regular.jpg,https://d2dytk4tvgwhb4.cloudfront.net/duiyfppz/products/69f5c686a773ff3e7a99a146/gallery/RejI9BfyPO/regular.jpg,https://d2dytk4tvgwhb4.cloudfront.net/duiyfppz/products/69f5c686a773ff3e7a99a146/gallery/u5cOcio-7n/regular.jpg","","HellaPrints","","","","","","harvester","https://hellaprints.com/bigfoot-full-moon-forest-night-sky-mountains-wildlife-lover-gift-spare-tire-cover?utm_source=pinterest&utm_medium=cpc&utm_campaign=pinterest_shopping"
"69f4f47a1fbf94758fcb57fe","69f4f47a1fbf94758fcb57fe","Compass Rose Mountain Pine Trees always take the scenic route - Adventure Gift Spare Tire Cover","Spare Tire Cover - featuring a dynamic compass rose, majestic mountain range, and stylized pine trees with the motto 'ALWAYS TAKE THE SCENIC ROUTE'. This high-contrast graphic illustration boasts stylized realism for natural elements, blending rich textures of weathered rock and swirling mists on a deep black background. A meaningful pick for outdoor journeys, road trips, and any occasion celebrating adventure and exploration. This unique design makes a thoughtful present for outdoor enthusiasts, travel lovers, and road trip adventurers. Add colors and some special twists to your car's rear end with our custom Spare Tire Cover. Other than a decoration accessory for your car, this Spare Tire Cover is also handy to protect your spare tire in ready-to-use condition. Product Details: • Multi-Function: Decorate the car's exterior and protect your car's spare tire against sunlight, rain, mud, and other harsh weather conditions. • Material: Waterproofing UV-Resistant fabric (118gr/m2). The material is light, soft, water and dust-proof, durable, and easy to clean. The material is tested to meet the color fastness standard TCVN 5823:1994. • Drawcord closure: Strong and durable 100% polypropylene drawcord keeps the cover firmly in place and ensures a snug fit. • Easy installation: Spare Tire Cover is easy to install and remove. Wrap the cover over the tire and then secure it with a cord lock. • Various sizes: Fits different car tires (27, 28, 29, 30, 32, and 34 inches in diameter). Why You'll Love It: • Protects your spare tire from harsh weather. • Adds a custom look to your car quickly. • Lightweight, durable, and easy to install. Care Instructions: • Wipe clean with a soft damp cloth. • Do not bleach.","https://hellaprints.com/compass-rose-mountain-pine-trees-always-take-the-scenic-route-adventure-gift-spare-tire-cover","https://d2dytk4tvgwhb4.cloudfront.net/duiyfppz/products/69f4f47a1fbf94758fcb57fe/no-hole/_kSp6rKs0W/regular.jpg","34.95 USD","in stock","new","Vehicles & Parts > Vehicle Parts & Accessories > Vehicle Covers > Spare Tire Covers","Spare Tire Covers","https://d2dytk4tvgwhb4.cloudfront.net/duiyfppz/products/69f4f47a1fbf94758fcb57fe/gallery/g9wX5847Ma/regular.jpg,https://d2dytk4tvgwhb4.cloudfront.net/duiyfppz/products/69f4f47a1fbf94758fcb57fe/gallery/buh6zeEFER/regular.jpg,https://d2dytk4tvgwhb4.cloudfront.net/duiyfppz/products/69f4f47a1fbf94758fcb57fe/gallery/5OxG3hVvqR/regular.jpg,https://d2dytk4tvgwhb4.cloudfront.net/duiyfppz/products/69f4f47a1fbf94758fcb57fe/gallery/D3qnRXJfFZ/regular.jpg,https://d2dytk4tvgwhb4.cloudfront.net/duiyfppz/products/69f4f47a1fbf94758fcb57fe/gallery/0u6vXsUpCY/regular.jpg","","HellaPrints","","","","","","harvester","https://hellaprints.com/compass-rose-mountain-pine-trees-always-take-the-scenic-route-adventure-gift-spare-tire-cover?utm_source=pinterest&utm_medium=cpc&utm_campaign=pinterest_shopping"
"69f4efeacc88e0f3060d8db4","69f4efeacc88e0f3060d8db4","Mystical Wolf Head Fiery Embers - Fantasy Lover Gift Spare Tire Cover","Spare Tire Cover features a majestic grey wolf head, its intense glowing orange-red eyes radiating power amidst fiery orange and red sparks. This high-detail realistic illustration captures the wolf's formidable expression and believable fur texture in dark charcoal gray and warm brown. This captivating design is well-suited for wildlife enthusiasts, fantasy art collectors, and anyone seeking a powerful statement piece. Add colors and some special twists to your car's rear end with our custom Spare Tire Cover. Other than a decoration accessory for your car, this Spare Tire Cover is also handy to protect your spare tire in ready-to-use condition. Product Details: • Multi-Function: Decorate the car's exterior and protect your car's spare tire against sunlight, rain, mud, and other harsh weather conditions. • Material: Waterproofing UV-Resistant fabric (118gr/m2). The material is light, soft, water and dust-proof, durable, and easy to clean. The material is tested to meet the color fastness standard TCVN 5823:1994. • Drawcord closure: Strong and durable 100% polypropylene drawcord keeps the cover firmly in place and ensures a snug fit. • Easy installation: Spare Tire Cover is easy to install and remove. Wrap the cover over the tire and then secure it with a cord lock. • Various sizes: Fits different car tires (27, 28, 29, 30, 32, and 34 inches in diameter). Why You'll Love It: • Protects your spare tire from harsh weather. • Adds a custom look to your car quickly. • Lightweight, durable, and easy to install. Care Instructions: • Wipe clean with a soft damp cloth. • Do not bleach.","https://hellaprints.com/mystical-wolf-head-fiery-embers-fantasy-lover-gift-spare-tire-cover","https://d2dytk4tvgwhb4.cloudfront.net/duiyfppz/products/69f4efeacc88e0f3060d8db4/no-hole/QVXZMebR2Y/regular.jpg","34.95 USD","in stock","new","Vehicles & Parts > Vehicle Parts & Accessories > Vehicle Covers > Spare Tire Covers","Spare Tire Covers","https://d2dytk4tvgwhb4.cloudfront.net/duiyfppz/products/69f4efeacc88e0f3060d8db4/gallery/jDxdXkzB0I/regular.jpg,https://d2dytk4tvgwhb4.cloudfront.net/duiyfppz/products/69f4efeacc88e0f3060d8db4/gallery/XRK5ZfwjOG/regular.jpg,https://d2dytk4tvgwhb4.cloudfront.net/duiyfppz/products/69f4efeacc88e0f3060d8db4/gallery/tXNSeonSdW/regular.jpg,https://d2dytk4tvgwhb4.cloudfront.net/duiyfppz/products/69f4efeacc88e0f3060d8db4/gallery/31bgm6Qlyk/regular.jpg,https://d2dytk4tvgwhb4.cloudfront.net/duiyfppz/products/69f4efeacc88e0f3060d8db4/gallery/P3ub1JcsNs/regular.jpg","","HellaPrints","","","","","","harvester","https://hellaprints.com/mystical-wolf-head-fiery-embers-fantasy-lover-gift-spare-tire-cover?utm_source=pinterest&utm_medium=cpc&utm_campaign=pinterest_shopping"
"69f4ea8ca773ff2a1e9906a3","69f4ea8ca773ff2a1e9906a3","Black Bear Crimson Eyes Mountain Wilderness Starry Night - Wildlife Gift Spare Tire Cover","Spare Tire Cover featuring a powerful black bear with piercing crimson eyes amidst a majestic mountain wilderness. This high-contrast stylized digital painting depicts the bear walking through shallow water, its reflection mirroring a cosmic star-filled night sky above dense evergreen forests and rugged peaks. A meaningful choice for anyone who appreciates deep wilderness scenes and natural beauty, designed for wildlife lover interests. A thoughtful gift for nature enthusiasts, outdoor adventurers, and those who cherish the untamed spirit of the mountains. Add colors and some special twists to your car's rear end with our custom Spare Tire Cover. Other than a decoration accessory for your car, this Spare Tire Cover is also handy to protect your spare tire in ready-to-use condition. Product Details: • Multi-Function: Decorate the car's exterior and protect your car's spare tire against sunlight, rain, mud, and other harsh weather conditions. • Material: Waterproofing UV-Resistant fabric (118gr/m2). The material is light, soft, water and dust-proof, durable, and easy to clean. The material is tested to meet the color fastness standard TCVN 5823:1994. • Drawcord closure: Strong and durable 100% polypropylene drawcord keeps the cover firmly in place and ensures a snug fit. • Easy installation: Spare Tire Cover is easy to install and remove. Wrap the cover over the tire and then secure it with a cord lock. • Various sizes: Fits different car tires (27, 28, 29, 30, 32, and 34 inches in diameter). Why You'll Love It: • Protects your spare tire from harsh weather. • Adds a custom look to your car quickly. • Lightweight, durable, and easy to install. Care Instructions: • Wipe clean with a soft damp cloth. • Do not bleach.","https://hellaprints.com/black-bear-crimson-eyes-mountain-wilderness-starry-night-wildlife-gift-spare-tire-cover","https://d2dytk4tvgwhb4.cloudfront.net/duiyfppz/products/69f4ea8ca773ff2a1e9906a3/no-hole/q5J_1sXv4f/regular.jpg","34.95 USD","in stock","new","Vehicles & Parts > Vehicle Parts & Accessories > Vehicle Covers > Spare Tire Covers","Spare Tire Covers","https://d2dytk4tvgwhb4.cloudfront.net/duiyfppz/products/69f4ea8ca773ff2a1e9906a3/gallery/BgOVZ1Obmu/regular.jpg,https://d2dytk4tvgwhb4.cloudfront.net/duiyfppz/products/69f4ea8ca773ff2a1e9906a3/gallery/UBjucqSa0a/regular.jpg,https://d2dytk4tvgwhb4.cloudfront.net/duiyfppz/products/69f4ea8ca773ff2a1e9906a3/gallery/vunMtlSdch/regular.jpg,https://d2dytk4tvgwhb4.cloudfront.net/duiyfppz/products/69f4ea8ca773ff2a1e9906a3/gallery/ynqL1WFqR3/regular.jpg,https://d2dytk4tvgwhb4.cloudfront.net/duiyfppz/products/69f4ea8ca773ff2a1e9906a3/gallery/dEKjIddSiZ/regular.jpg","","HellaPrints","","","","","","harvester","https://hellaprints.com/black-bear-crimson-eyes-mountain-wilderness-starry-night-wildlife-gift-spare-tire-cover?utm_source=pinterest&utm_medium=cpc&utm_campaign=pinterest_shopping"
"69f4e561ce3a88f729cdcc3c","69f4e561ce3a88f729cdcc3c","Black Wolf Head Glowing Amber Eyes - Mystical Wildlife Lover Gift for Animal Enthusiasts Spare Tire Cover","Spare Tire Cover - a mystical wildlife design featuring a majestic black wolf head with glowing amber eyes. This high-detail depiction showcases the wolf's dense dark fur and piercing gaze amid swirling dark mist and atmospheric shadows, all rendered with strong contrast and a continuous full-canvas finish. A meaningful pick for nature decor and makes a great choice as a wildlife lover gift. Well-suited for animal enthusiasts, wolf lovers, and those who appreciate powerful natural imagery. Add colors and some special twists to your car's rear end with our custom Spare Tire Cover. Other than a decoration accessory for your car, this Spare Tire Cover is also handy to protect your spare tire in ready-to-use condition. Product Details: • Multi-Function: Decorate the car's exterior and protect your car's spare tire against sunlight, rain, mud, and other harsh weather conditions. • Material: Waterproofing UV-Resistant fabric (118gr/m2). The material is light, soft, water and dust-proof, durable, and easy to clean. The material is tested to meet the color fastness standard TCVN 5823:1994. • Drawcord closure: Strong and durable 100% polypropylene drawcord keeps the cover firmly in place and ensures a snug fit. • Easy installation: Spare Tire Cover is easy to install and remove. Wrap the cover over the tire and then secure it with a cord lock. • Various sizes: Fits different car tires (27, 28, 29, 30, 32, and 34 inches in diameter). Why You'll Love It: • Protects your spare tire from harsh weather. • Adds a custom look to your car quickly. • Lightweight, durable, and easy to install. Care Instructions: • Wipe clean with a soft damp cloth. • Do not bleach.","https://hellaprints.com/black-wolf-head-glowing-amber-eyes-mystical-wildlife-lover-gift-for-animal-enthusiasts-spare-tire-cover","https://d2dytk4tvgwhb4.cloudfront.net/duiyfppz/products/69f4e561ce3a88f729cdcc3c/no-hole/UnOeNL8rgx/regular.jpg","34.95 USD","in stock","new","Vehicles & Parts > Vehicle Parts & Accessories > Vehicle Covers > Spare Tire Covers","Spare Tire Covers","https://d2dytk4tvgwhb4.cloudfront.net/duiyfppz/products/69f4e561ce3a88f729cdcc3c/gallery/ZHLSy9qjrS/regular.jpg,https://d2dytk4tvgwhb4.cloudfront.net/duiyfppz/products/69f4e561ce3a88f729cdcc3c/gallery/dzSfpKS1DX/regular.jpg,https://d2dytk4tvgwhb4.cloudfront.net/duiyfppz/products/69f4e561ce3a88f729cdcc3c/gallery/Ph7s8qhrsj/regular.jpg,https://d2dytk4tvgwhb4.cloudfront.net/duiyfppz/products/69f4e561ce3a88f729cdcc3c/gallery/wy9pK4RlCS/regular.jpg,https://d2dytk4tvgwhb4.cloudfront.net/duiyfppz/products/69f4e561ce3a88f729cdcc3c/gallery/EqvHKU1S-n/regular.jpg","","HellaPrints","","","","","","harvester","https://hellaprints.com/black-wolf-head-glowing-amber-eyes-mystical-wildlife-lover-gift-for-animal-enthusiasts-spare-tire-cover?utm_source=pinterest&utm_medium=cpc&utm_campaign=pinterest_shopping"
"69f4e237cc88e079910d65f7","69f4e237cc88e079910d65f7","Whitetail Buck Antlers Doe Deer Forest Woodland Autumn Leaves - Wildlife Lover Gift Spare Tire Cover","Spare Tire Cover - an authentic whitetail buck and doe deer design set in a detailed autumnal forest. This highly detailed artwork depicts a whitetail buck with prominent antlers standing alongside a doe, surrounded by ancient tree trunks and fallen leaves. A great choice for outdoor adventurers and nature enthusiasts, or as a meaningful wildlife lover gift. A thoughtful present for hunters, campers, and anyone who appreciates forest wildlife scenes. Add colors and some special twists to your car's rear end with our custom Spare Tire Cover. Other than a decoration accessory for your car, this Spare Tire Cover is also handy to protect your spare tire in ready-to-use condition. Product Details: • Multi-Function: Decorate the car's exterior and protect your car's spare tire against sunlight, rain, mud, and other harsh weather conditions. • Material: Waterproofing UV-Resistant fabric (118gr/m2). The material is light, soft, water and dust-proof, durable, and easy to clean. The material is tested to meet the color fastness standard TCVN 5823:1994. • Drawcord closure: Strong and durable 100% polypropylene drawcord keeps the cover firmly in place and ensures a snug fit. • Easy installation: Spare Tire Cover is easy to install and remove. Wrap the cover over the tire and then secure it with a cord lock. • Various sizes: Fits different car tires (27, 28, 29, 30, 32, and 34 inches in diameter). Why You'll Love It: • Protects your spare tire from harsh weather. • Adds a custom look to your car quickly. • Lightweight, durable, and easy to install. Care Instructions: • Wipe clean with a soft damp cloth. • Do not bleach.","https://hellaprints.com/whitetail-buck-antlers-doe-deer-forest-woodland-autumn-leaves-wildlife-lover-gift-spare-tire-cover","https://d2dytk4tvgwhb4.cloudfront.net/duiyfppz/products/69f4e237cc88e079910d65f7/no-hole/CvyPyY2wnI/regular.jpg","34.95 USD","in stock","new","Vehicles & Parts > Vehicle Parts & Accessories > Vehicle Covers > Spare Tire Covers","Spare Tire Covers","https://d2dytk4tvgwhb4.cloudfront.net/duiyfppz/products/69f4e237cc88e079910d65f7/no-hole/f0cbA7V0aO/regular.jpg,https://d2dytk4tvgwhb4.cloudfront.net/duiyfppz/products/69f4e237cc88e079910d65f7/no-hole/jmlkxIk6s5/regular.jpg,https://d2dytk4tvgwhb4.cloudfront.net/duiyfppz/products/69f4e237cc88e079910d65f7/no-hole/M6lHKcBSzW/regular.jpg","","HellaPrints","","","","","","harvester","https://hellaprints.com/whitetail-buck-antlers-doe-deer-forest-woodland-autumn-leaves-wildlife-lover-gift-spare-tire-cover?utm_source=pinterest&utm_medium=cpc&utm_campaign=pinterest_shopping"
"69f4c947738b1c19717acc1e","69f4c947738b1c19717acc1e","Majestic White Wolf Crimson Roses Misty Forest - Wildlife Lover Gift Spare Tire Cover","Spare Tire Cover - Majestic white wolf design featuring crimson roses and misty forest elements. This richly rendered stylized art showcases a graceful white wolf with intricate fur and golden-red eyes, framed by lush crimson roses and dark forest pine trees with misty mountain silhouettes. This artwork is a great choice for wildlife enthusiasts and nature lovers, offering a distinctive outdoor accessory. A meaningful pick for wolf lovers, forest admirers, and those who appreciate rich, natural imagery. Add colors and some special twists to your car's rear end with our custom Spare Tire Cover. Other than a decoration accessory for your car, this Spare Tire Cover is also handy to protect your spare tire in ready-to-use condition. Product Details: • Multi-Function: Decorate the car's exterior and protect your car's spare tire against sunlight, rain, mud, and other harsh weather conditions. • Material: Waterproofing UV-Resistant fabric (118gr/m2). The material is light, soft, water and dust-proof, durable, and easy to clean. The material is tested to meet the color fastness standard TCVN 5823:1994. • Drawcord closure: Strong and durable 100% polypropylene drawcord keeps the cover firmly in place and ensures a snug fit. • Easy installation: Spare Tire Cover is easy to install and remove. Wrap the cover over the tire and then secure it with a cord lock. • Various sizes: Fits different car tires (27, 28, 29, 30, 32, and 34 inches in diameter). Why You'll Love It: • Protects your spare tire from harsh weather. • Adds a custom look to your car quickly. • Lightweight, durable, and easy to install. Care Instructions: • Wipe clean with a soft damp cloth. • Do not bleach.","https://hellaprints.com/majestic-white-wolf-crimson-roses-misty-forest-wildlife-lover-gift-spare-tire-cover","https://d2dytk4tvgwhb4.cloudfront.net/duiyfppz/products/69f4c947738b1c19717acc1e/no-hole/xMqi3h77Pi/regular.jpg","34.95 USD","in stock","new","Vehicles & Parts > Vehicle Parts & Accessories > Vehicle Covers > Spare Tire Covers","Spare Tire Covers","https://d2dytk4tvgwhb4.cloudfront.net/duiyfppz/products/69f4c947738b1c19717acc1e/gallery/pBZOT7wqb7/regular.jpg,https://d2dytk4tvgwhb4.cloudfront.net/duiyfppz/products/69f4c947738b1c19717acc1e/gallery/8WC_8v1D5Z/regular.jpg,https://d2dytk4tvgwhb4.cloudfront.net/duiyfppz/products/69f4c947738b1c19717acc1e/gallery/tqK5pILsiO/regular.jpg,https://d2dytk4tvgwhb4.cloudfront.net/duiyfppz/products/69f4c947738b1c19717acc1e/gallery/hPy7BCgJVz/regular.jpg,https://d2dytk4tvgwhb4.cloudfront.net/duiyfppz/products/69f4c947738b1c19717acc1e/gallery/FZGm_Kl1AZ/regular.jpg","","HellaPrints","","","","","","harvester","https://hellaprints.com/majestic-white-wolf-crimson-roses-misty-forest-wildlife-lover-gift-spare-tire-cover?utm_source=pinterest&utm_medium=cpc&utm_campaign=pinterest_shopping"
"69f338dbc9aab011e25a4223","69f338dbc9aab011e25a4223","Go Away Message Black Border - Yard Entryway Decor Doormat","Doormat featuring a bold 'Go Away' message with a black border on natural coir jute texture. This design showcases a high-detail realistic illustration, emphasizing tactile coir jute fibers and sharp typography. It is well-suited for any outdoor home boundary setting, making it a great choice for yard entryway decor. A meaningful pick for homeowners seeking clear property messaging. Greet your guest with our special custom doormat. Not only does this doormat keep the dust away, but it is also a great decoration item that helps to make the first impression before anyone enters the house. Product Details: • Material: Low-pile velvet fabric with anti-slip synthetic fiber backing. The mat surface is soft, plush, and water-absorbent, offering a comfortable feel to your feet. The non-slip underside prevents sliding, ensures safety, and keeps the mat from shifting. • The doormat's edges are carefully stitched to keep the doormat durable and long-lasting. • Low-profile custom doormat of only 0.2 inches, suitable for use in different rooms without blocking the door from closing. Why You'll Love It: • Our customizable doormat helps to keep all the dust and debris from entering your house. • This doormat is versatile – It helps absorb water, keeps the floor clean, and adds a soft layer of warmth to your floor. • You can place it at the front door, in your kitchen, bathroom, or even in your bedroom, and living room. • A personalized doormat can be a perfect gift for your friends and family. • Anti-slip backing ensures safety and keeps the mat firmly in place. Care Instructions: • Wipe with a damp cloth and mild soap, or use a garden hose to rinse the mat outdoors. • Our products are vacuum-sealed to protect them from dust and moisture during shipping. As a result, the item may appear thin and wrinkled when first opened. Let the product air out for 5–10 minutes to regain its original thickness. A quick wash will easily smooth out any remaining fold lines","https://hellaprints.com/go-away-message-black-border-yard-entryway-decor-doormat","https://d2dytk4tvgwhb4.cloudfront.net/duiyfppz/products/69f338dbc9aab011e25a4223/15x25/KC2wbBqthK/regular.jpg","32.50 USD","in stock","new","Home & Garden > Decor > Door Mats","Door Mats","https://d2dytk4tvgwhb4.cloudfront.net/duiyfppz/products/69f338dbc9aab011e25a4223/gallery/DGnVUEReAW/regular.jpg,https://d2dytk4tvgwhb4.cloudfront.net/duiyfppz/products/69f338dbc9aab011e25a4223/gallery/CqNksRaCvZ/regular.jpg,https://d2dytk4tvgwhb4.cloudfront.net/duiyfppz/products/69f338dbc9aab011e25a4223/gallery/eyvA1Y-NkP/regular.jpg,https://d2dytk4tvgwhb4.cloudfront.net/duiyfppz/products/69f338dbc9aab011e25a4223/gallery/vrsioxbNSp/regular.jpg,https://d2dytk4tvgwhb4.cloudfront.net/duiyfppz/products/69f338dbc9aab011e25a4223/gallery/pSsiSLFBmT/regular.jpg,https://d2dytk4tvgwhb4.cloudfront.net/duiyfppz/products/69f338dbc9aab011e25a4223/gallery/VINuVOPxw0/regular.jpg","","HellaPrints","","","","","","harvester","https://hellaprints.com/go-away-message-black-border-yard-entryway-decor-doormat?utm_source=pinterest&utm_medium=cpc&utm_campaign=pinterest_shopping"
"69f1d566ca526d53e6e93cd7","69f1d566ca526d53e6e93cd7","Psychedelic Sunburst Road Mountain Landscape - Road Trip Essentials Car Sunshade","Car Sunshade featuring a vibrant psychedelic sunburst above a winding road and distant mountains. This highly stylized design showcases dynamic clouds in electric pink, hot orange, and deep fuchsia hues, with abstract undulating landscape patterns in vivid color gradients creating energetic movement across a fantastical, colorful vista. It is well-suited for road trips, adventure drives, and everyday travel, offering a striking addition to any vehicle. A meaningful pick for travel enthusiasts, road trippers, and those who appreciate distinctive landscape art. Don’t need to worry about your car interior getting beaten up by the harsh sunlight. This car sunshade will block the sunlight from entering the cabin and keep your interior intact and long-lasting. More than just a handy car sunshade, it is also an interesting car accessory. Product Details: • High-quality material with reflective mylar film on one side: Effectively blocks direct sunlight and heat to keep the interior cool even when the car is parked outside on a sunny day. It helps protect your dashboard and interior materials from fading or degrading due to heat and UV damage. • Easy setup: The car sunshade comes with two rubber suction cups that help it stick firmly to the windshield. It is also easy to install and remove. • Compact and lightweight: You can easily fold it up, keep it inside the car, and install it whenever needed. • Carefully bound edges for a clean finished look and extended durability. • Sublimation printing provides a vibrant and high-quality print. • Size: 57 x 27.5 inch - Universal size that fits the windshield of most cars. Why You Will Love It: • Blocks harsh sunlight and helps keep your car cabin noticeably cooler. • Protects your dashboard and interior from fading, cracking, and UV damage. • Quick and secure to use with suction cups for everyday convenience. • Folds down neatly for compact storage when not in use. • Adds both protection and personality as a practical car accessory. Care Instructions: • Wipe clean with a soft damp cloth. • Do not bleach. • Air dry only.","https://hellaprints.com/psychedelic-sunburst-road-mountain-landscape-road-trip-essentials-car-sunshade","https://d2dytk4tvgwhb4.cloudfront.net/duiyfppz/products/69f1d566ca526d53e6e93cd7/57-x-27-5/Ll3al5_pjO/regular.jpg","41.95 USD","in stock","new","Vehicles & Parts > Vehicle Parts & Accessories > Vehicle Sunshades","Vehicle Sunshades","https://d2dytk4tvgwhb4.cloudfront.net/duiyfppz/products/69f1d566ca526d53e6e93cd7/gallery/il-E8IWVzI/regular.jpg,https://d2dytk4tvgwhb4.cloudfront.net/duiyfppz/products/69f1d566ca526d53e6e93cd7/gallery/w2jWzmHfMS/regular.jpg,https://d2dytk4tvgwhb4.cloudfront.net/duiyfppz/products/69f1d566ca526d53e6e93cd7/gallery/oJytfAZ3Rm/regular.jpg,https://d2dytk4tvgwhb4.cloudfront.net/duiyfppz/products/69f1d566ca526d53e6e93cd7/gallery/F5ow4OpIwy/regular.jpg,https://d2dytk4tvgwhb4.cloudfront.net/duiyfppz/products/69f1d566ca526d53e6e93cd7/gallery/Z4phqZMZQm/regular.jpg,https://d2dytk4tvgwhb4.cloudfront.net/duiyfppz/products/69f1d566ca526d53e6e93cd7/gallery/fyML4UofNe/regular.jpg","","HellaPrints","","","57 x 27.5","","","harvester","https://hellaprints.com/psychedelic-sunburst-road-mountain-landscape-road-trip-essentials-car-sunshade?utm_source=pinterest&utm_medium=cpc&utm_campaign=pinterest_shopping"
"69f1c80eca526d4730e91ab0","69f1c80eca526d4730e91ab0","Airplane Landing Lights Wet Tarmac Runway Reflections Night - Aviation Enthusiast Gift Car Sunshade","Car Sunshade - Airplane Landing Lights Wet Tarmac Runway Night Reflections design. This high-detail realistic illustration captures a modern passenger airplane head-on on a dark, wet tarmac runway, illuminated by bright landing lights and golden runway reflections against a dramatic night sky in deep teal and dark grey. A great choice for everyday use and travel, this striking design is well-suited for aviation enthusiasts and those who appreciate cinematic night scenes. A meaningful pick for fathers, brothers, and friends who love aviation and unique travel art. Don’t need to worry about your car interior getting beaten up by the harsh sunlight. This car sunshade will block the sunlight from entering the cabin and keep your interior intact and long-lasting. More than just a handy car sunshade, it is also an interesting car accessory. Product Details: • High-quality material with reflective mylar film on one side: Effectively blocks direct sunlight and heat to keep the interior cool even when the car is parked outside on a sunny day. It helps protect your dashboard and interior materials from fading or degrading due to heat and UV damage. • Easy setup: The car sunshade comes with two rubber suction cups that help it stick firmly to the windshield. It is also easy to install and remove. • Compact and lightweight: You can easily fold it up, keep it inside the car, and install it whenever needed. • Carefully bound edges for a clean finished look and extended durability. • Sublimation printing provides a vibrant and high-quality print. • Size: 57 x 27.5 inch - Universal size that fits the windshield of most cars. Why You Will Love It: • Blocks harsh sunlight and helps keep your car cabin noticeably cooler. • Protects your dashboard and interior from fading, cracking, and UV damage. • Quick and secure to use with suction cups for everyday convenience. • Folds down neatly for compact storage when not in use. • Adds both protection and personality as a practical car accessory. Care Instructions: • Wipe clean with a soft damp cloth. • Do not bleach. • Air dry only.","https://hellaprints.com/airplane-landing-lights-wet-tarmac-runway-reflections-night-aviation-enthusiast-gift-car-sunshade","https://d2dytk4tvgwhb4.cloudfront.net/duiyfppz/products/69f1c80eca526d4730e91ab0/57-x-27-5/rv01tn3TYW/regular.jpg","41.95 USD","in stock","new","Vehicles & Parts > Vehicle Parts & Accessories > Vehicle Sunshades","Vehicle Sunshades","https://d2dytk4tvgwhb4.cloudfront.net/duiyfppz/products/69f1c80eca526d4730e91ab0/gallery/3UNkhe_8pP/regular.jpg,https://d2dytk4tvgwhb4.cloudfront.net/duiyfppz/products/69f1c80eca526d4730e91ab0/gallery/14WI90sJ46/regular.jpg,https://d2dytk4tvgwhb4.cloudfront.net/duiyfppz/products/69f1c80eca526d4730e91ab0/gallery/w04nsM1Www/regular.jpg,https://d2dytk4tvgwhb4.cloudfront.net/duiyfppz/products/69f1c80eca526d4730e91ab0/gallery/0f3klVyDDp/regular.jpg,https://d2dytk4tvgwhb4.cloudfront.net/duiyfppz/products/69f1c80eca526d4730e91ab0/gallery/XI_HkJ5Q5u/regular.jpg,https://d2dytk4tvgwhb4.cloudfront.net/duiyfppz/products/69f1c80eca526d4730e91ab0/gallery/DIVcWH0RHK/regular.jpg","","HellaPrints","","","57 x 27.5","","","harvester","https://hellaprints.com/airplane-landing-lights-wet-tarmac-runway-reflections-night-aviation-enthusiast-gift-car-sunshade?utm_source=pinterest&utm_medium=cpc&utm_campaign=pinterest_shopping"
"69f19460211a91fc611711f2","69f19460211a91fc611711f2","Come Back With Warrant Black Text Tan Mat - Property Rights Home Security Defense Doormat","Doormat featuring a bold 'COME BACK WITH A WARRANT' text with a black rectangular frame on a warm tan fibrous background texture. This high-detail realistic illustration displays crisp typography and a sleek rectangular frame rendered in deep black against an earthy brown, coir-textured mat. It serves as a strong property rights statement and a clear home security defense display for any private residence. Greet your guest with our special custom doormat. Not only does this doormat keep the dust away, but it is also a great decoration item that helps to make the first impression before anyone enters the house. Product Details: • Material: Low-pile velvet fabric with anti-slip synthetic fiber backing. The mat surface is soft, plush, and water-absorbent, offering a comfortable feel to your feet. The non-slip underside prevents sliding, ensures safety, and keeps the mat from shifting. • The doormat's edges are carefully stitched to keep the doormat durable and long-lasting. • Low-profile custom doormat of only 0.2 inches, suitable for use in different rooms without blocking the door from closing. Why You'll Love It: • Our customizable doormat helps to keep all the dust and debris from entering your house. • This doormat is versatile – It helps absorb water, keeps the floor clean, and adds a soft layer of warmth to your floor. • You can place it at the front door, in your kitchen, bathroom, or even in your bedroom, and living room. • A personalized doormat can be a perfect gift for your friends and family. • Anti-slip backing ensures safety and keeps the mat firmly in place. Care Instructions: • Wipe with a damp cloth and mild soap, or use a garden hose to rinse the mat outdoors. • Our products are vacuum-sealed to protect them from dust and moisture during shipping. As a result, the item may appear thin and wrinkled when first opened. Let the product air out for 5–10 minutes to regain its original thickness. A quick wash will easily smooth out any remaining fold lines.","https://hellaprints.com/come-back-with-warrant-black-text-tan-mat-property-rights-home-security-defense-doormat","https://d2dytk4tvgwhb4.cloudfront.net/duiyfppz/products/69f19460211a91fc611711f2/15x25/pczbPQyO-Q/regular.jpg","32.50 USD","in stock","new","Home & Garden > Decor > Door Mats","Door Mats","https://d2dytk4tvgwhb4.cloudfront.net/duiyfppz/products/69f19460211a91fc611711f2/gallery/7svZ5z_B5S/regular.jpg,https://d2dytk4tvgwhb4.cloudfront.net/duiyfppz/products/69f19460211a91fc611711f2/gallery/tHbkyqds1Z/regular.jpg,https://d2dytk4tvgwhb4.cloudfront.net/duiyfppz/products/69f19460211a91fc611711f2/gallery/q_Uj4E2niZ/regular.jpg,https://d2dytk4tvgwhb4.cloudfront.net/duiyfppz/products/69f19460211a91fc611711f2/gallery/IW7cSz5elV/regular.jpg,https://d2dytk4tvgwhb4.cloudfront.net/duiyfppz/products/69f19460211a91fc611711f2/gallery/nRhBi5AflS/regular.jpg,https://d2dytk4tvgwhb4.cloudfront.net/duiyfppz/products/69f19460211a91fc611711f2/gallery/zzspufbnNy/regular.jpg","","HellaPrints","","","","","","harvester","https://hellaprints.com/come-back-with-warrant-black-text-tan-mat-property-rights-home-security-defense-doormat?utm_source=pinterest&utm_medium=cpc&utm_campaign=pinterest_shopping"
"69f17c336abeb01224e8c63e","69f17c336abeb01224e8c63e","Golden Cork Rampant Lions Crown Custom Text Shield Heraldic Crest - Home Decor Gift Doormat","Doormat showcasing a golden cork rampant lions heraldic crest with crown and letter M. Two majestic lions crafted from a richly textured golden-cork material support a central shield bearing the initial M, all beneath a regal golden crown. Intricate filigree and dark ornate patterns recede into a luxurious matte black background, complemented by subtle hints of bronze. This dignified emblem is a meaningful choice for home decoration, adding a touch of sophistication to any setting. A thoughtful pick for collectors of unique decor and those who appreciate regal symbols. Greet your guest with our special custom doormat. Not only does this doormat keep the dust away, but it is also a great decoration item that helps to make the first impression before anyone enters the house. Product Details: • Material: Low-pile velvet fabric with anti-slip synthetic fiber backing. The mat surface is soft, plush, and water-absorbent, offering a comfortable feel to your feet. The non-slip underside prevents sliding, ensures safety, and keeps the mat from shifting. • The doormat's edges are carefully stitched to keep the doormat durable and long-lasting. • Low-profile custom doormat of only 0.2 inches, suitable for use in different rooms without blocking the door from closing. Why You'll Love It: • Our customizable doormat helps to keep all the dust and debris from entering your house. • This doormat is versatile – It helps absorb water, keeps the floor clean, and adds a soft layer of warmth to your floor. • You can place it at the front door, in your kitchen, bathroom, or even in your bedroom, and living room. • A personalized doormat can be a perfect gift for your friends and family. • Anti-slip backing ensures safety and keeps the mat firmly in place. Care Instructions: • Wipe with a damp cloth and mild soap, or use a garden hose to rinse the mat outdoors. • Our products are vacuum-sealed to protect them from dust and moisture during shipping. As a result, the item may appear thin and wrinkled when first opened. Let the product air out for 5–10 minutes to regain its original thickness. A quick wash will easily smooth out any remaining fold lines.","https://hellaprints.com/golden-cork-rampant-lions-crown-custom-text-shield-heraldic-crest-home-decor-gift-doormat-1","https://d2dytk4tvgwhb4.cloudfront.net/duiyfppz/products/69f17c336abeb01224e8c63e/15x25/V7uNqVV5-z/regular.jpg","32.50 USD","in stock","new","Home & Garden > Decor > Door Mats","Door Mats","https://d2dytk4tvgwhb4.cloudfront.net/duiyfppz/products/69f17c336abeb01224e8c63e/gallery/Kts-75eR2/regular.jpg,https://d2dytk4tvgwhb4.cloudfront.net/duiyfppz/products/69f17c336abeb01224e8c63e/gallery/hukbxUFvv/regular.jpg,https://d2dytk4tvgwhb4.cloudfront.net/duiyfppz/products/69f17c336abeb01224e8c63e/gallery/UpfcElOAU/regular.jpg,https://d2dytk4tvgwhb4.cloudfront.net/duiyfppz/products/69f17c336abeb01224e8c63e/gallery/svwlgdvoB/regular.jpg,https://d2dytk4tvgwhb4.cloudfront.net/duiyfppz/products/69f17c336abeb01224e8c63e/gallery/sA5FGVtAl/regular.jpg,https://d2dytk4tvgwhb4.cloudfront.net/duiyfppz/products/69f17c336abeb01224e8c63e/gallery/GoAIh40za/regular.jpg","","HellaPrints","","","","","","harvester","https://hellaprints.com/golden-cork-rampant-lions-crown-custom-text-shield-heraldic-crest-home-decor-gift-doormat-1?utm_source=pinterest&utm_medium=cpc&utm_campaign=pinterest_shopping"
"69edf331c1a3247c93cd25cf","69edf331c1a3247c93cd25cf","Red Dragonfly and Crimson Amaryllis Flowers over Black Cosmic Void - Wildlife Lover Gift Car Sunshade","Car Sunshade - Red Dragonfly and Amaryllis Flowers design depicting a red dragonfly surrounded by deep crimson amaryllis blooms. This design features a red dragonfly with crimson wings among lush, velvety amaryllis flowers, set against a deep cosmic black void, subtly textured with glowing white and silver particles. A great choice for wildlife enthusiasts and nature lovers. Don’t need to worry about your car interior getting beaten up by the harsh sunlight. This car sunshade will block the sunlight from entering the cabin and keep your interior intact and long-lasting. More than just a handy car sunshade, it is also an interesting car accessory. Product Details: • High-quality material with reflective mylar film on one side: Effectively blocks direct sunlight and heat to keep the interior cool even when the car is parked outside on a sunny day. It helps protect your dashboard and interior materials from fading or degrading due to heat and UV damage. • Easy setup: The car sunshade comes with two rubber suction cups that help it stick firmly to the windshield. It is also easy to install and remove. • Compact and lightweight: You can easily fold it up, keep it inside the car, and install it whenever needed. • Carefully bound edges for a clean finished look and extended durability. • Sublimation printing provides a vibrant and high-quality print. • Size: 57 x 27.5 inch - Universal size that fits the windshield of most cars. Why You Will Love It: • Blocks harsh sunlight and helps keep your car cabin noticeably cooler. • Protects your dashboard and interior from fading, cracking, and UV damage. • Quick and secure to use with suction cups for everyday convenience. • Folds down neatly for compact storage when not in use. • Adds both protection and personality as a practical car accessory. Care Instructions: • Wipe clean with a soft damp cloth. • Do not bleach. • Air dry only.","https://hellaprints.com/red-dragonfly-and-crimson-amaryllis-flowers-over-black-cosmic-void-wildlife-lover-gift-car-sunshade","https://d2dytk4tvgwhb4.cloudfront.net/duiyfppz/products/69edf331c1a3247c93cd25cf/57-x-27-5/LY7xKqPR_0/regular.jpg","41.95 USD","in stock","new","Vehicles & Parts > Vehicle Parts & Accessories > Vehicle Sunshades","Vehicle Sunshades","https://d2dytk4tvgwhb4.cloudfront.net/duiyfppz/products/69edf331c1a3247c93cd25cf/gallery/R97DDnefmh/regular.jpg,https://d2dytk4tvgwhb4.cloudfront.net/duiyfppz/products/69edf331c1a3247c93cd25cf/gallery/5eMOwmIJT6/regular.jpg,https://d2dytk4tvgwhb4.cloudfront.net/duiyfppz/products/69edf331c1a3247c93cd25cf/gallery/BwQGsyuQS6/regular.jpg,https://d2dytk4tvgwhb4.cloudfront.net/duiyfppz/products/69edf331c1a3247c93cd25cf/gallery/pN3FHz8m8Z/regular.jpg,https://d2dytk4tvgwhb4.cloudfront.net/duiyfppz/products/69edf331c1a3247c93cd25cf/gallery/c3RJLeAqWt/regular.jpg,https://d2dytk4tvgwhb4.cloudfront.net/duiyfppz/products/69edf331c1a3247c93cd25cf/gallery/J2pKEI0tPZ/regular.jpg","","HellaPrints","","","57 x 27.5","","","harvester","https://hellaprints.com/red-dragonfly-and-crimson-amaryllis-flowers-over-black-cosmic-void-wildlife-lover-gift-car-sunshade?utm_source=pinterest&utm_medium=cpc&utm_campaign=pinterest_shopping"
"69ece9e2ac46d8255b494693","69ece9e2ac46d8255b494693","Black Velvet Sparkling Silver Platinum Royal Crown Queen - Luxury Lifestyle Gift Spare Tire Cover","Spare Tire Cover - luxurious royal crown design featuring a sparkling silver platinum crown and Queen text. This opulent design showcases a highly detailed, diamond-encrusted silver and platinum crown majestically above the word Queen, set against a shimmering black velvet background. A great choice for adding a touch of majesty and sophistication to your vehicle, well-suited for a luxury lifestyle accessory. Add colors and some special twists to your car's rear end with our custom Spare Tire Cover. Other than a decoration accessory for your car, this Spare Tire Cover is also handy to protect your spare tire in ready-to-use condition. Product Details: • Multi-Function: Decorate the car's exterior and protect your car's spare tire against sunlight, rain, mud, and other harsh weather conditions. • Material: Waterproofing UV-Resistant fabric (118gr/m2). The material is light, soft, water and dust-proof, durable, and easy to clean. The material is tested to meet the color fastness standard TCVN 5823:1994. • Drawcord closure: Strong and durable 100% polypropylene drawcord keeps the cover firmly in place and ensures a snug fit. • Easy installation: Spare Tire Cover is easy to install and remove. Wrap the cover over the tire and then secure it with a cord lock. • Various sizes: Fits different car tires (27, 28, 29, 30, 32, and 34 inches in diameter). Why You'll Love It: • Protects your spare tire from harsh weather. • Adds a custom look to your car quickly. • Lightweight, durable, and easy to install. Care Instructions: • Wipe clean with a soft damp cloth. • Do not bleach.","https://hellaprints.com/black-velvet-sparkling-silver-platinum-royal-crown-queen-luxury-lifestyle-gift-spare-tire-cover","https://d2dytk4tvgwhb4.cloudfront.net/duiyfppz/products/69ece9e2ac46d8255b494693/no-hole/thNuqbWeqw/regular.jpg","34.95 USD","in stock","new","Vehicles & Parts > Vehicle Parts & Accessories > Vehicle Covers > Spare Tire Covers","Spare Tire Covers","https://d2dytk4tvgwhb4.cloudfront.net/duiyfppz/products/69ece9e2ac46d8255b494693/gallery/F9YbrQUSYj/regular.jpg,https://d2dytk4tvgwhb4.cloudfront.net/duiyfppz/products/69ece9e2ac46d8255b494693/gallery/zFqlkkNnh-/regular.jpg,https://d2dytk4tvgwhb4.cloudfront.net/duiyfppz/products/69ece9e2ac46d8255b494693/gallery/lh6QPokcQ5/regular.jpg,https://d2dytk4tvgwhb4.cloudfront.net/duiyfppz/products/69ece9e2ac46d8255b494693/gallery/fsJW-lxB7e/regular.jpg,https://d2dytk4tvgwhb4.cloudfront.net/duiyfppz/products/69ece9e2ac46d8255b494693/gallery/EiT1eNccBj/regular.jpg","","HellaPrints","","","","","","harvester","https://hellaprints.com/black-velvet-sparkling-silver-platinum-royal-crown-queen-luxury-lifestyle-gift-spare-tire-cover?utm_source=pinterest&utm_medium=cpc&utm_campaign=pinterest_shopping"
"69ecaf089b012e00ddc41174","69ecaf089b012e00ddc41174","Cosmic Dragon Tiger Phoenix Tortoise - Fantasy Lover Gift Car Sunshade","Car Sunshade - Cosmic fantasy design featuring mythical beasts: a majestic azure-scaled dragon, powerful striped tiger, vibrant phoenix, and ancient tortoise. Dynamic swirls of golden-orange flames, dark smoke, and bright blue lightning bolts intermingle across a turbulent background of cosmic energy, with nuanced shading and strong contrast. A great choice for fantasy enthusiasts, mythology lovers, and anyone who appreciates cinematic realism. Don’t need to worry about your car interior getting beaten up by the harsh sunlight. This car sunshade will block the sunlight from entering the cabin and keep your interior intact and long-lasting. More than just a handy car sunshade, it is also an interesting car accessory. Product Details: • High-quality material with reflective mylar film on one side: Effectively blocks direct sunlight and heat to keep the interior cool even when the car is parked outside on a sunny day. It helps protect your dashboard and interior materials from fading or degrading due to heat and UV damage. • Easy setup: The car sunshade comes with two rubber suction cups that help it stick firmly to the windshield. It is also easy to install and remove. • Compact and lightweight: You can easily fold it up, keep it inside the car, and install it whenever needed. • Carefully bound edges for a clean finished look and extended durability. • Sublimation printing provides a vibrant and high-quality print. • Size: 57 x 27.5 inch - Universal size that fits the windshield of most cars. Why You Will Love It: • Blocks harsh sunlight and helps keep your car cabin noticeably cooler. • Protects your dashboard and interior from fading, cracking, and UV damage. • Quick and secure to use with suction cups for everyday convenience. • Folds down neatly for compact storage when not in use. • Adds both protection and personality as a practical car accessory. Care Instructions: • Wipe clean with a soft damp cloth. • Do not bleach. • Air dry only.","https://hellaprints.com/cosmic-dragon-tiger-phoenix-tortoise-fantasy-lover-gift-car-sunshade","https://d2dytk4tvgwhb4.cloudfront.net/duiyfppz/products/69ecaf089b012e00ddc41174/57-x-27-5/VSHM9xr5Fn/regular.jpg","41.95 USD","in stock","new","Vehicles & Parts > Vehicle Parts & Accessories > Vehicle Sunshades","Vehicle Sunshades","https://d2dytk4tvgwhb4.cloudfront.net/duiyfppz/products/69ecaf089b012e00ddc41174/gallery/kPm0UZaex0/regular.jpg,https://d2dytk4tvgwhb4.cloudfront.net/duiyfppz/products/69ecaf089b012e00ddc41174/gallery/pFN9nOZ2M2/regular.jpg,https://d2dytk4tvgwhb4.cloudfront.net/duiyfppz/products/69ecaf089b012e00ddc41174/gallery/is9TINxNQM/regular.jpg,https://d2dytk4tvgwhb4.cloudfront.net/duiyfppz/products/69ecaf089b012e00ddc41174/gallery/eowoXVDYnG/regular.jpg,https://d2dytk4tvgwhb4.cloudfront.net/duiyfppz/products/69ecaf089b012e00ddc41174/gallery/P6L1WvgmGa/regular.jpg,https://d2dytk4tvgwhb4.cloudfront.net/duiyfppz/products/69ecaf089b012e00ddc41174/gallery/RavHamSA8I/regular.jpg","","HellaPrints","","","57 x 27.5","","","harvester","https://hellaprints.com/cosmic-dragon-tiger-phoenix-tortoise-fantasy-lover-gift-car-sunshade?utm_source=pinterest&utm_medium=cpc&utm_campaign=pinterest_shopping"
"69eb82565e9fb6762358dc51","69eb82565e9fb6762358dc51","Bald Eagle American Flag Patriotic Display - American Heritage Gift for Veterans Spare Tire Cover","Spare Tire Cover - patriotic design featuring a majestic bald eagle and dynamic American flag artwork. This highly detailed artwork features the eagle's intricate feather details against a textured American flag, rendered with expressive brushstrokes and strong contrast. A well-suited choice for Independence Day celebrations, Fourth of July events, and national holidays. A meaningful pick for veterans, military families, and American flag lovers. Add colors and some special twists to your car's rear end with our custom Spare Tire Cover. Other than a decoration accessory for your car, this Spare Tire Cover is also handy to protect your spare tire in ready-to-use condition. Product Details: • Multi-Function: Decorate the car's exterior and protect your car's spare tire against sunlight, rain, mud, and other harsh weather conditions. • Material: Waterproofing UV-Resistant fabric (118gr/m2). The material is light, soft, water and dust-proof, durable, and easy to clean. The material is tested to meet the color fastness standard TCVN 5823:1994. • Drawcord closure: Strong and durable 100% polypropylene drawcord keeps the cover firmly in place and ensures a snug fit. • Easy installation: Spare Tire Cover is easy to install and remove. Wrap the cover over the tire and then secure it with a cord lock. • Various sizes: Fits different car tires (27, 28, 29, 30, 32, and 34 inches in diameter). Why You'll Love It: • Protects your spare tire from harsh weather. • Adds a custom look to your car quickly. • Lightweight, durable, and easy to install. Care Instructions: • Wipe clean with a soft damp cloth. • Do not bleach.","https://hellaprints.com/bald-eagle-american-flag-patriotic-display-american-heritage-gift-for-veterans-spare-tire-cover","https://d2dytk4tvgwhb4.cloudfront.net/duiyfppz/products/69eb82565e9fb6762358dc51/no-hole/Ybg3kdgeXw/regular.jpg","34.95 USD","in stock","new","Home & Garden > Lawn & Garden > Outdoor Living > Garden Flags","Garden Flags","https://d2dytk4tvgwhb4.cloudfront.net/duiyfppz/products/69eb82565e9fb6762358dc51/gallery/b8sMhFuP18/regular.jpg,https://d2dytk4tvgwhb4.cloudfront.net/duiyfppz/products/69eb82565e9fb6762358dc51/gallery/U7mPUTy7eI/regular.jpg,https://d2dytk4tvgwhb4.cloudfront.net/duiyfppz/products/69eb82565e9fb6762358dc51/gallery/Xxo7X79Ed8/regular.jpg,https://d2dytk4tvgwhb4.cloudfront.net/duiyfppz/products/69eb82565e9fb6762358dc51/gallery/S03tWsAoqi/regular.jpg,https://d2dytk4tvgwhb4.cloudfront.net/duiyfppz/products/69eb82565e9fb6762358dc51/gallery/INMJZwPVyQ/regular.jpg","","HellaPrints","","","","","","harvester","https://hellaprints.com/bald-eagle-american-flag-patriotic-display-american-heritage-gift-for-veterans-spare-tire-cover?utm_source=pinterest&utm_medium=cpc&utm_campaign=pinterest_shopping"
"69eb7e419f8f952a5471f8b7","69eb7e419f8f952a5471f8b7","Plumeria Flowers Tropical Leaves - Beach Getaway Driving Gift Car Sunshade","Car Sunshade - Plumeria floral design with lush tropical foliage. This artwork features a vibrant cluster of creamy white Plumeria blossoms with golden yellow centers and soft pink blushes, surrounded by deep emerald green leaves against a deep black background, creating rich layered detail with strong contrast. A great choice for beach getaways, summer road trips, and everyday driving. A thoughtful pick for nature lovers, vacationers, and those who appreciate tropical destinations. Don’t need to worry about your car interior getting beaten up by the harsh sunlight. This car sunshade will block the sunlight from entering the cabin and keep your interior intact and long-lasting. More than just a handy car sunshade, it is also an interesting car accessory. Product Details: • High-quality material with reflective mylar film on one side: Effectively blocks direct sunlight and heat to keep the interior cool even when the car is parked outside on a sunny day. It helps protect your dashboard and interior materials from fading or degrading due to heat and UV damage. • Easy setup: The car sunshade comes with two rubber suction cups that help it stick firmly to the windshield. It is also easy to install and remove. • Compact and lightweight: You can easily fold it up, keep it inside the car, and install it whenever needed. • Carefully bound edges for a clean finished look and extended durability. • Sublimation printing provides a vibrant and high-quality print. • Size: 57 x 27.5 inch - Universal size that fits the windshield of most cars. Why You Will Love It: • Blocks harsh sunlight and helps keep your car cabin noticeably cooler. • Protects your dashboard and interior from fading, cracking, and UV damage. • Quick and secure to use with suction cups for everyday convenience. • Folds down neatly for compact storage when not in use. • Adds both protection and personality as a practical car accessory. Care Instructions: • Wipe clean with a soft damp cloth. • Do not bleach. • Air dry only.","https://hellaprints.com/plumeria-flowers-tropical-leaves-beach-getaway-driving-gift-car-sunshade","https://d2dytk4tvgwhb4.cloudfront.net/duiyfppz/products/69eb7e419f8f952a5471f8b7/57-x-27-5/-WtAjak9tJ/regular.jpg","41.95 USD","in stock","new","Vehicles & Parts > Vehicle Parts & Accessories > Vehicle Sunshades","Vehicle Sunshades","https://d2dytk4tvgwhb4.cloudfront.net/duiyfppz/products/69eb7e419f8f952a5471f8b7/gallery/7C4S2s69IA/regular.jpg,https://d2dytk4tvgwhb4.cloudfront.net/duiyfppz/products/69eb7e419f8f952a5471f8b7/gallery/WEIQYVxtIt/regular.jpg,https://d2dytk4tvgwhb4.cloudfront.net/duiyfppz/products/69eb7e419f8f952a5471f8b7/gallery/fOTjCMQcWp/regular.jpg,https://d2dytk4tvgwhb4.cloudfront.net/duiyfppz/products/69eb7e419f8f952a5471f8b7/gallery/8LL4yO4Bx1/regular.jpg,https://d2dytk4tvgwhb4.cloudfront.net/duiyfppz/products/69eb7e419f8f952a5471f8b7/gallery/Dlu-bSpS0z/regular.jpg,https://d2dytk4tvgwhb4.cloudfront.net/duiyfppz/products/69eb7e419f8f952a5471f8b7/gallery/RFbETyv2hj/regular.jpg","","HellaPrints","","","57 x 27.5","","","harvester","https://hellaprints.com/plumeria-flowers-tropical-leaves-beach-getaway-driving-gift-car-sunshade?utm_source=pinterest&utm_medium=cpc&utm_campaign=pinterest_shopping"
"69eb4cc4ab5a2426c2b36fb8","69eb4cc4ab5a2426c2b36fb8","Bald Eagle Flag 1776-2026 We The People ONE NATION UNDER GOD - USA 250th Spare Tire Cover","Spare Tire Cover - USA 250th Anniversary (1776-2026) featuring a majestic bald eagle and American flag patriotic art, celebrating national heritage. The design proudly displays 'We the People' and 'ONE NATION UNDER GOD', accented by a radiant golden cross and vivid fireworks. A great choice for Independence Day celebrations, Veterans Day, or any national event. A thoughtful gift for fathers, veterans, and history enthusiasts. Add colors and some special twists to your car's rear end with our custom Spare Tire Cover. Other than a decoration accessory for your car, this Spare Tire Cover is also handy to protect your spare tire in ready-to-use condition. Product Details: • Multi-Function: Decorate the car's exterior and protect your car's spare tire against sunlight, rain, mud, and other harsh weather conditions. • Material: Waterproofing UV-Resistant fabric (118gr/m2). The material is light, soft, water and dust-proof, durable, and easy to clean. The material is tested to meet the color fastness standard TCVN 5823:1994. • Drawcord closure: Strong and durable 100% polypropylene drawcord keeps the cover firmly in place and ensures a snug fit. • Easy installation: Spare Tire Cover is easy to install and remove. Wrap the cover over the tire and then secure it with a cord lock. • Various sizes: Fits different car tires (27, 28, 29, 30, 32, and 34 inches in diameter). Why You'll Love It: • Protects your spare tire from harsh weather. • Adds a custom look to your car quickly. • Lightweight, durable, and easy to install. Care Instructions: • Wipe clean with a soft damp cloth. • Do not bleach.","https://hellaprints.com/bald-eagle-flag-1776-2026-we-the-people-one-nation-under-god-usa-250th-spare-tire-cover","https://d2dytk4tvgwhb4.cloudfront.net/duiyfppz/products/69eb4cc4ab5a2426c2b36fb8/no-hole/fy_SWNVx4k/regular.jpg","34.95 USD","in stock","new","Home & Garden > Lawn & Garden > Outdoor Living > Garden Flags","Garden Flags","https://d2dytk4tvgwhb4.cloudfront.net/duiyfppz/products/69eb4cc4ab5a2426c2b36fb8/gallery/vk3GEmYvDH/regular.jpg,https://d2dytk4tvgwhb4.cloudfront.net/duiyfppz/products/69eb4cc4ab5a2426c2b36fb8/gallery/Hmyc1SsOdx/regular.jpg,https://d2dytk4tvgwhb4.cloudfront.net/duiyfppz/products/69eb4cc4ab5a2426c2b36fb8/gallery/-IqcxO8Oxj/regular.jpg,https://d2dytk4tvgwhb4.cloudfront.net/duiyfppz/products/69eb4cc4ab5a2426c2b36fb8/gallery/7QIP6goJKL/regular.jpg,https://d2dytk4tvgwhb4.cloudfront.net/duiyfppz/products/69eb4cc4ab5a2426c2b36fb8/gallery/DhJUnyv2R8/regular.jpg","","HellaPrints","","","","","","harvester","https://hellaprints.com/bald-eagle-flag-1776-2026-we-the-people-one-nation-under-god-usa-250th-spare-tire-cover?utm_source=pinterest&utm_medium=cpc&utm_campaign=pinterest_shopping"
"69e86d9943609da49433069c","69e86d9943609da49433069c","Soft Pink Peony White Rose Bouquet Name Wreath - Everyday Carry Lifestyle Quilted Tote Bag","Bag - a soft watercolor illustration design featuring an ornate peony and white rose bouquet with a delicate personalized name wreath. The design showcases a visually continuous layout, blending a seamless background of scattered soft pink peony blossoms with a central bouquet of blush pink peonies and creamy white roses on a very pale pink ground. This elegant floral artwork is a beautiful choice for everyday carry and a thoughtful selection for special occasions. Quilted Tote Bag creates a unique, handcrafted feel. Whether you are heading out for a casual day, running errands, or looking for a thoughtful gift, this tote adds a cozy, personalized touch to every moment. Product Details: • Material: 100% polyester outer fabric and soft cotton padded. • Lightweight yet durable, designed to be easy to carry without sacrificing strength, making it perfect for everyday use without feeling bulky or heavy. • Quilted fabric construction with a soft padded texture that adds a cozy premium feel while enhancing durability and structure. • Soft interior protection helps protect belongings like tablets, notebooks, and gifts. • Spacious main compartment offers generous capacity for daily essentials, shopping, books, and travel items. • Sturdy double handles with reinforced shoulder straps provide comfortable carrying and reliable support, even when fully loaded. • Versatile everyday use for shopping, work, school, travel, or casual outings. Why You'll Love It: • It delivers a handcrafted, personalized look that adds cozy character to your daily style. • You get a lightweight but durable tote that is comfortable to carry throughout the day. • The padded quilted build combines soft protection with practical storage for everyday essentials. • Its all-in-one versatility makes it a reliable companion for errands, school, work, and travel. • It is also a thoughtful gift choice thanks to its cozy feel and useful design. Care Instructions: • Wash inside out. • Machine wash cold with like colors. • Gentle cycle. • Only non-chlorine bleach when needed. • Tumble dry low. • Cool iron if needed.","https://hellaprints.com/soft-pink-peony-white-rose-bouquet-name-wreath-everyday-carry-lifestyle-quilted-tote-bag","https://d2dytk4tvgwhb4.cloudfront.net/duiyfppz/products/69e86d9943609da49433069c/13x16-1-inches/XGFs8a4EkP/regular.jpg","32.95 USD","in stock","new","Apparel & Accessories > Handbags, Wallets & Cases > Handbags","Handbags","https://d2dytk4tvgwhb4.cloudfront.net/duiyfppz/products/69e86d9943609da49433069c/gallery/Jbu7rG3Ri/regular.jpg,https://d2dytk4tvgwhb4.cloudfront.net/duiyfppz/products/69e86d9943609da49433069c/gallery/wCW5OEar1/regular.jpg,https://d2dytk4tvgwhb4.cloudfront.net/duiyfppz/products/69e86d9943609da49433069c/gallery/hhfzaMSw4/regular.jpg,https://d2dytk4tvgwhb4.cloudfront.net/duiyfppz/products/69e86d9943609da49433069c/gallery/Unmdatmsu/regular.jpg,https://d2dytk4tvgwhb4.cloudfront.net/duiyfppz/products/69e86d9943609da49433069c/gallery/Dzjn32_eK/regular.jpg,https://d2dytk4tvgwhb4.cloudfront.net/duiyfppz/products/69e86d9943609da49433069c/gallery/M4ywS9-C2/regular.jpg","","HellaPrints","","","","","","harvester","https://hellaprints.com/soft-pink-peony-white-rose-bouquet-name-wreath-everyday-carry-lifestyle-quilted-tote-bag?utm_source=pinterest&utm_medium=cpc&utm_campaign=pinterest_shopping"
"69e7909bd564aca1cb51ccad","69e7909bd564aca1cb51ccad","Sea Otters Sandy Strip Scallop Shells Personalized - Ocean Lover Gift Quilted Tote Bag","Bag featuring sea otters, scallop shells, and a personalized name banner, set in a tranquil ocean environment. This continuous landscape artwork depicts two sea otters, one holding a shell on a sandy strip and another diving into foam-crested waves, surrounded by swirling sky blue ocean patterns with tiny scallop shell accents. A thoughtful pick for ocean lovers and wildlife enthusiasts, celebrating marine life and personalized keepsakes. Quilted Tote Bag creates a unique, handcrafted feel. Whether you are heading out for a casual day, running errands, or looking for a thoughtful gift, this tote adds a cozy, personalized touch to every moment. Product Details: • Material: 100% polyester outer fabric and soft cotton padded. • Lightweight yet durable, designed to be easy to carry without sacrificing strength, making it perfect for everyday use without feeling bulky or heavy. • Quilted fabric construction with a soft padded texture that adds a cozy premium feel while enhancing durability and structure. • Soft interior protection helps protect belongings like tablets, notebooks, and gifts. • Spacious main compartment offers generous capacity for daily essentials, shopping, books, and travel items. • Sturdy double handles with reinforced shoulder straps provide comfortable carrying and reliable support, even when fully loaded. • Versatile everyday use for shopping, work, school, travel, or casual outings. Why You'll Love It: • It delivers a handcrafted, personalized look that adds cozy character to your daily style. • You get a lightweight but durable tote that is comfortable to carry throughout the day. • The padded quilted build combines soft protection with practical storage for everyday essentials. • Its all-in-one versatility makes it a reliable companion for errands, school, work, and travel. • It is also a thoughtful gift choice thanks to its cozy feel and useful design. Care Instructions: • Wash inside out. • Machine wash cold with like colors. • Gentle cycle. • Only non-chlorine bleach when needed. • Tumble dry low. • Cool iron if needed.","https://hellaprints.com/sea-otters-sandy-strip-scallop-shells-personalized-ocean-lover-gift-quilted-tote-bag","https://d2dytk4tvgwhb4.cloudfront.net/duiyfppz/products/69e7909bd564aca1cb51ccad/13x16-1-inches/VlUSGiNOUY/regular.jpg","32.95 USD","in stock","new","Apparel & Accessories > Handbags, Wallets & Cases > Handbags","Handbags","https://d2dytk4tvgwhb4.cloudfront.net/duiyfppz/products/69e7909bd564aca1cb51ccad/gallery/KOeJt8wF1/regular.jpg,https://d2dytk4tvgwhb4.cloudfront.net/duiyfppz/products/69e7909bd564aca1cb51ccad/gallery/PAV7rrzMD/regular.jpg,https://d2dytk4tvgwhb4.cloudfront.net/duiyfppz/products/69e7909bd564aca1cb51ccad/gallery/eARZ8K7Rj/regular.jpg,https://d2dytk4tvgwhb4.cloudfront.net/duiyfppz/products/69e7909bd564aca1cb51ccad/gallery/-jGTMSkqx/regular.jpg,https://d2dytk4tvgwhb4.cloudfront.net/duiyfppz/products/69e7909bd564aca1cb51ccad/gallery/a3VzE3iNx/regular.jpg,https://d2dytk4tvgwhb4.cloudfront.net/duiyfppz/products/69e7909bd564aca1cb51ccad/gallery/ptrp7Jrhz/regular.jpg","","HellaPrints","","","","","","harvester","https://hellaprints.com/sea-otters-sandy-strip-scallop-shells-personalized-ocean-lover-gift-quilted-tote-bag?utm_source=pinterest&utm_medium=cpc&utm_campaign=pinterest_shopping"
"69e1f10dfe97b54b6d0f36c8","69e1f10dfe97b54b6d0f36c8","America 250th Anniversary 'Land of the Free' Flag - USA 1776-2026 Patriotic Heritage Spare Tire Cover","Spare Tire Cover - USA 250th Anniversary (1776-2026) featuring a bold '250' emblem and American flag patriotic art. The design showcases 'America Land of the Free Home of the Brave' script on a vintage parchment background with a traditional ornate star-spangled border. A meaningful pick for Independence Day celebrations, 4th of July events, and national pride gatherings. It makes a thoughtful gift for veterans, history enthusiasts, and proud Americans. Add colors and some special twists to your car's rear end with our custom Spare Tire Cover. Other than a decoration accessory for your car, this Spare Tire Cover is also handy to protect your spare tire in ready-to-use condition. Product Details: • Multi-Function: Decorate the car's exterior and protect your car's spare tire against sunlight, rain, mud, and other harsh weather conditions. • Material: Waterproofing UV-Resistant fabric (118gr/m2). The material is light, soft, water and dust-proof, durable, and easy to clean. The material is tested to meet the color fastness standard TCVN 5823:1994. • Drawcord closure: Strong and durable 100% polypropylene drawcord keeps the cover firmly in place and ensures a snug fit. • Easy installation: Spare Tire Cover is easy to install and remove. Wrap the cover over the tire and then secure it with a cord lock. • Various sizes: Fits different car tires (27, 28, 29, 30, 32, and 34 inches in diameter). Why You'll Love It: • Protects your spare tire from harsh weather. • Adds a custom look to your car quickly. • Lightweight, durable, and easy to install. Care Instructions: • Wipe clean with a soft damp cloth. • Do not bleach.","https://hellaprints.com/america-250th-anniversary-land-of-the-free-flag-usa-1776-2026-patriotic-heritage-spare-tire-cover","https://d2dytk4tvgwhb4.cloudfront.net/duiyfppz/products/69e1f10dfe97b54b6d0f36c8/no-hole/jNEas_GTmA/regular.jpg","34.95 USD","in stock","new","Home & Garden > Lawn & Garden > Outdoor Living > Garden Flags","Garden Flags","https://d2dytk4tvgwhb4.cloudfront.net/duiyfppz/products/69e1f10dfe97b54b6d0f36c8/gallery/Qv9qAJnKJP/regular.jpg,https://d2dytk4tvgwhb4.cloudfront.net/duiyfppz/products/69e1f10dfe97b54b6d0f36c8/gallery/Ndw_1VevKF/regular.jpg,https://d2dytk4tvgwhb4.cloudfront.net/duiyfppz/products/69e1f10dfe97b54b6d0f36c8/gallery/ekqN3LhMjl/regular.jpg,https://d2dytk4tvgwhb4.cloudfront.net/duiyfppz/products/69e1f10dfe97b54b6d0f36c8/gallery/cjoQFmeTKx/regular.jpg,https://d2dytk4tvgwhb4.cloudfront.net/duiyfppz/products/69e1f10dfe97b54b6d0f36c8/gallery/53UljOflZr/regular.jpg","","HellaPrints","","","","","","harvester","https://hellaprints.com/america-250th-anniversary-land-of-the-free-flag-usa-1776-2026-patriotic-heritage-spare-tire-cover?utm_source=pinterest&utm_medium=cpc&utm_campaign=pinterest_shopping"
"69e0bc6dd0594b1dafa24c84","69e0bc6dd0594b1dafa24c84","Continental Soldiers Patriotic 1776-2026 - USA 250th Anniversary Founding Spirit Garden Flag","Flag - USA 250th Anniversary (1776-2026) featuring Continental Soldiers and a patriotic American flag design. This seamless, edge-to-edge illustration embodies the Founding Spirit with resolute soldiers, battle scenes, and a colonial church. A great choice for Independence Day celebrations, patriotic gatherings, or honoring American history. A meaningful pick for veterans, history enthusiasts, fathers, and proud Americans. This garden flag can be a beautiful addition to your front yard, patios, and garden area. Product Details: • Material: 100% Polyester fabric – Durable, weather-resistant & UV/fade-resistant fabric that is suitable to use outdoors. • Double-side printing, suitable to display in an open space. • Durable and sturdy construction with two layers of fabric. • Easy installation with open-ended pole sleeve. • Size: 12x18 inches (30.48 cm x 45.72 cm), 28x40 inches (71.1x101.6 cm). • Pole Sleeve Width: Approx 3.75 cm (1.5 inches). It can fit a flag pole with a maximum diameter of 2.4 cm (approx. 0.9 inch). Why You'll Love It: • Personalized double-side printing – your design looks great from every angle. • UV & fade-resistant fabric keeps colors vibrant through sun, rain, and wind. • Two-layer construction for extra durability and a premium feel. • Easy to install – just slide onto any standard garden flag pole. • A thoughtful, one-of-a-kind gift for gardening lovers, homeowners, and anyone who takes pride in their outdoor space. Care Instructions: • Better wash by hand with cold water.","https://hellaprints.com/continental-soldiers-patriotic-1776-2026-usa-250th-anniversary-founding-spirit-garden-flag","https://d2dytk4tvgwhb4.cloudfront.net/duiyfppz/products/69e0bc6dd0594b1dafa24c84/gallery/AiOJdxcQmH/regular.jpg","27.95 USD","in stock","new","Home & Garden > Lawn & Garden > Outdoor Living > Garden Flags","Garden Flags","https://d2dytk4tvgwhb4.cloudfront.net/duiyfppz/products/69e0bc6dd0594b1dafa24c84/gallery/ejNK7boqFp/regular.jpg,https://d2dytk4tvgwhb4.cloudfront.net/duiyfppz/products/69e0bc6dd0594b1dafa24c84/gallery/Jl1E--bz8-/regular.jpg,https://d2dytk4tvgwhb4.cloudfront.net/duiyfppz/products/69e0bc6dd0594b1dafa24c84/gallery/YfTI_2HTvN/regular.jpg,https://d2dytk4tvgwhb4.cloudfront.net/duiyfppz/products/69e0bc6dd0594b1dafa24c84/gallery/fBQktod-ad/regular.jpg,https://d2dytk4tvgwhb4.cloudfront.net/duiyfppz/products/69e0bc6dd0594b1dafa24c84/gallery/MIHDChPMuf/regular.jpg","","HellaPrints","","","","","","harvester","https://hellaprints.com/continental-soldiers-patriotic-1776-2026-usa-250th-anniversary-founding-spirit-garden-flag?utm_source=pinterest&utm_medium=cpc&utm_campaign=pinterest_shopping"
"69d8d1406dd41f44c790d6ac","69d8d1406dd41f44c790d6ac","Declaration of Independence Founding Fathers 1776-2026 - USA 250th Anniversary Freedom Yard Sign","Yard Sign - USA 250th Anniversary (1776-2026) featuring the Declaration of Independence painting with founding fathers and an American flag. This national heritage design highlights '250 YEARS OF FREEDOM' text, a federal eagle, and patriotic star-spangled framing. A meaningful choice for Independence Day celebrations, 4th of July events, and national pride gatherings, appealing to veterans, history enthusiasts, fathers, and proud Americans. A yard sign is a great option to show your message, demonstrate your support and belief, promote business, display ads, or simply brighten your garden. It can be easily installed in the yard, hung on the wall, or held in your hand. You can also bring the sign to political campaign rallies, conventions, and political parties. Product Details: • Material: 4mm corrugated plastic sheets – Lightweight and durable, weatherproof and fade-resistant – It is perfect for outdoor usage. • Durable metal step-in yard stakes (10x15 inch or 10x24 inch) are included for easy installation into any lawn. • Double-sided printing – It is visible from all angles. • Size: 18x12 inches (45.72 cm x 30.48 cm), 24x18 inches (60.96 cm x 45.72 cm). Why You'll Love It: • With strong construction, this sign can resist strong winds and heavy rain. • Lightweight and suitable for carrying from site to site. • Versatile use – yard display, wall hanging, hand-held at events, rallies, and parties. • Weatherproof and fade-resistant for long-lasting outdoor display. • Easy installation with included metal stakes – no tools required. Care Instructions: • Wipe the dust off gently with a clean, dry cloth.","https://hellaprints.com/declaration-of-independence-founding-fathers-1776-2026-usa-250th-anniversary-freedom-yard-sign","https://d2dytk4tvgwhb4.cloudfront.net/duiyfppz/products/69d8d1406dd41f44c790d6ac/gallery/wA2My2b4J-/regular.jpg","30.95 USD","in stock","new","","","https://d2dytk4tvgwhb4.cloudfront.net/duiyfppz/products/69d8d1406dd41f44c790d6ac/gallery/O9PD2xa_zQ/regular.jpg,https://d2dytk4tvgwhb4.cloudfront.net/duiyfppz/products/69d8d1406dd41f44c790d6ac/gallery/6EJSF2YL8s/regular.jpg,https://d2dytk4tvgwhb4.cloudfront.net/duiyfppz/products/69d8d1406dd41f44c790d6ac/gallery/zKsCt4rjtn/regular.jpg,https://d2dytk4tvgwhb4.cloudfront.net/duiyfppz/products/69d8d1406dd41f44c790d6ac/gallery/4gw5FDaGeW/regular.jpg,https://d2dytk4tvgwhb4.cloudfront.net/duiyfppz/products/69d8d1406dd41f44c790d6ac/gallery/KWQ5uDITuv/regular.jpg","","HellaPrints","","","","","","harvester","https://hellaprints.com/declaration-of-independence-founding-fathers-1776-2026-usa-250th-anniversary-freedom-yard-sign?utm_source=pinterest&utm_medium=cpc&utm_campaign=pinterest_shopping"
"69d8b6556e37c74bd5b5a7f7","69d8b6556e37c74bd5b5a7f7","Brittany Spaniel Stained Glass Butterflies Daisies Lavender Meadow Dog Lover Gift Stained Glass Suncatcher","Suncatcher - Brittany Spaniel dog stained glass design featuring vibrant butterflies, pink daisies, and purple lavender in a detailed meadow scene. This intricate artwork captures the dog sitting upright amidst lush green foliage and rolling pastoral hills under a pastel sky. A meaningful pick for dog owner celebrations, nature-inspired gifts, or adding a glowing accent to any room. A thoughtful gift for fathers, mothers, and any Brittany Spaniel enthusiast. Bring vibrant color and dazzling light into your home with our beautifully crafted Stained Glass Suncatcher. Designed to captivate and built to last, this eye-catching, elegant piece will elevate any room and add a unique focal point to any interior. • Material: High-grade 0.5-cm thick glass with a unique texture for clarity and long-lasting durability. • Design: Combination of textured and smooth surfaces on both sides creates a mesmerizing interplay of light and color. • Prints: Vibrant, long-lasting prints protected by a special matte coating to resist fading from sunlight. • Durability: Reinforced zinc strips around the glass for extra strength and protection against impact. • Installation: Includes integrated hooks, a sleek black metal chain, and a suction cup for easy placement. • Sizes: Available in 3.5 inches, 4 inches, 6 inches, 7.8 inches, 9.8 inches, and 11.8 inches to suit any space. • Care: Easy-to-clean surface that stays looking fresh over time. • Packaging: Safe and secure foam packaging to ensure it arrives in pristine condition. Why You'll Love It: • Radiant color and light: lets sunlight pass through to create vivid, captivating color effects in any room. • Premium glass construction: made from high-grade 0.5-cm textured glass for clarity, strength, and a refined appearance. • Long-lasting prints: vibrant, fade-resistant prints protected by a matte coating to maintain their beauty over time. • Reinforced durability: zinc-edged framing adds extra protection against impact and improves overall longevity. • Easy installation: includes integrated hooks, a sleek black metal chain, and a suction cup for quick, flexible placement. • Thoughtful gift option: an elegant and artistic present suitable for birthdays, holidays, and special occasions. • Low-maintenance care: smooth, easy-to-clean surface that stays looking fresh with minimal effort. Care Instructions: • Avoid prolonged exposure to water and high temperatures.","https://hellaprints.com/brittany-spaniel-stained-glass-butterflies-daisies-lavender-meadow-dog-lover-gift-stained-glass-suncatcher","https://d2dytk4tvgwhb4.cloudfront.net/duiyfppz/products/69d8b6556e37c74bd5b5a7f7/gallery/PB7dBqH1_f/regular.jpg","24.95 USD","in stock","new","Home & Garden > Decor > Home Decor Accents > Suncatchers","Suncatchers","https://d2dytk4tvgwhb4.cloudfront.net/duiyfppz/products/69d8b6556e37c74bd5b5a7f7/gallery/Sys7XB_p8N/regular.jpg,https://d2dytk4tvgwhb4.cloudfront.net/duiyfppz/products/69d8b6556e37c74bd5b5a7f7/gallery/qdWlqgsGnH/regular.jpg,https://d2dytk4tvgwhb4.cloudfront.net/duiyfppz/products/69d8b6556e37c74bd5b5a7f7/gallery/gkmi43sREA/regular.jpg,https://d2dytk4tvgwhb4.cloudfront.net/duiyfppz/products/69d8b6556e37c74bd5b5a7f7/gallery/x3FIF9YPK0/regular.jpg","","HellaPrints","","","","","","harvester","https://hellaprints.com/brittany-spaniel-stained-glass-butterflies-daisies-lavender-meadow-dog-lover-gift-stained-glass-suncatcher?utm_source=pinterest&utm_medium=cpc&utm_campaign=pinterest_shopping"
"69d7d05118830b55b660e4e6","69d7d05118830b55b660e4e6","Ancient Weeping Willow Tree Sunset Stained Glass Art - Tranquil Water Nature Landscape Decor Stained Glass Suncatcher","Suncatcher - majestic weeping willow tree sunset landscape art showcasing an ancient gnarled willow by tranquil water. This detailed stained glass artwork features cascading green and golden leaves and a glowing sun reflecting across calm waters. It is a great choice for home decor, garden accents, or a thoughtful nature-inspired housewarming gift. A meaningful pick for nature lovers, garden enthusiasts, and those who appreciate unique stained glass art. Bring vibrant color and dazzling light into your home with our beautifully crafted Stained Glass Suncatcher. Designed to captivate and built to last, this eye-catching, elegant piece will elevate any room and add a unique focal point to any interior. • Material: High-grade 0.5-cm thick glass with a unique texture for clarity and long-lasting durability. • Design: Combination of textured and smooth surfaces on both sides creates a mesmerizing interplay of light and color. • Prints: Vibrant, long-lasting prints protected by a special matte coating to resist fading from sunlight. • Durability: Reinforced zinc strips around the glass for extra strength and protection against impact. • Installation: Includes integrated hooks, a sleek black metal chain, and a suction cup for easy placement. • Sizes: Available in 3.5 inches, 4 inches, 6 inches, 7.8 inches, 9.8 inches, and 11.8 inches to suit any space. • Care: Easy-to-clean surface that stays looking fresh over time. • Packaging: Safe and secure foam packaging to ensure it arrives in pristine condition. Why You'll Love It: • Radiant color and light: lets sunlight pass through to create vivid, captivating color effects in any room. • Premium glass construction: made from high-grade 0.5-cm textured glass for clarity, strength, and a refined appearance. • Long-lasting prints: vibrant, fade-resistant prints protected by a matte coating to maintain their beauty over time. • Reinforced durability: zinc-edged framing adds extra protection against impact and improves overall longevity. • Easy installation: includes integrated hooks, a sleek black metal chain, and a suction cup for quick, flexible placement. • Thoughtful gift option: an elegant and artistic present suitable for birthdays, holidays, and special occasions. • Low-maintenance care: smooth, easy-to-clean surface that stays looking fresh with minimal effort. Care Instructions: • Avoid prolonged exposure to water and high temperatures.","https://hellaprints.com/ancient-weeping-willow-tree-sunset-stained-glass-art-tranquil-water-nature-landscape-decor-stained-glass-suncatcher","https://d2dytk4tvgwhb4.cloudfront.net/duiyfppz/products/69d7d05118830b55b660e4e6/gallery/PnTU-f1O3X/regular.jpg","24.95 USD","in stock","new","Home & Garden > Decor > Home Decor Accents > Suncatchers","Suncatchers","https://d2dytk4tvgwhb4.cloudfront.net/duiyfppz/products/69d7d05118830b55b660e4e6/gallery/RcZxa-u4rd/regular.jpg,https://d2dytk4tvgwhb4.cloudfront.net/duiyfppz/products/69d7d05118830b55b660e4e6/gallery/CdkK5qlcxc/regular.jpg,https://d2dytk4tvgwhb4.cloudfront.net/duiyfppz/products/69d7d05118830b55b660e4e6/gallery/REjXo-76gK/regular.jpg,https://d2dytk4tvgwhb4.cloudfront.net/duiyfppz/products/69d7d05118830b55b660e4e6/gallery/qmMHWtOhnQ/regular.jpg","","HellaPrints","","","","","","harvester","https://hellaprints.com/ancient-weeping-willow-tree-sunset-stained-glass-art-tranquil-water-nature-landscape-decor-stained-glass-suncatcher?utm_source=pinterest&utm_medium=cpc&utm_campaign=pinterest_shopping"
"69b0db88cdd08952e8d89118","69b0db88cdd08952e8d89118","America 250th: Washington Lincoln Jefferson Franklin Flag Shades Peace Signs Engraving Men's Polo Shirt (Lightweight)","Commemorate America's 250th with this patriotic design honoring the Founding Fathers. Featuring Washington, Lincoln, Jefferson, and Franklin in an engraving style, the unique imagery showcases their distinctive flag shades and peace signs, blending history with a modern spirit. This visual narrative celebrates key figures from US History. Ideal for Independence Day celebrations or displaying your Patriotic pride all year. The inherent Flag Symbolism offers a meaningful way to engage with the America 250th anniversary. Honor 250 years of freedom and American heritage. Classy yet very comfortable to wear – That's what Polo Shirt can bring to you. Made from Bird-eye pique fabric, this polo shirt is perfect to keep you cool and dry all day. Product Details: • Material: Bird-eye pique fabric with 3-5% Spandex – Lightweight, breathable, moisture-wicking, stretchable quick-drying fabric that is comfortable to wear as a casual or activewear outfit. • Regular fit allows you to move freely and conveniently. • Pull-on closure with 3-button placket – Classic Polo style yet comfortable to put on and take off. • Double-stitch hems for durability. • Sublimation printing creates vibrant and clear prints on the fabric which won't come off. • Wide range of sizes: S to 5XL – Suitable for different body types. Why You'll Love It: • Versatile style – Works for both professional events and casual outings • All-day comfort – Breathable fabric keeps you cool and dry • Vibrant, lasting prints – Won't fade, crack, or peel after washing • Built to last – Double-stitch hems for durability • Perfect fit for everyone – Wide size range from S to 5XL Care Instructions: • Wash inside out. • Machine wash cold with like colors. • Gentle cycle. • Only non-chlorine bleach when needed. • Tumble dry low. • Cool iron if needed.","https://hellaprints.com/america-250th-washington-lincoln-jefferson-franklin-flag-shades-peace-signs-engraving-mens-polo-shirt-lightweight","https://d2dytk4tvgwhb4.cloudfront.net/duiyfppz/products/69b0db88cdd08952e8d89118/gallery/43j8exOyB8/regular.jpg","29.95 USD","in stock","new","Home & Garden > Lawn & Garden > Outdoor Living > Garden Flags","Garden Flags","https://d2dytk4tvgwhb4.cloudfront.net/duiyfppz/products/69b0db88cdd08952e8d89118/gallery/Xa58KYptbh/regular.jpg,https://d2dytk4tvgwhb4.cloudfront.net/duiyfppz/products/69b0db88cdd08952e8d89118/gallery/WXXxmW4rWi/regular.jpg,https://d2dytk4tvgwhb4.cloudfront.net/duiyfppz/products/69b0db88cdd08952e8d89118/gallery/nY2EWkdySq/regular.jpg,https://d2dytk4tvgwhb4.cloudfront.net/duiyfppz/products/69b0db88cdd08952e8d89118/gallery/2MkKdxqStU/regular.jpg,https://d2dytk4tvgwhb4.cloudfront.net/duiyfppz/products/69b0db88cdd08952e8d89118/gallery/xiFy9r_oIT/regular.jpg,https://d2dytk4tvgwhb4.cloudfront.net/duiyfppz/products/69b0db88cdd08952e8d89118/gallery/ZmfuCRk5GK/regular.jpg,https://d2dytk4tvgwhb4.cloudfront.net/duiyfppz/products/69b0db88cdd08952e8d89118/gallery/PahZte8a0l/regular.jpg,https://d2dytk4tvgwhb4.cloudfront.net/duiyfppz/products/69b0db88cdd08952e8d89118/gallery/YOIyahPvc4/regular.jpg","","HellaPrints","","","","","","harvester","https://hellaprints.com/america-250th-washington-lincoln-jefferson-franklin-flag-shades-peace-signs-engraving-mens-polo-shirt-lightweight?utm_source=pinterest&utm_medium=cpc&utm_campaign=pinterest_shopping"
"698017fe57ec34d27726864e","698017fe57ec34d27726864e","Schnauzer Dogs Tropical Beach Surf Van Umbrellas Palm Trees Sailboats Design Men's Polo Shirt (Lightweight)","Explore a Tropical Beach scene populated by Schnauzer Dogs. This design shows a continuous landscape with a Surf Van and multiple Beach Umbrellas. Palm Trees rise above ocean waves, sandy shores, and distant mountains, creating an interconnected vista. The design features Sailboats and is for individuals interested in beach environments and Schnauzer dogs. This content is suitable for casual outings or specific occasions. It is ready for various product applications. Classy yet very comfortable to wear – That's what Polo Shirt can bring to you. Made from Bird-eye pique fabric, this polo shirt is perfect to keep you cool and dry all day. Product Details: • Material: Bird-eye pique fabric with 3-5% Spandex – Lightweight, breathable, moisture-wicking, stretchable quick-drying fabric that is comfortable to wear as a casual or activewear outfit. • Regular fit allows you to move freely and conveniently. • Pull-on closure with 3-button placket – Classic Polo style yet comfortable to put on and take off. • Double-stitch hems for durability. • Sublimation printing creates vibrant and clear prints on the fabric which won't come off. • Wide range of sizes: S to 5XL – Suitable for different body types. Why You'll Love It: • Versatile style – Works for both professional events and casual outings • All-day comfort – Breathable fabric keeps you cool and dry • Vibrant, lasting prints – Won't fade, crack, or peel after washing • Built to last – Double-stitch hems for durability • Perfect fit for everyone – Wide size range from S to 5XL Care Instructions: • Wash inside out. • Machine wash cold with like colors. • Gentle cycle. • Only non-chlorine bleach when needed. • Tumble dry low. • Cool iron if needed.","https://hellaprints.com/schnauzer-dogs-tropical-beach-surf-van-umbrellas-palm-trees-sailboats-design-mens-polo-shirt-lightweight","https://d2dytk4tvgwhb4.cloudfront.net/duiyfppz/products/698017fe57ec34d27726864e/OShoO7aOCX/regular.jpg","29.95 USD","in stock","new","Apparel & Accessories > Clothing > Shirts & Tops","Shirts & Tops","https://d2dytk4tvgwhb4.cloudfront.net/duiyfppz/products/698017fe57ec34d27726864e/gallery/BMClevA7DV/regular.jpg,https://d2dytk4tvgwhb4.cloudfront.net/duiyfppz/products/698017fe57ec34d27726864e/gallery/ruSJp1KBux/regular.jpg,https://d2dytk4tvgwhb4.cloudfront.net/duiyfppz/products/698017fe57ec34d27726864e/gallery/f5ixQJNL5N/regular.jpg,https://d2dytk4tvgwhb4.cloudfront.net/duiyfppz/products/698017fe57ec34d27726864e/gallery/Q0xPBehCv2/regular.jpg,https://d2dytk4tvgwhb4.cloudfront.net/duiyfppz/products/698017fe57ec34d27726864e/gallery/HWJ7eG4lXf/regular.jpg","","HellaPrints","","","","","","harvester","https://hellaprints.com/schnauzer-dogs-tropical-beach-surf-van-umbrellas-palm-trees-sailboats-design-mens-polo-shirt-lightweight?utm_source=pinterest&utm_medium=cpc&utm_campaign=pinterest_shopping"
"6972f0cebd64cbaf759f7ecb","6972f0cebd64cbaf759f7ecb","Guitarist's Hawaiian Sunset: Hollow-Body Electric Acoustic Guitars Tropical Palms Short-sleeve Hawaiian Shirt","This design blends guitarist passion with a scenic Hawaiian Sunset setting. It features electric guitar and acoustic guitar forms, including a distinct hollow-body instrument. Tropical palms frame the scene, creating a rich visual for any music lover. This expressive visual appeals to every instrumentalist. For casual display or celebrating a musical identity, this design offers versatility. Show your love for guitars within a tropical setting. Elevate your summer wardrobe with our All-Over Print Hawaiian Collection. Whether you're heading to a tropical beach or just lounging at home, our Hawaiian shirts and shorts offer the perfect blend of casual style and modern comfort. Product Details: • Hawaiian Set (Shirt + Shorts): The ultimate summer combo! Includes a matching short-sleeve Hawaiian shirt and shorts for a coordinated, effortlessly stylish look. Both pieces feature 100% woven polyester fabric with advanced sublimation printing for vibrant, matching patterns. • Short-sleeve Hawaiian Shirt: A breezy summer essential with a classic Cuban collar and relaxed fit. Made from 100% woven polyester for durability, breathability, and wrinkle resistance. Features a casual button closure and open Cuban collar. • Hawaiian Shorts: Comfortable shorts with an elastic waistband and drawstring, perfect for active summer days. Made from 100% woven polyester, moisture-wicking and lightweight. Includes 2 side pockets for convenience. All pieces feature advanced sublimation printing for vibrant, long-lasting colors that won't fade. Why You'll Love It: • ☀️ Lightweight, breathable fabric to keep you cool in the heat. • ☀️ Effortless summer style with a relaxed, fashionable fit. • ☀️ Wrinkle-resistant and quick-drying—ideal for travel and vacations. • ☀️ Functional details like pockets on shorts and comfortable button closures on shirts. • ☀️ Custom all-over prints to showcase your unique personality. • ☀️ Mix and match or get the complete set for a coordinated look. Care Instructions: • Wash inside out. • Machine wash cold with like colors. • Gentle cycle. • Only non-chlorine bleach when needed. • Tumble dry low. • Cool iron if needed.","https://hellaprints.com/guitarists-hawaiian-sunset-hollow-body-electric-acoustic-guitars-tropical-palms-short-sleeve-hawaiian-shirt","https://d2dytk4tvgwhb4.cloudfront.net/duiyfppz/products/6972f0cebd64cbaf759f7ecb/set/NCwLGbnQDm/regular.jpg","29.95 USD","in stock","new","Apparel & Accessories > Clothing > Shirts & Tops","Shirts & Tops","https://d2dytk4tvgwhb4.cloudfront.net/duiyfppz/products/6972f0cebd64cbaf759f7ecb/set/abFIIvm8Hc/regular.jpg,https://d2dytk4tvgwhb4.cloudfront.net/duiyfppz/products/6972f0cebd64cbaf759f7ecb/set/Do7SFv6Az8/regular.jpg,https://d2dytk4tvgwhb4.cloudfront.net/duiyfppz/products/6972f0cebd64cbaf759f7ecb/set/aN114MR6Hm/regular.jpg,https://d2dytk4tvgwhb4.cloudfront.net/duiyfppz/products/6972f0cebd64cbaf759f7ecb/set/fmKtqFKF0o/regular.jpg,https://d2dytk4tvgwhb4.cloudfront.net/duiyfppz/products/6972f0cebd64cbaf759f7ecb/set/v2ebBMNS0Y/regular.jpg,https://d2dytk4tvgwhb4.cloudfront.net/duiyfppz/products/6972f0cebd64cbaf759f7ecb/gallery/felv2ACWDX/regular.jpg","","HellaPrints","","","","","","harvester","https://hellaprints.com/guitarists-hawaiian-sunset-hollow-body-electric-acoustic-guitars-tropical-palms-short-sleeve-hawaiian-shirt?utm_source=pinterest&utm_medium=cpc&utm_campaign=pinterest_shopping"
"695f68894e7bbd50652160b4","695f68894e7bbd50652160b4","Otter Lover's Whimsical Ocean Otters Scene: Cream, Seafoam & Teal Wearable Design Satin Short-Sleeve Pajamas Set","Embrace a delightful `whimsical vibe` with this enchanting design. Perfect for every `otter lover`, it brings a `playful mood` to life, featuring charming otters and abundant marine elements. A three-tone background blends soft cream, serene seafoam green, and deep muted teal. This captivating `ocean theme` design resonates with those seeking joy and unique style. Elevate your custom apparel with this cheerful `wearable design`, ideal for personal expression or a thoughtful gift. Designed for those who love both comfort and style, this All-over Print Satin Short-Sleeve Pajamas Set No Pocket is perfect for lounging, light activities, or enjoying a cozy night. Product Details: • Premium fabric: Made from 100% polyester satin, the fabric is soft, breathable, and naturally drapes beautifully. It’s gentle on the skin and keeps you cool and comfortable throughout the day or night. • Short-sleeve shirt: The pajama top features a short-sleeve, button-up design with elegant piping details along the collar, front placket, and cuffs. • No chest pocket, giving it a clean and modern look that enhances the overall silhouette. • Comfortable shorts: The matching shorts come with an elastic waistband and adjustable drawstring, allowing a comfortable, flexible fit for different body shapes. • Vibrant All-over Print: Advanced sublimation printing technology ensures vivid, long-lasting colors and crisp designs that won’t fade easily, even after multiple washes. • Elegant details: The delicate piping adds a subtle touch of sophistication Why You'll Love It: • 🎄 Silky-smooth satin feels luxurious and gentle on your skin all day and night • 🎄 Custom all-over print to showcase your unique personality and style • 🎄 Cool and breathable design - perfect for warm weather, summer nights, or year-round comfort • 🎄 Short sleeves and shorts provide maximum airflow while maintaining an elegant look • 🎄 Elegant piping details add a refined, premium touch to the overall design • 🎄 Versatile for lounging, light activities, or sleeping - comfortable for any occasion • 🎄 A perfect personalized gift for birthdays, holidays, or special celebrations Care Instructions: • Hand wash gently, avoid twisting or wringing. • Do not soak for too long or use strong detergents. • Avoid contact with sharp objects, jewelry, or rough surfaces to prevent snagging. • Hang to dry in a shaded area, avoid direct sunlight.","https://hellaprints.com/unisex-ocean-lovers-whimsical-sea-otter-pattern-satin-short-sleeve-pajamas-set","https://d2dytk4tvgwhb4.cloudfront.net/duiyfppz/products/695f68894e7bbd50652160b4/yEaAx3dXHf/regular.jpg","33.95 USD","in stock","new","","","https://d2dytk4tvgwhb4.cloudfront.net/duiyfppz/products/695f68894e7bbd50652160b4/gallery/fVZ3gQWM4m/regular.jpg,https://d2dytk4tvgwhb4.cloudfront.net/duiyfppz/products/695f68894e7bbd50652160b4/gallery/Ia9nQ6m2aS/regular.jpg,https://d2dytk4tvgwhb4.cloudfront.net/duiyfppz/products/695f68894e7bbd50652160b4/gallery/XE29prXQDc/regular.jpg,https://d2dytk4tvgwhb4.cloudfront.net/duiyfppz/products/695f68894e7bbd50652160b4/gallery/n-UX55ni8F/regular.jpg,https://d2dytk4tvgwhb4.cloudfront.net/duiyfppz/products/695f68894e7bbd50652160b4/gallery/-Q539VLupP/regular.jpg,https://d2dytk4tvgwhb4.cloudfront.net/duiyfppz/products/695f68894e7bbd50652160b4/gallery/RACDS7gQu_/regular.jpg,https://d2dytk4tvgwhb4.cloudfront.net/duiyfppz/products/695f68894e7bbd50652160b4/gallery/mtY9MEM4EW/regular.jpg","","HellaPrints","","","","","","harvester","https://hellaprints.com/unisex-ocean-lovers-whimsical-sea-otter-pattern-satin-short-sleeve-pajamas-set?utm_source=pinterest&utm_medium=cpc&utm_campaign=pinterest_shopping"
"695f14ea6e2ae840e1a9e05e","695f14ea6e2ae840e1a9e05e","Scorpio Woman's Satin Two-Piece Sleep Set: Gold Celestial Scorpion & Constellation Design Satin Short-Sleeve Pajamas Set","Unveil your celestial spirit with an exquisite garment celebrating the powerful Scorpio zodiac. This ornate design captures the deep allure of the night sky, blending astrological mystique with intricate artistry. It's a statement of personal identity, ideal for anyone drawn to the enigmatic beauty of the cosmos and their star sign. The seamless all-over pattern showcases scorpions in dynamic poses, interwoven with elegant crescent moons, sparkling star clusters, delicate constellations, and subtle astrological glyphs. The word 'SCORPIO' is integrated, depicted in a rich, aged metallic gold with tiny bright white accent stars against a deep black backdrop, reminiscent of vintage astrological charts. Crafted from 100% Polyester Satin, it offers a smooth, silky feel and lightweight comfort. This ensemble features a short-sleeve top with a convenient chest pocket, alongside matching bottoms equipped with an elastic waistband, black and white drawstring, and two practical side pockets. Elegant piping detail accentuates the collar, chest pocket, sleeve cuffs, and bottom hem, providing a refined finish. Perfect for lounging in luxurious comfort, this versatile set is an exquisite present for birthdays, summer celebrations, bachelorette gatherings, or tropical-themed events. Elevate your personal style or surprise a loved one with a unique expression of their zodiac power, an ideal choice for unwinding or stylish vacations. Designed for those who love both comfort and style, this All-over Print Satin Short-Sleeve Pajamas Set No Pocket is perfect for lounging, light activities, or enjoying a cozy night. Product Details: • Premium fabric: Made from 100% polyester satin, the fabric is soft, breathable, and naturally drapes beautifully. It’s gentle on the skin and keeps you cool and comfortable throughout the day or night. • Short-sleeve shirt: The pajama top features a short-sleeve, button-up design with elegant piping details along the collar, front placket, and cuffs. • No chest pocket, giving it a clean and modern look that enhances the overall silhouette. • Comfortable shorts: The matching shorts come with an elastic waistband and adjustable drawstring, allowing a comfortable, flexible fit for different body shapes. • Vibrant All-over Print: Advanced sublimation printing technology ensures vivid, long-lasting colors and crisp designs that won’t fade easily, even after multiple washes. • Elegant details: The delicate piping adds a subtle touch of sophistication Why You'll Love It: • 🎄 Silky-smooth satin feels luxurious and gentle on your skin all day and night • 🎄 Custom all-over print to showcase your unique personality and style • 🎄 Cool and breathable design - perfect for warm weather, summer nights, or year-round comfort • 🎄 Short sleeves and shorts provide maximum airflow while maintaining an elegant look • 🎄 Elegant piping details add a refined, premium touch to the overall design • 🎄 Versatile for lounging, light activities, or sleeping - comfortable for any occasion • 🎄 A perfect personalized gift for birthdays, holidays, or special celebrations Care Instructions: • Hand wash gently, avoid twisting or wringing. • Do not soak for too long or use strong detergents. • Avoid contact with sharp objects, jewelry, or rough surfaces to prevent snagging. • Hang to dry in a shaded area, avoid direct sunlight.","https://hellaprints.com/scorpio-womans-satin-two-piece-sleep-set-gold-celestial-scorpion-constellation-design-satin-short-sleeve-pajamas-set","https://d2dytk4tvgwhb4.cloudfront.net/duiyfppz/products/695f14ea6e2ae840e1a9e05e/55FLI8tbJR/regular.jpg","33.95 USD","in stock","new","","","https://d2dytk4tvgwhb4.cloudfront.net/duiyfppz/products/695f14ea6e2ae840e1a9e05e/gallery/G_UaMa6mmU/regular.jpg,https://d2dytk4tvgwhb4.cloudfront.net/duiyfppz/products/695f14ea6e2ae840e1a9e05e/gallery/cA8KXLXr4i/regular.jpg,https://d2dytk4tvgwhb4.cloudfront.net/duiyfppz/products/695f14ea6e2ae840e1a9e05e/gallery/n2ruLTJpUN/regular.jpg,https://d2dytk4tvgwhb4.cloudfront.net/duiyfppz/products/695f14ea6e2ae840e1a9e05e/gallery/lk1v0hGDN-/regular.jpg,https://d2dytk4tvgwhb4.cloudfront.net/duiyfppz/products/695f14ea6e2ae840e1a9e05e/gallery/TyXE7Qqj7Z/regular.jpg,https://d2dytk4tvgwhb4.cloudfront.net/duiyfppz/products/695f14ea6e2ae840e1a9e05e/gallery/7bgqmg2Ilx/regular.jpg,https://d2dytk4tvgwhb4.cloudfront.net/duiyfppz/products/695f14ea6e2ae840e1a9e05e/gallery/CW6AS0e5oc/regular.jpg","","HellaPrints","","","","","","harvester","https://hellaprints.com/scorpio-womans-satin-two-piece-sleep-set-gold-celestial-scorpion-constellation-design-satin-short-sleeve-pajamas-set?utm_source=pinterest&utm_medium=cpc&utm_campaign=pinterest_shopping"
"695b25a3e1afeb1ec51321a2","695b25a3e1afeb1ec51321a2","Game Day Enthusiasts' Playful Brown Footballs Muted Teal Grid Star Goalpost Pattern Kid Satin Pajamas Set","Prepare your little champion for a season of fun with a design that brings the excitement of the football field right to them. This unique two-piece sleepwear features a playful all-over pattern of illustrative brown American footballs, complete with crisp white laces, scattered across a muted teal-green background. It’s perfect for capturing the spirit of game day or simply showing a love for the sport. Adding depth to the vibrant print, the background is subtly overlaid with an abstract grid of off-white lines, evoking simplified football field markings, alongside scattered dark indigo-brown stars and small, stylized dark brown goalpost icons. Crafted from an ultra-soft blend of 95% bamboo viscose and 5% spandex, this flexible two-piece offers exceptional comfort, breathability, and gentle hypoallergenic properties for sensitive skin. Designed for babies, toddlers, and kids, its unisex style ensures freedom of movement for both boys and girls, whether they're playing, lounging, cheering on their team, or winding down after a long day during the fall football season. The lightweight fabric guarantees coziness and comfort throughout the day or night. Embrace game day spirit or simply enjoy unmatched comfort with this football-themed sleepwear. Its durable, soft, and stretchy material makes it an ideal addition for any little fan's wardrobe, providing both style and ease for everyday wear. Let your little ones enjoy bedtime in comfort and style with this All-over Print Kid Satin Pajamas Set Without Pocket. Soft, glossy, and lightweight, it's thoughtfully made to keep little ones relaxed through every moment from bedtime to playing around the house. Product Details: • Premium Fabric: Crafted from 100% Polyester Satin, the fabric features a smooth, lustrous surface with a soft touch and natural drape. It feels gentle on the skin and offers great breathability, helping kids stay cool and cozy all night long. • Long-Sleeve Top: The button-up pajama shirt without a chest pocket gives a neat, modern look. • Full-Length Pants: The matching pants feature an elastic waistband, black and white drawstring, and 2 side pockets, offering a comfortable, adjustable fit that moves with every step. • Refined Touches: Piping details around the collar, cuffs, and pant hems enhance the overall look and give the set a premium feel. • Made with sublimation printing, your custom designs appear in bright, durable colors that won't fade. Why You'll Love It: • 🎄 Silky-soft satin feels luxurious and gentle on delicate skin • 🎄 Custom all-over print lets kids express their unique personality and interests • 🎄 Breathable fabric keeps little ones cool and comfortable throughout the night • 🎄 Convenient side pockets for storing small treasures or bedtime essentials • 🎄 Elegant piping details add a premium, polished look kids will love to show off • 🎄 Adjustable drawstring ensures a perfect fit as they grow • 🎄 Durable sublimation printing stays bright and vibrant wash after wash • 🎄 A thoughtful, personalized gift perfect for birthdays, holidays, or special occasions Care Instructions: • Wash inside out. • Machine wash cold with like colors. • Gentle cycle. • Keep away from sharp or rough objects to prevent scratches. • Tumble dry low. • Cool iron if needed.","https://hellaprints.com/game-day-enthusiasts-playful-brown-footballs-muted-teal-grid-star-goalpost-pattern-kid-satin-pajamas-set","https://d2dytk4tvgwhb4.cloudfront.net/duiyfppz/products/695b25a3e1afeb1ec51321a2/MnoDsb7BbF/regular.jpg","30.95 USD","in stock","new","","","https://d2dytk4tvgwhb4.cloudfront.net/duiyfppz/products/695b25a3e1afeb1ec51321a2/gallery/n3AzUIciGw/regular.jpg,https://d2dytk4tvgwhb4.cloudfront.net/duiyfppz/products/695b25a3e1afeb1ec51321a2/gallery/hj4h9qmveu/regular.jpg,https://d2dytk4tvgwhb4.cloudfront.net/duiyfppz/products/695b25a3e1afeb1ec51321a2/gallery/dWbhmVI5ys/regular.jpg,https://d2dytk4tvgwhb4.cloudfront.net/duiyfppz/products/695b25a3e1afeb1ec51321a2/gallery/bSJNfG9qeG/regular.jpg,https://d2dytk4tvgwhb4.cloudfront.net/duiyfppz/products/695b25a3e1afeb1ec51321a2/gallery/XNkdKNqbgB/regular.jpg,https://d2dytk4tvgwhb4.cloudfront.net/duiyfppz/products/695b25a3e1afeb1ec51321a2/gallery/qyqxq1T8Ac/regular.jpg,https://d2dytk4tvgwhb4.cloudfront.net/duiyfppz/products/695b25a3e1afeb1ec51321a2/gallery/LPRKSYzOua/regular.jpg,https://d2dytk4tvgwhb4.cloudfront.net/duiyfppz/products/695b25a3e1afeb1ec51321a2/gallery/8UF3VrKQyW/regular.jpg","","HellaPrints","","","","","","harvester","https://hellaprints.com/game-day-enthusiasts-playful-brown-footballs-muted-teal-grid-star-goalpost-pattern-kid-satin-pajamas-set?utm_source=pinterest&utm_medium=cpc&utm_campaign=pinterest_shopping"
"695b2304cdb09647300ad782","695b2304cdb09647300ad782","Pancakes & Pyjamas Party Sleepwear: Whimsical Golden Pancake Confetti Pattern Set Kid Satin Pajamas Set","Step into a world of cozy charm with this delightful design, perfectly capturing the spirit of a 'Pancakes and Pyjamas' celebration. This whimsical pattern brings together the joy of breakfast treats and relaxed slumber parties, making every moment feel special. Adorned with a vibrant all-over print, this design features whimsical cartoon illustrations on a cheerful white background, accented with scattered pink, light blue, and yellow confetti dots. You'll discover repeating elements of golden pancake stacks, amber syrup, butter pats, and charming 'Maple YUM!' syrup bottles, alongside playful forks, knives, whisks, and spatulas. The phrase 'Pancakes and Pajamas' (or 'Pyjamas') dances across the pattern in lively pink and light blue typography, framed by decorative black curly brackets, all rendered in a clean, flat pastel palette. It’s perfect for slumber parties, pancake breakfasts, family loungewear, or any occasion that calls for sweet dreams and playful comfort. Embrace a sense of fun and comfort with this unique pattern that celebrates delicious moments and cozy togetherness. This design is ideal for anyone looking to add a touch of cheerful whimsy to their sleepwear or loungewear collection, making everyday relaxation an enjoyable experience. Let your little ones enjoy bedtime in comfort and style with this All-over Print Kid Satin Pajamas Set Without Pocket. Soft, glossy, and lightweight, it's thoughtfully made to keep little ones relaxed through every moment from bedtime to playing around the house. Product Details: • Premium Fabric: Crafted from 100% Polyester Satin, the fabric features a smooth, lustrous surface with a soft touch and natural drape. It feels gentle on the skin and offers great breathability, helping kids stay cool and cozy all night long. • Long-Sleeve Top: The button-up pajama shirt without a chest pocket gives a neat, modern look. • Full-Length Pants: The matching pants feature an elastic waistband, black and white drawstring, and 2 side pockets, offering a comfortable, adjustable fit that moves with every step. • Refined Touches: Piping details around the collar, cuffs, and pant hems enhance the overall look and give the set a premium feel. • Made with sublimation printing, your custom designs appear in bright, durable colors that won't fade. Why You'll Love It: • 🎄 Silky-soft satin feels luxurious and gentle on delicate skin • 🎄 Custom all-over print lets kids express their unique personality and interests • 🎄 Breathable fabric keeps little ones cool and comfortable throughout the night • 🎄 Convenient side pockets for storing small treasures or bedtime essentials • 🎄 Elegant piping details add a premium, polished look kids will love to show off • 🎄 Adjustable drawstring ensures a perfect fit as they grow • 🎄 Durable sublimation printing stays bright and vibrant wash after wash • 🎄 A thoughtful, personalized gift perfect for birthdays, holidays, or special occasions Care Instructions: • Wash inside out. • Machine wash cold with like colors. • Gentle cycle. • Keep away from sharp or rough objects to prevent scratches. • Tumble dry low. • Cool iron if needed.","https://hellaprints.com/pancakes-pyjamas-party-sleepwear-whimsical-golden-pancake-confetti-pattern-set-kid-satin-pajamas-set","https://d2dytk4tvgwhb4.cloudfront.net/duiyfppz/products/695b2304cdb09647300ad782/nl342VHNMR/regular.jpg","30.95 USD","in stock","new","","","https://d2dytk4tvgwhb4.cloudfront.net/duiyfppz/products/695b2304cdb09647300ad782/gallery/zRYnfEIHvf/regular.jpg,https://d2dytk4tvgwhb4.cloudfront.net/duiyfppz/products/695b2304cdb09647300ad782/gallery/AEwrV8JNbX/regular.jpg,https://d2dytk4tvgwhb4.cloudfront.net/duiyfppz/products/695b2304cdb09647300ad782/gallery/0Co6SrTmKG/regular.jpg,https://d2dytk4tvgwhb4.cloudfront.net/duiyfppz/products/695b2304cdb09647300ad782/gallery/JI_kDezCwQ/regular.jpg,https://d2dytk4tvgwhb4.cloudfront.net/duiyfppz/products/695b2304cdb09647300ad782/gallery/Bk8XE3an87/regular.jpg,https://d2dytk4tvgwhb4.cloudfront.net/duiyfppz/products/695b2304cdb09647300ad782/gallery/M8p73CeSB2/regular.jpg,https://d2dytk4tvgwhb4.cloudfront.net/duiyfppz/products/695b2304cdb09647300ad782/gallery/DX0vrlGABj/regular.jpg,https://d2dytk4tvgwhb4.cloudfront.net/duiyfppz/products/695b2304cdb09647300ad782/gallery/1acG3SKpfw/regular.jpg","","HellaPrints","","","","","","harvester","https://hellaprints.com/pancakes-pyjamas-party-sleepwear-whimsical-golden-pancake-confetti-pattern-set-kid-satin-pajamas-set?utm_source=pinterest&utm_medium=cpc&utm_campaign=pinterest_shopping"
"693fc9d2279d93618f894a3e","693fc9d2279d93618f894a3e","Farmhouse Highland Cow Pajamas: Fluffy Watercolor Floral Farm Animal Sleep Set Satin Pajamas Set","Indulge in comfort and effortless elegance with our All-Over Print Satin Pajamas Set (No Pocket). Crafted for silky softness and a sleek, modern look, this set is perfect for peaceful nights and relaxed mornings. Product Details: • 100% polyester satin for a smooth, lightweight, and breathable feel • Long-sleeve button-up shirt with a classic, polished silhouette • Full-length pants with elastic waistband and adjustable drawstring for a flexible, comfortable fit • Delicate piping along the collar, sleeve cuffs, and pant hems for an elevated, refined finish • No pockets for a clean, streamlined look Featuring all-over print customization and a luxurious satin finish, this pajama set is more than sleepwear — it’s a statement of style and everyday comfort. Perfect for gifting or treating yourself. Why You'll Love It: • 🎄 Silky-smooth satin feels soft and gentle on your skin • 🎄 Custom all-over print to showcase your unique style • 🎄 Relaxed, comfortable fit designed for all-night wear • 🎄 Elegant piping details for a refined, premium look • 🎄 A perfect gift for birthdays, holidays, or special occasions Care Instructions: • Wash inside out • Machine wash cold with like colors using gentle cycle • Use only non-chlorine bleach when needed • Tumble dry low • Cool iron if needed","https://hellaprints.com/farmhouse-highland-cow-pajamas-fluffy-watercolor-floral-farm-animal-sleep-set-satin-pajamas-set","https://d2dytk4tvgwhb4.cloudfront.net/duiyfppz/products/693fc9d2279d93618f894a3e/-3cYx_yjcc/regular.jpg","34.95 USD","in stock","new","","","https://d2dytk4tvgwhb4.cloudfront.net/duiyfppz/products/693fc9d2279d93618f894a3e/gallery/QT-5f8ddeJ/regular.jpg,https://d2dytk4tvgwhb4.cloudfront.net/duiyfppz/products/693fc9d2279d93618f894a3e/gallery/g4yuFjncTi/regular.jpg,https://d2dytk4tvgwhb4.cloudfront.net/duiyfppz/products/693fc9d2279d93618f894a3e/gallery/t136XM16Zd/regular.jpg,https://d2dytk4tvgwhb4.cloudfront.net/duiyfppz/products/693fc9d2279d93618f894a3e/gallery/degjjbCsRj/regular.jpg,https://d2dytk4tvgwhb4.cloudfront.net/duiyfppz/products/693fc9d2279d93618f894a3e/gallery/GxkzlsazVo/regular.jpg,https://d2dytk4tvgwhb4.cloudfront.net/duiyfppz/products/693fc9d2279d93618f894a3e/gallery/vOAnuwYbio/regular.jpg","","HellaPrints","","","","","","harvester","https://hellaprints.com/farmhouse-highland-cow-pajamas-fluffy-watercolor-floral-farm-animal-sleep-set-satin-pajamas-set?utm_source=pinterest&utm_medium=cpc&utm_campaign=pinterest_shopping"
"693a47a99529ed8f95b930c9","693a47a99529ed8f95b930c9","Dog Lovers' Majestic German Shepherd Feathered Wings Gold Tan Brown Tiffany Glass Art Mosaic Stained Glass Suncatcher","Bring vibrant color and dazzling light into your home with our beautifully crafted Stained Glass Suncatcher. Designed to captivate and built to last, this eye-catching, elegant piece will elevate any room and add a unique focal point to any interior. • Material: High-grade 0.5-cm thick glass with a unique texture for clarity and long-lasting durability. • Design: Combination of textured and smooth surfaces on both sides creates a mesmerizing interplay of light and color. • Prints: Vibrant, long-lasting prints protected by a special matte coating to resist fading from sunlight. • Durability: Reinforced zinc strips around the glass for extra strength and protection against impact. • Installation: Includes integrated hooks, a sleek black metal chain, and a suction cup for easy placement. • Sizes: Available in 3.5 inches, 4 inches, 6 inches, 7.8 inches, 9.8 inches, and 11.8 inches to suit any space. • Care: Easy-to-clean surface that stays looking fresh over time. • Packaging: Safe and secure foam packaging to ensure it arrives in pristine condition. Why You'll Love It: • Radiant color and light: lets sunlight pass through to create vivid, captivating color effects in any room. • Premium glass construction: made from high-grade 0.5-cm textured glass for clarity, strength, and a refined appearance. • Long-lasting prints: vibrant, fade-resistant prints protected by a matte coating to maintain their beauty over time. • Reinforced durability: zinc-edged framing adds extra protection against impact and improves overall longevity. • Easy installation: includes integrated hooks, a sleek black metal chain, and a suction cup for quick, flexible placement. • Thoughtful gift option: an elegant and artistic present suitable for birthdays, holidays, and special occasions. • Low-maintenance care: smooth, easy-to-clean surface that stays looking fresh with minimal effort. Care Instructions: • Avoid prolonged exposure to water and high temperatures.","https://hellaprints.com/dog-lovers-majestic-german-shepherd-feathered-wings-gold-tan-brown-tiffany-glass-art-mosaic-stained-glass-suncatcher","https://d2dytk4tvgwhb4.cloudfront.net/duiyfppz/products/693a47a99529ed8f95b930c9/RsjEL0gRoC/regular.jpg","24.95 USD","in stock","new","Home & Garden > Decor > Home Decor Accents > Suncatchers","Suncatchers","https://d2dytk4tvgwhb4.cloudfront.net/duiyfppz/products/693a47a99529ed8f95b930c9/gallery/rX2FVd2r44/regular.jpg","","HellaPrints","","","","","","harvester","https://hellaprints.com/dog-lovers-majestic-german-shepherd-feathered-wings-gold-tan-brown-tiffany-glass-art-mosaic-stained-glass-suncatcher?utm_source=pinterest&utm_medium=cpc&utm_campaign=pinterest_shopping"
